target,field,value,note
CMS-2026-1916-0937,summary,"The American Holistic Nurses Credentialing Corporation urges CMS to finalize national payment for health and well-being coaching CPT codes, which does not concern the state directed payment rule.",off-topic
CMS-2026-1916-0937,filing_note,appears to address a different rulemaking (national payment for health and well-being coaching CPT codes 0591T-0593T),off-topic
CMS-2026-1916-0941,summary,"The American Holistic Nurses Association strongly supports CMS's proposal to establish national payment for health and well-being coaching CPT codes 0591T-0593T, which does not concern the state directed payment rule.",off-topic
CMS-2026-1916-0941,filing_note,appears to address a different rulemaking (national payment for health and well-being coaching CPT codes 0591T-0593T),off-topic
CMS-2026-1916-0851,summary,"The International Nurse Coaching Association strongly supports CMS's proposal to establish national payment for health and well-being coaching CPT codes 0591T-0593T, which does not concern the state directed payment rule.",off-topic
CMS-2026-1916-0851,filing_note,appears to address a different rulemaking (national payment for health and well-being coaching CPT codes 0591T-0593T),off-topic
CMS-2026-1916-0816,summary,"Commenter submitted no comment text and no attachment, so the position cannot be determined.",no content
CMS-2026-1916-0002,position,oppose,reviewed
CMS-2026-1916-0003,position,support,reviewed
CMS-2026-1916-0004,position,oppose,reviewed
CMS-2026-1916-0005,position,request for changes,reviewed
CMS-2026-1916-0006,position,oppose,reviewed
CMS-2026-1916-0007,position,oppose,reviewed
CMS-2026-1916-0008,position,oppose,reviewed
CMS-2026-1916-0009,position,oppose,reviewed
CMS-2026-1916-0010,position,oppose,reviewed
CMS-2026-1916-0011,position,oppose,reviewed
CMS-2026-1916-0012,position,oppose,reviewed
CMS-2026-1916-0014,position,oppose,reviewed
CMS-2026-1916-0015,position,request for changes,reviewed
CMS-2026-1916-0017,position,support,reviewed
CMS-2026-1916-0018,position,oppose,reviewed
CMS-2026-1916-0019,position,request for changes,reviewed
CMS-2026-1916-0020,position,oppose,reviewed
CMS-2026-1916-0021,position,oppose,reviewed
CMS-2026-1916-0022,position,oppose,reviewed
CMS-2026-1916-0023,position,oppose,reviewed
CMS-2026-1916-0024,position,oppose,reviewed
CMS-2026-1916-0025,position,oppose,reviewed
CMS-2026-1916-0027,position,oppose,reviewed
CMS-2026-1916-0028,position,request for changes,reviewed
CMS-2026-1916-0029,position,oppose,reviewed
CMS-2026-1916-0030,position,oppose,reviewed
CMS-2026-1916-0031,position,unclear / off-topic,reviewed
CMS-2026-1916-0032,position,oppose,reviewed
CMS-2026-1916-0033,position,oppose,reviewed
CMS-2026-1916-0034,position,oppose,reviewed
CMS-2026-1916-0035,position,request for changes,reviewed
CMS-2026-1916-0036,position,oppose,reviewed
CMS-2026-1916-0037,position,oppose,reviewed
CMS-2026-1916-0038,position,oppose,reviewed
CMS-2026-1916-0039,position,oppose,reviewed
CMS-2026-1916-0040,position,request for changes,reviewed
CMS-2026-1916-0041,position,oppose,reviewed
CMS-2026-1916-0042,position,oppose,reviewed
CMS-2026-1916-0043,position,oppose,reviewed
CMS-2026-1916-0044,position,oppose,reviewed
CMS-2026-1916-0045,position,oppose,reviewed
CMS-2026-1916-0046,position,oppose,reviewed
CMS-2026-1916-0047,position,unclear / off-topic,reviewed
CMS-2026-1916-0048,position,support,reviewed
CMS-2026-1916-0051,position,oppose,reviewed
CMS-2026-1916-0052,position,request for changes,reviewed
CMS-2026-1916-0058,position,request for changes,reviewed
CMS-2026-1916-0059,position,oppose,reviewed
CMS-2026-1916-0060,position,oppose,reviewed
CMS-2026-1916-0063,position,request for changes,reviewed
CMS-2026-1916-0064,position,request for changes,reviewed
CMS-2026-1916-0065,position,request for changes,reviewed
CMS-2026-1916-0066,position,request for changes,reviewed
CMS-2026-1916-0067,position,oppose,reviewed
CMS-2026-1916-0069,position,oppose,reviewed
CMS-2026-1916-0073,position,support,reviewed
CMS-2026-1916-0075,position,oppose,reviewed
CMS-2026-1916-0076,position,support,reviewed
CMS-2026-1916-0077,position,request for changes,reviewed
CMS-2026-1916-0078,position,oppose,reviewed
CMS-2026-1916-0080,position,oppose,reviewed
CMS-2026-1916-0081,position,request for changes,reviewed
CMS-2026-1916-0084,position,oppose,reviewed
CMS-2026-1916-0091,position,oppose,reviewed
CMS-2026-1916-0094,position,request for changes,reviewed
CMS-2026-1916-0095,position,request for changes,reviewed
CMS-2026-1916-0096,position,request for changes,reviewed
CMS-2026-1916-0101,position,support,reviewed
CMS-2026-1916-0104,position,support,reviewed
CMS-2026-1916-0106,position,mixed,reviewed
CMS-2026-1916-0108,position,oppose,reviewed
CMS-2026-1916-0109,position,oppose,reviewed
CMS-2026-1916-0110,position,oppose,reviewed
CMS-2026-1916-0112,position,request for changes,reviewed
CMS-2026-1916-0113,position,oppose,reviewed
CMS-2026-1916-0114,position,oppose,reviewed
CMS-2026-1916-0115,position,oppose,reviewed
CMS-2026-1916-0116,position,oppose,reviewed
CMS-2026-1916-0117,position,support,reviewed
CMS-2026-1916-0118,position,oppose,reviewed
CMS-2026-1916-0121,position,oppose,reviewed
CMS-2026-1916-0122,position,oppose,reviewed
CMS-2026-1916-0123,position,oppose,reviewed
CMS-2026-1916-0124,position,oppose,reviewed
CMS-2026-1916-0125,position,oppose,reviewed
CMS-2026-1916-0126,position,oppose,reviewed
CMS-2026-1916-0127,position,request for changes,reviewed
CMS-2026-1916-0128,position,oppose,reviewed
CMS-2026-1916-0129,position,mixed,reviewed
CMS-2026-1916-0130,position,request for changes,reviewed
CMS-2026-1916-0131,position,oppose,reviewed
CMS-2026-1916-0132,position,oppose,reviewed
CMS-2026-1916-0133,position,oppose,reviewed
CMS-2026-1916-0134,position,request for changes,reviewed
CMS-2026-1916-0135,position,oppose,reviewed
CMS-2026-1916-0136,position,oppose,reviewed
CMS-2026-1916-0137,position,oppose,reviewed
CMS-2026-1916-0139,position,unclear / off-topic,reviewed
CMS-2026-1916-0140,position,request for changes,reviewed
CMS-2026-1916-0141,position,oppose,reviewed
CMS-2026-1916-0142,position,request for changes,reviewed
CMS-2026-1916-0148,position,request for changes,reviewed
CMS-2026-1916-0149,position,oppose,reviewed
CMS-2026-1916-0151,position,mixed,reviewed
CMS-2026-1916-0153,position,oppose,reviewed
CMS-2026-1916-0154,position,request for changes,reviewed
CMS-2026-1916-0156,position,oppose,reviewed
CMS-2026-1916-0157,position,oppose,reviewed
CMS-2026-1916-0158,position,oppose,reviewed
CMS-2026-1916-0160,position,oppose,reviewed
CMS-2026-1916-0162,position,oppose,reviewed
CMS-2026-1916-0163,position,oppose,reviewed
CMS-2026-1916-0164,position,oppose,reviewed
CMS-2026-1916-0166,position,oppose,reviewed
CMS-2026-1916-0168,position,oppose,reviewed
CMS-2026-1916-0169,position,unclear / off-topic,reviewed
CMS-2026-1916-0170,position,oppose,reviewed
CMS-2026-1916-0171,position,oppose,reviewed
CMS-2026-1916-0173,position,request for changes,reviewed
CMS-2026-1916-0174,position,request for changes,reviewed
CMS-2026-1916-0175,position,oppose,reviewed
CMS-2026-1916-0177,position,oppose,reviewed
CMS-2026-1916-0178,position,oppose,reviewed
CMS-2026-1916-0180,position,oppose,reviewed
CMS-2026-1916-0182,position,request for changes,reviewed
CMS-2026-1916-0183,position,oppose,reviewed
CMS-2026-1916-0188,position,oppose,reviewed
CMS-2026-1916-0189,position,unclear / off-topic,reviewed
CMS-2026-1916-0190,position,oppose,reviewed
CMS-2026-1916-0191,position,oppose,reviewed
CMS-2026-1916-0192,position,oppose,reviewed
CMS-2026-1916-0193,position,oppose,reviewed
CMS-2026-1916-0196,position,oppose,reviewed
CMS-2026-1916-0199,position,oppose,reviewed
CMS-2026-1916-0200,position,oppose,reviewed
CMS-2026-1916-0202,position,oppose,reviewed
CMS-2026-1916-0203,position,oppose,reviewed
CMS-2026-1916-0204,position,request for changes,reviewed
CMS-2026-1916-0206,position,oppose,reviewed
CMS-2026-1916-0208,position,request for changes,reviewed
CMS-2026-1916-0209,position,request for changes,reviewed
CMS-2026-1916-0211,position,request for changes,reviewed
CMS-2026-1916-0212,position,request for changes,reviewed
CMS-2026-1916-0214,position,oppose,reviewed
CMS-2026-1916-0215,position,oppose,reviewed
CMS-2026-1916-0216,position,oppose,reviewed
CMS-2026-1916-0218,position,oppose,reviewed
CMS-2026-1916-0219,position,request for changes,reviewed
CMS-2026-1916-0221,position,request for changes,reviewed
CMS-2026-1916-0222,position,request for changes,reviewed
CMS-2026-1916-0224,position,oppose,reviewed
CMS-2026-1916-0225,position,oppose,reviewed
CMS-2026-1916-0226,position,oppose,reviewed
CMS-2026-1916-0227,position,oppose,reviewed
CMS-2026-1916-0228,position,request for changes,reviewed
CMS-2026-1916-0230,position,oppose,reviewed
CMS-2026-1916-0231,position,oppose,reviewed
CMS-2026-1916-0233,position,request for changes,reviewed
CMS-2026-1916-0235,position,request for changes,reviewed
CMS-2026-1916-0237,position,request for changes,reviewed
CMS-2026-1916-0238,position,oppose,reviewed
CMS-2026-1916-0239,position,oppose,reviewed
CMS-2026-1916-0240,position,oppose,reviewed
CMS-2026-1916-0241,position,request for changes,reviewed
CMS-2026-1916-0242,position,oppose,reviewed
CMS-2026-1916-0243,position,oppose,reviewed
CMS-2026-1916-0244,position,request for changes,reviewed
CMS-2026-1916-0245,position,unclear / off-topic,reviewed
CMS-2026-1916-0246,position,request for changes,reviewed
CMS-2026-1916-0247,position,oppose,reviewed
CMS-2026-1916-0248,position,oppose,reviewed
CMS-2026-1916-0249,position,request for changes,reviewed
CMS-2026-1916-0250,position,oppose,reviewed
CMS-2026-1916-0252,position,oppose,reviewed
CMS-2026-1916-0253,position,request for changes,reviewed
CMS-2026-1916-0254,position,request for changes,reviewed
CMS-2026-1916-0255,position,mixed,reviewed
CMS-2026-1916-0257,position,request for changes,reviewed
CMS-2026-1916-0258,position,request for changes,reviewed
CMS-2026-1916-0259,position,oppose,reviewed
CMS-2026-1916-0261,position,request for changes,reviewed
CMS-2026-1916-0262,position,request for changes,reviewed
CMS-2026-1916-0264,position,request for changes,reviewed
CMS-2026-1916-0265,position,oppose,reviewed
CMS-2026-1916-0266,position,request for changes,reviewed
CMS-2026-1916-0267,position,request for changes,reviewed
CMS-2026-1916-0268,position,oppose,reviewed
CMS-2026-1916-0269,position,request for changes,reviewed
CMS-2026-1916-0271,position,request for changes,reviewed
CMS-2026-1916-0272,position,oppose,reviewed
CMS-2026-1916-0274,position,request for changes,reviewed
CMS-2026-1916-0275,position,request for changes,reviewed
CMS-2026-1916-0276,position,request for changes,reviewed
CMS-2026-1916-0277,position,oppose,reviewed
CMS-2026-1916-0279,position,oppose,reviewed
CMS-2026-1916-0280,position,request for changes,reviewed
CMS-2026-1916-0281,position,request for changes,reviewed
CMS-2026-1916-0282,position,request for changes,reviewed
CMS-2026-1916-0284,position,request for changes,reviewed
CMS-2026-1916-0285,position,request for changes,reviewed
CMS-2026-1916-0286,position,oppose,reviewed
CMS-2026-1916-0288,position,request for changes,reviewed
CMS-2026-1916-0289,position,request for changes,reviewed
CMS-2026-1916-0290,position,oppose,reviewed
CMS-2026-1916-0291,position,oppose,reviewed
CMS-2026-1916-0292,position,request for changes,reviewed
CMS-2026-1916-0293,position,request for changes,reviewed
CMS-2026-1916-0294,position,oppose,reviewed
CMS-2026-1916-0296,position,request for changes,reviewed
CMS-2026-1916-0297,position,oppose,reviewed
CMS-2026-1916-0298,position,oppose,reviewed
CMS-2026-1916-0299,position,request for changes,reviewed
CMS-2026-1916-0300,position,oppose,reviewed
CMS-2026-1916-0301,position,request for changes,reviewed
CMS-2026-1916-0302,position,request for changes,reviewed
CMS-2026-1916-0303,position,request for changes,reviewed
CMS-2026-1916-0304,position,request for changes,reviewed
CMS-2026-1916-0305,position,oppose,reviewed
CMS-2026-1916-0306,position,oppose,reviewed
CMS-2026-1916-0307,position,request for changes,reviewed
CMS-2026-1916-0308,position,oppose,reviewed
CMS-2026-1916-0309,position,support,reviewed
CMS-2026-1916-0310,position,request for changes,reviewed
CMS-2026-1916-0311,position,oppose,reviewed
CMS-2026-1916-0315,position,request for changes,reviewed
CMS-2026-1916-0317,position,oppose,reviewed
CMS-2026-1916-0319,position,request for changes,reviewed
CMS-2026-1916-0320,position,request for changes,reviewed
CMS-2026-1916-0321,position,oppose,reviewed
CMS-2026-1916-0323,position,request for changes,reviewed
CMS-2026-1916-0324,position,oppose,reviewed
CMS-2026-1916-0325,position,request for changes,reviewed
CMS-2026-1916-0326,position,request for changes,reviewed
CMS-2026-1916-0327,position,oppose,reviewed
CMS-2026-1916-0328,position,oppose,reviewed
CMS-2026-1916-0329,position,oppose,reviewed
CMS-2026-1916-0330,position,request for changes,reviewed
CMS-2026-1916-0331,position,oppose,reviewed
CMS-2026-1916-0332,position,support,reviewed
CMS-2026-1916-0333,position,oppose,reviewed
CMS-2026-1916-0334,position,request for changes,reviewed
CMS-2026-1916-0335,position,request for changes,reviewed
CMS-2026-1916-0336,position,request for changes,reviewed
CMS-2026-1916-0337,position,oppose,reviewed
CMS-2026-1916-0338,position,oppose,reviewed
CMS-2026-1916-0340,position,request for changes,reviewed
CMS-2026-1916-0342,position,request for changes,reviewed
CMS-2026-1916-0344,position,request for changes,reviewed
CMS-2026-1916-0346,position,request for changes,reviewed
CMS-2026-1916-0347,position,request for changes,reviewed
CMS-2026-1916-0348,position,request for changes,reviewed
CMS-2026-1916-0349,position,request for changes,reviewed
CMS-2026-1916-0352,position,oppose,reviewed
CMS-2026-1916-0354,position,oppose,reviewed
CMS-2026-1916-0362,position,unclear / off-topic,reviewed
CMS-2026-1916-0363,position,oppose,reviewed
CMS-2026-1916-0365,position,oppose,reviewed
CMS-2026-1916-0366,position,oppose,reviewed
CMS-2026-1916-0367,position,oppose,reviewed
CMS-2026-1916-0369,position,mixed,reviewed
CMS-2026-1916-0371,position,mixed,reviewed
CMS-2026-1916-0372,position,oppose,reviewed
CMS-2026-1916-0373,position,request for changes,reviewed
CMS-2026-1916-0376,position,request for changes,reviewed
CMS-2026-1916-0378,position,request for changes,reviewed
CMS-2026-1916-0379,position,oppose,reviewed
CMS-2026-1916-0380,position,oppose,reviewed
CMS-2026-1916-0381,position,request for changes,reviewed
CMS-2026-1916-0382,position,oppose,reviewed
CMS-2026-1916-0385,position,request for changes,reviewed
CMS-2026-1916-0386,position,oppose,reviewed
CMS-2026-1916-0387,position,mixed,reviewed
CMS-2026-1916-0388,position,request for changes,reviewed
CMS-2026-1916-0389,position,request for changes,reviewed
CMS-2026-1916-0390,position,request for changes,reviewed
CMS-2026-1916-0392,position,request for changes,reviewed
CMS-2026-1916-0393,position,request for changes,reviewed
CMS-2026-1916-0394,position,oppose,reviewed
CMS-2026-1916-0395,position,request for changes,reviewed
CMS-2026-1916-0396,position,oppose,reviewed
CMS-2026-1916-0398,position,oppose,reviewed
CMS-2026-1916-0399,position,mixed,reviewed
CMS-2026-1916-0401,position,oppose,reviewed
CMS-2026-1916-0402,position,oppose,reviewed
CMS-2026-1916-0403,position,oppose,reviewed
CMS-2026-1916-0404,position,oppose,reviewed
CMS-2026-1916-0405,position,mixed,reviewed
CMS-2026-1916-0407,position,oppose,reviewed
CMS-2026-1916-0408,position,oppose,reviewed
CMS-2026-1916-0409,position,request for changes,reviewed
CMS-2026-1916-0410,position,request for changes,reviewed
CMS-2026-1916-0411,position,request for changes,reviewed
CMS-2026-1916-0413,position,request for changes,reviewed
CMS-2026-1916-0414,position,request for changes,reviewed
CMS-2026-1916-0415,position,oppose,reviewed
CMS-2026-1916-0417,position,oppose,reviewed
CMS-2026-1916-0418,position,request for changes,reviewed
CMS-2026-1916-0421,position,request for changes,reviewed
CMS-2026-1916-0424,position,request for changes,reviewed
CMS-2026-1916-0425,position,request for changes,reviewed
CMS-2026-1916-0426,position,request for changes,reviewed
CMS-2026-1916-0427,position,request for changes,reviewed
CMS-2026-1916-0428,position,request for changes,reviewed
CMS-2026-1916-0429,position,oppose,reviewed
CMS-2026-1916-0430,position,request for changes,reviewed
CMS-2026-1916-0431,position,request for changes,reviewed
CMS-2026-1916-0432,position,oppose,reviewed
CMS-2026-1916-0434,position,request for changes,reviewed
CMS-2026-1916-0436,position,request for changes,reviewed
CMS-2026-1916-0439,position,oppose,reviewed
CMS-2026-1916-0440,position,request for changes,reviewed
CMS-2026-1916-0442,position,request for changes,reviewed
CMS-2026-1916-0443,position,request for changes,reviewed
CMS-2026-1916-0444,position,request for changes,reviewed
CMS-2026-1916-0446,position,request for changes,reviewed
CMS-2026-1916-0447,position,oppose,reviewed
CMS-2026-1916-0449,position,request for changes,reviewed
CMS-2026-1916-0450,position,oppose,reviewed
CMS-2026-1916-0451,position,request for changes,reviewed
CMS-2026-1916-0452,position,request for changes,reviewed
CMS-2026-1916-0453,position,request for changes,reviewed
CMS-2026-1916-0455,position,request for changes,reviewed
CMS-2026-1916-0456,position,oppose,reviewed
CMS-2026-1916-0457,position,unclear / off-topic,reviewed
CMS-2026-1916-0458,position,oppose,reviewed
CMS-2026-1916-0459,position,oppose,reviewed
CMS-2026-1916-0460,position,request for changes,reviewed
CMS-2026-1916-0461,position,oppose,reviewed
CMS-2026-1916-0462,position,request for changes,reviewed
CMS-2026-1916-0463,position,request for changes,reviewed
CMS-2026-1916-0466,position,mixed,reviewed
CMS-2026-1916-0467,position,oppose,reviewed
CMS-2026-1916-0468,position,request for changes,reviewed
CMS-2026-1916-0470,position,oppose,reviewed
CMS-2026-1916-0471,position,request for changes,reviewed
CMS-2026-1916-0472,position,request for changes,reviewed
CMS-2026-1916-0473,position,oppose,reviewed
CMS-2026-1916-0474,position,oppose,reviewed
CMS-2026-1916-0475,position,oppose,reviewed
CMS-2026-1916-0476,position,request for changes,reviewed
CMS-2026-1916-0478,position,oppose,reviewed
CMS-2026-1916-0479,position,request for changes,reviewed
CMS-2026-1916-0480,position,request for changes,reviewed
CMS-2026-1916-0482,position,request for changes,reviewed
CMS-2026-1916-0483,position,oppose,reviewed
CMS-2026-1916-0484,position,oppose,reviewed
CMS-2026-1916-0485,position,request for changes,reviewed
CMS-2026-1916-0486,position,oppose,reviewed
CMS-2026-1916-0489,position,oppose,reviewed
CMS-2026-1916-0491,position,request for changes,reviewed
CMS-2026-1916-0495,position,request for changes,reviewed
CMS-2026-1916-0496,position,oppose,reviewed
CMS-2026-1916-0498,position,mixed,reviewed
CMS-2026-1916-0499,position,request for changes,reviewed
CMS-2026-1916-0500,position,request for changes,reviewed
CMS-2026-1916-0501,position,request for changes,reviewed
CMS-2026-1916-0502,position,request for changes,reviewed
CMS-2026-1916-0505,position,oppose,reviewed
CMS-2026-1916-0506,position,request for changes,reviewed
CMS-2026-1916-0507,position,request for changes,reviewed
CMS-2026-1916-0508,position,oppose,reviewed
CMS-2026-1916-0509,position,request for changes,reviewed
CMS-2026-1916-0512,position,request for changes,reviewed
CMS-2026-1916-0515,position,oppose,reviewed
CMS-2026-1916-0516,position,request for changes,reviewed
CMS-2026-1916-0518,position,oppose,reviewed
CMS-2026-1916-0519,position,oppose,reviewed
CMS-2026-1916-0522,position,oppose,reviewed
CMS-2026-1916-0523,position,oppose,reviewed
CMS-2026-1916-0525,position,oppose,reviewed
CMS-2026-1916-0527,position,request for changes,reviewed
CMS-2026-1916-0528,position,request for changes,reviewed
CMS-2026-1916-0530,position,request for changes,reviewed
CMS-2026-1916-0532,position,request for changes,reviewed
CMS-2026-1916-0534,position,oppose,reviewed
CMS-2026-1916-0537,position,oppose,reviewed
CMS-2026-1916-0538,position,oppose,reviewed
CMS-2026-1916-0539,position,request for changes,reviewed
CMS-2026-1916-0541,position,request for changes,reviewed
CMS-2026-1916-0542,position,oppose,reviewed
CMS-2026-1916-0544,position,request for changes,reviewed
CMS-2026-1916-0545,position,oppose,reviewed
CMS-2026-1916-0547,position,oppose,reviewed
CMS-2026-1916-0549,position,request for changes,reviewed
CMS-2026-1916-0550,position,mixed,reviewed
CMS-2026-1916-0551,position,request for changes,reviewed
CMS-2026-1916-0555,position,oppose,reviewed
CMS-2026-1916-0558,position,oppose,reviewed
CMS-2026-1916-0561,position,request for changes,reviewed
CMS-2026-1916-0562,position,oppose,reviewed
CMS-2026-1916-0563,position,request for changes,reviewed
CMS-2026-1916-0566,position,oppose,reviewed
CMS-2026-1916-0571,position,oppose,reviewed
CMS-2026-1916-0573,position,oppose,reviewed
CMS-2026-1916-0574,position,request for changes,reviewed
CMS-2026-1916-0575,position,request for changes,reviewed
CMS-2026-1916-0576,position,oppose,reviewed
CMS-2026-1916-0577,position,request for changes,reviewed
CMS-2026-1916-0580,position,request for changes,reviewed
CMS-2026-1916-0581,position,oppose,reviewed
CMS-2026-1916-0582,position,request for changes,reviewed
CMS-2026-1916-0583,position,request for changes,reviewed
CMS-2026-1916-0584,position,request for changes,reviewed
CMS-2026-1916-0586,position,oppose,reviewed
CMS-2026-1916-0588,position,request for changes,reviewed
CMS-2026-1916-0590,position,oppose,reviewed
CMS-2026-1916-0592,position,mixed,reviewed
CMS-2026-1916-0593,position,request for changes,reviewed
CMS-2026-1916-0595,position,oppose,reviewed
CMS-2026-1916-0596,position,request for changes,reviewed
CMS-2026-1916-0598,position,request for changes,reviewed
CMS-2026-1916-0601,position,request for changes,reviewed
CMS-2026-1916-0608,position,request for changes,reviewed
CMS-2026-1916-0609,position,request for changes,reviewed
CMS-2026-1916-0610,position,mixed,reviewed
CMS-2026-1916-0611,position,mixed,reviewed
CMS-2026-1916-0612,position,oppose,reviewed
CMS-2026-1916-0613,position,oppose,reviewed
CMS-2026-1916-0616,position,oppose,reviewed
CMS-2026-1916-0619,position,request for changes,reviewed
CMS-2026-1916-0620,position,oppose,reviewed
CMS-2026-1916-0621,position,oppose,reviewed
CMS-2026-1916-0622,position,oppose,reviewed
CMS-2026-1916-0623,position,oppose,reviewed
CMS-2026-1916-0626,position,request for changes,reviewed
CMS-2026-1916-0627,position,request for changes,reviewed
CMS-2026-1916-0628,position,oppose,reviewed
CMS-2026-1916-0629,position,request for changes,reviewed
CMS-2026-1916-0630,position,request for changes,reviewed
CMS-2026-1916-0633,position,oppose,reviewed
CMS-2026-1916-0634,position,request for changes,reviewed
CMS-2026-1916-0636,position,request for changes,reviewed
CMS-2026-1916-0642,position,request for changes,reviewed
CMS-2026-1916-0645,position,oppose,reviewed
CMS-2026-1916-0647,position,oppose,reviewed
CMS-2026-1916-0648,position,support,reviewed
CMS-2026-1916-0649,position,request for changes,reviewed
CMS-2026-1916-0654,position,request for changes,reviewed
CMS-2026-1916-0659,position,request for changes,reviewed
CMS-2026-1916-0661,position,request for changes,reviewed
CMS-2026-1916-0664,position,oppose,reviewed
CMS-2026-1916-0665,position,request for changes,reviewed
CMS-2026-1916-0666,position,request for changes,reviewed
CMS-2026-1916-0667,position,request for changes,reviewed
CMS-2026-1916-0669,position,oppose,reviewed
CMS-2026-1916-0671,position,request for changes,reviewed
CMS-2026-1916-0675,position,request for changes,reviewed
CMS-2026-1916-0676,position,mixed,reviewed
CMS-2026-1916-0678,position,oppose,reviewed
CMS-2026-1916-0680,position,oppose,reviewed
CMS-2026-1916-0682,position,request for changes,reviewed
CMS-2026-1916-0683,position,request for changes,reviewed
CMS-2026-1916-0687,position,oppose,reviewed
CMS-2026-1916-0689,position,request for changes,reviewed
CMS-2026-1916-0690,position,request for changes,reviewed
CMS-2026-1916-0691,position,request for changes,reviewed
CMS-2026-1916-0692,position,oppose,reviewed
CMS-2026-1916-0693,position,oppose,reviewed
CMS-2026-1916-0696,position,oppose,reviewed
CMS-2026-1916-0697,position,request for changes,reviewed
CMS-2026-1916-0699,position,oppose,reviewed
CMS-2026-1916-0700,position,request for changes,reviewed
CMS-2026-1916-0701,position,request for changes,reviewed
CMS-2026-1916-0703,position,mixed,reviewed
CMS-2026-1916-0704,position,request for changes,reviewed
CMS-2026-1916-0705,position,oppose,reviewed
CMS-2026-1916-0706,position,request for changes,reviewed
CMS-2026-1916-0708,position,oppose,reviewed
CMS-2026-1916-0709,position,request for changes,reviewed
CMS-2026-1916-0711,position,request for changes,reviewed
CMS-2026-1916-0712,position,request for changes,reviewed
CMS-2026-1916-0714,position,oppose,reviewed
CMS-2026-1916-0715,position,oppose,reviewed
CMS-2026-1916-0716,position,request for changes,reviewed
CMS-2026-1916-0717,position,request for changes,reviewed
CMS-2026-1916-0718,position,request for changes,reviewed
CMS-2026-1916-0719,position,oppose,reviewed
CMS-2026-1916-0720,position,oppose,reviewed
CMS-2026-1916-0722,position,request for changes,reviewed
CMS-2026-1916-0723,position,request for changes,reviewed
CMS-2026-1916-0724,position,oppose,reviewed
CMS-2026-1916-0725,position,request for changes,reviewed
CMS-2026-1916-0726,position,request for changes,reviewed
CMS-2026-1916-0728,position,request for changes,reviewed
CMS-2026-1916-0730,position,request for changes,reviewed
CMS-2026-1916-0731,position,request for changes,reviewed
CMS-2026-1916-0733,position,oppose,reviewed
CMS-2026-1916-0734,position,support,reviewed
CMS-2026-1916-0735,position,oppose,reviewed
CMS-2026-1916-0737,position,request for changes,reviewed
CMS-2026-1916-0739,position,oppose,reviewed
CMS-2026-1916-0740,position,oppose,reviewed
CMS-2026-1916-0742,position,request for changes,reviewed
CMS-2026-1916-0743,position,request for changes,reviewed
CMS-2026-1916-0746,position,oppose,reviewed
CMS-2026-1916-0747,position,oppose,reviewed
CMS-2026-1916-0748,position,request for changes,reviewed
CMS-2026-1916-0749,position,mixed,reviewed
CMS-2026-1916-0750,position,request for changes,reviewed
CMS-2026-1916-0751,position,request for changes,reviewed
CMS-2026-1916-0752,position,request for changes,reviewed
CMS-2026-1916-0753,position,oppose,reviewed
CMS-2026-1916-0754,position,oppose,reviewed
CMS-2026-1916-0755,position,request for changes,reviewed
CMS-2026-1916-0756,position,request for changes,reviewed
CMS-2026-1916-0757,position,request for changes,reviewed
CMS-2026-1916-0758,position,request for changes,reviewed
CMS-2026-1916-0759,position,oppose,reviewed
CMS-2026-1916-0760,position,request for changes,reviewed
CMS-2026-1916-0761,position,request for changes,reviewed
CMS-2026-1916-0762,position,oppose,reviewed
CMS-2026-1916-0763,position,oppose,reviewed
CMS-2026-1916-0764,position,oppose,reviewed
CMS-2026-1916-0765,position,request for changes,reviewed
CMS-2026-1916-0767,position,request for changes,reviewed
CMS-2026-1916-0768,position,oppose,reviewed
CMS-2026-1916-0769,position,oppose,reviewed
CMS-2026-1916-0770,position,oppose,reviewed
CMS-2026-1916-0771,position,oppose,reviewed
CMS-2026-1916-0772,position,request for changes,reviewed
CMS-2026-1916-0774,position,request for changes,reviewed
CMS-2026-1916-0777,position,request for changes,reviewed
CMS-2026-1916-0778,position,request for changes,reviewed
CMS-2026-1916-0779,position,request for changes,reviewed
CMS-2026-1916-0780,position,request for changes,reviewed
CMS-2026-1916-0781,position,oppose,reviewed
CMS-2026-1916-0782,position,request for changes,reviewed
CMS-2026-1916-0783,position,request for changes,reviewed
CMS-2026-1916-0784,position,request for changes,reviewed
CMS-2026-1916-0785,position,oppose,reviewed
CMS-2026-1916-0786,position,request for changes,reviewed
CMS-2026-1916-0787,position,request for changes,reviewed
CMS-2026-1916-0788,position,request for changes,reviewed
CMS-2026-1916-0789,position,request for changes,reviewed
CMS-2026-1916-0790,position,request for changes,reviewed
CMS-2026-1916-0791,position,request for changes,reviewed
CMS-2026-1916-0792,position,oppose,reviewed
CMS-2026-1916-0793,position,oppose,reviewed
CMS-2026-1916-0794,position,request for changes,reviewed
CMS-2026-1916-0795,position,request for changes,reviewed
CMS-2026-1916-0796,position,request for changes,reviewed
CMS-2026-1916-0797,position,oppose,reviewed
CMS-2026-1916-0798,position,request for changes,reviewed
CMS-2026-1916-0799,position,oppose,reviewed
CMS-2026-1916-0800,position,request for changes,reviewed
CMS-2026-1916-0801,position,request for changes,reviewed
CMS-2026-1916-0802,position,request for changes,reviewed
CMS-2026-1916-0803,position,request for changes,reviewed
CMS-2026-1916-0804,position,request for changes,reviewed
CMS-2026-1916-0805,position,request for changes,reviewed
CMS-2026-1916-0806,position,request for changes,reviewed
CMS-2026-1916-0807,position,request for changes,reviewed
CMS-2026-1916-0809,position,request for changes,reviewed
CMS-2026-1916-0810,position,request for changes,reviewed
CMS-2026-1916-0811,position,request for changes,reviewed
CMS-2026-1916-0812,position,request for changes,reviewed
CMS-2026-1916-0813,position,oppose,reviewed
CMS-2026-1916-0814,position,oppose,reviewed
CMS-2026-1916-0815,position,request for changes,reviewed
CMS-2026-1916-0816,position,unclear / off-topic,reviewed
CMS-2026-1916-0817,position,support,reviewed
CMS-2026-1916-0818,position,request for changes,reviewed
CMS-2026-1916-0819,position,request for changes,reviewed
CMS-2026-1916-0820,position,oppose,reviewed
CMS-2026-1916-0821,position,request for changes,reviewed
CMS-2026-1916-0822,position,oppose,reviewed
CMS-2026-1916-0823,position,request for changes,reviewed
CMS-2026-1916-0824,position,request for changes,reviewed
CMS-2026-1916-0825,position,request for changes,reviewed
CMS-2026-1916-0826,position,request for changes,reviewed
CMS-2026-1916-0827,position,request for changes,reviewed
CMS-2026-1916-0828,position,request for changes,reviewed
CMS-2026-1916-0829,position,request for changes,reviewed
CMS-2026-1916-0830,position,request for changes,reviewed
CMS-2026-1916-0832,position,oppose,reviewed
CMS-2026-1916-0833,position,request for changes,reviewed
CMS-2026-1916-0834,position,request for changes,reviewed
CMS-2026-1916-0835,position,request for changes,reviewed
CMS-2026-1916-0836,position,oppose,reviewed
CMS-2026-1916-0838,position,oppose,reviewed
CMS-2026-1916-0839,position,mixed,reviewed
CMS-2026-1916-0840,position,request for changes,reviewed
CMS-2026-1916-0841,position,oppose,reviewed
CMS-2026-1916-0842,position,request for changes,reviewed
CMS-2026-1916-0843,position,request for changes,reviewed
CMS-2026-1916-0845,position,oppose,reviewed
CMS-2026-1916-0846,position,request for changes,reviewed
CMS-2026-1916-0848,position,oppose,reviewed
CMS-2026-1916-0849,position,request for changes,reviewed
CMS-2026-1916-0850,position,request for changes,reviewed
CMS-2026-1916-0851,position,unclear / off-topic,reviewed
CMS-2026-1916-0852,position,request for changes,reviewed
CMS-2026-1916-0853,position,request for changes,reviewed
CMS-2026-1916-0854,position,oppose,reviewed
CMS-2026-1916-0855,position,request for changes,reviewed
CMS-2026-1916-0860,position,oppose,reviewed
CMS-2026-1916-0861,position,mixed,reviewed
CMS-2026-1916-0862,position,oppose,reviewed
CMS-2026-1916-0865,position,oppose,reviewed
CMS-2026-1916-0866,position,request for changes,reviewed
CMS-2026-1916-0867,position,request for changes,reviewed
CMS-2026-1916-0872,position,request for changes,reviewed
CMS-2026-1916-0873,position,request for changes,reviewed
CMS-2026-1916-0874,position,request for changes,reviewed
CMS-2026-1916-0875,position,oppose,reviewed
CMS-2026-1916-0876,position,oppose,reviewed
CMS-2026-1916-0878,position,request for changes,reviewed
CMS-2026-1916-0879,position,request for changes,reviewed
CMS-2026-1916-0883,position,support,reviewed
CMS-2026-1916-0884,position,request for changes,reviewed
CMS-2026-1916-0885,position,request for changes,reviewed
CMS-2026-1916-0886,position,request for changes,reviewed
CMS-2026-1916-0889,position,unclear / off-topic,reviewed
CMS-2026-1916-0890,position,request for changes,reviewed
CMS-2026-1916-0891,position,oppose,reviewed
CMS-2026-1916-0897,position,request for changes,reviewed
CMS-2026-1916-0899,position,request for changes,reviewed
CMS-2026-1916-0905,position,request for changes,reviewed
CMS-2026-1916-0908,position,oppose,reviewed
CMS-2026-1916-0909,position,mixed,reviewed
CMS-2026-1916-0911,position,request for changes,reviewed
CMS-2026-1916-0912,position,request for changes,reviewed
CMS-2026-1916-0913,position,request for changes,reviewed
CMS-2026-1916-0914,position,oppose,reviewed
CMS-2026-1916-0915,position,request for changes,reviewed
CMS-2026-1916-0918,position,request for changes,reviewed
CMS-2026-1916-0919,position,oppose,reviewed
CMS-2026-1916-0921,position,request for changes,reviewed
CMS-2026-1916-0922,position,request for changes,reviewed
CMS-2026-1916-0923,position,request for changes,reviewed
CMS-2026-1916-0925,position,request for changes,reviewed
CMS-2026-1916-0926,position,oppose,reviewed
CMS-2026-1916-0927,position,oppose,reviewed
CMS-2026-1916-0928,position,oppose,reviewed
CMS-2026-1916-0929,position,request for changes,reviewed
CMS-2026-1916-0930,position,oppose,reviewed
CMS-2026-1916-0932,position,request for changes,reviewed
CMS-2026-1916-0933,position,oppose,reviewed
CMS-2026-1916-0934,position,oppose,reviewed
CMS-2026-1916-0936,position,request for changes,reviewed
CMS-2026-1916-0937,position,unclear / off-topic,reviewed
CMS-2026-1916-0938,position,request for changes,reviewed
CMS-2026-1916-0939,position,request for changes,reviewed
CMS-2026-1916-0940,position,request for changes,reviewed
CMS-2026-1916-0941,position,unclear / off-topic,reviewed
CMS-2026-1916-0943,position,request for changes,reviewed
CMS-2026-1916-0944,position,request for changes,reviewed
CMS-2026-1916-0945,position,request for changes,reviewed
CMS-2026-1916-0946,position,oppose,reviewed
CMS-2026-1916-0947,position,oppose,reviewed
CMS-2026-1916-0948,position,request for changes,reviewed
CMS-2026-1916-0950,position,mixed,reviewed
CMS-2026-1916-0951,position,request for changes,reviewed
CMS-2026-1916-0952,position,request for changes,reviewed
CMS-2026-1916-0953,position,oppose,reviewed
CMS-2026-1916-0954,position,request for changes,reviewed
CMS-2026-1916-0955,position,oppose,reviewed
CMS-2026-1916-0957,position,request for changes,reviewed
CMS-2026-1916-0958,position,request for changes,reviewed
CMS-2026-1916-0960,position,oppose,reviewed
CMS-2026-2476-0002,position,oppose,reviewed
CMS-2026-2476-0003,position,oppose,reviewed
CMS-2026-2476-0004,position,oppose,reviewed
CMS-2026-2476-0005,position,oppose,reviewed
CMS-2026-2476-0006,position,oppose,reviewed
CMS-2026-2476-0007,position,request for changes,reviewed
CMS-2026-2476-0008,position,request for changes,reviewed
CMS-2026-2476-0009,position,request for changes,reviewed
CMS-2026-2476-0010,position,oppose,reviewed
CMS-2026-2476-0011,position,oppose,reviewed
CMS-2026-2476-0016,position,oppose,reviewed
CMS-2026-2476-0017,position,oppose,reviewed
CMS-2026-2476-0018,position,request for changes,reviewed
CMS-2026-2476-0020,position,request for changes,reviewed
CMS-2026-2476-0021,position,oppose,reviewed
CMS-2026-2476-0022,position,oppose,reviewed
CMS-2026-2476-0023,position,request for changes,reviewed
CMS-2026-2476-0024,position,request for changes,reviewed
CMS-2026-2476-0025,position,mixed,reviewed
CMS-2026-2476-0027,position,oppose,reviewed
CMS-2026-2476-0028,position,support,reviewed
CMS-2026-2476-0029,position,oppose,reviewed
CMS-2026-2476-0031,position,oppose,reviewed
CMS-2026-2476-0032,position,request for changes,reviewed
CMS-2026-2476-0033,position,oppose,reviewed
CMS-2026-2476-0035,position,oppose,reviewed
CMS-2026-2476-0036,position,request for changes,reviewed
CMS-2026-2476-0037,position,oppose,reviewed
CMS-2026-2476-0038,position,oppose,reviewed
CMS-2026-2476-0039,position,oppose,reviewed
CMS-2026-2476-0040,position,mixed,reviewed
CMS-2026-2476-0041,position,oppose,reviewed
CMS-2026-2476-0042,position,oppose,reviewed
CMS-2026-2476-0043,position,oppose,reviewed
CMS-2026-2476-0044,position,request for changes,reviewed
CMS-2026-2476-0045,position,oppose,reviewed
CMS-2026-2476-0046,position,oppose,reviewed
CMS-2026-2476-0047,position,oppose,reviewed
CMS-2026-2476-0049,position,oppose,reviewed
CMS-2026-2476-0052,position,oppose,reviewed
CMS-2026-2476-0054,position,request for changes,reviewed
CMS-2026-2476-0056,position,request for changes,reviewed
CMS-2026-2476-0057,position,request for changes,reviewed
CMS-2026-2476-0060,position,request for changes,reviewed
CMS-2026-2476-0064,position,oppose,reviewed
CMS-2026-2476-0065,position,request for changes,reviewed
CMS-2026-2476-0066,position,oppose,reviewed
CMS-2026-2476-0067,position,request for changes,reviewed
CMS-2026-2476-0068,position,request for changes,reviewed
CMS-2026-2476-0069,position,request for changes,reviewed
CMS-2026-2476-0070,position,request for changes,reviewed
CMS-2026-2476-0072,position,request for changes,reviewed
CMS-2026-2476-0073,position,request for changes,reviewed
CMS-2026-2476-0074,position,mixed,reviewed
CMS-2026-2476-0076,position,request for changes,reviewed
CMS-2026-2476-0077,position,request for changes,reviewed
CMS-2026-2476-0078,position,request for changes,reviewed
CMS-2026-2476-0079,position,oppose,reviewed
CMS-2026-2476-0080,position,oppose,reviewed
CMS-2026-2476-0081,position,request for changes,reviewed
CMS-2026-2476-0082,position,request for changes,reviewed
CMS-2026-2476-0083,position,oppose,reviewed
CMS-2026-2476-0084,position,request for changes,reviewed
CMS-2026-2476-0085,position,request for changes,reviewed
CMS-2026-2476-0086,position,oppose,reviewed
CMS-2026-2476-0087,position,oppose,reviewed
CMS-2026-2476-0089,position,request for changes,reviewed
CMS-2026-2476-0090,position,request for changes,reviewed
CMS-2026-2476-0091,position,request for changes,reviewed
CMS-2026-2476-0092,position,request for changes,reviewed
CMS-2026-2476-0093,position,request for changes,reviewed
CMS-2026-2476-0094,position,request for changes,reviewed
CMS-2026-2476-0095,position,request for changes,reviewed
CMS-2026-2476-0096,position,oppose,reviewed
CMS-2026-2476-0098,position,request for changes,reviewed
CMS-2026-2476-0099,position,oppose,reviewed
CMS-2026-2476-0100,position,request for changes,reviewed
CMS-2026-2476-0101,position,request for changes,reviewed
CMS-2026-2476-0102,position,oppose,reviewed
CMS-2026-2476-0103,position,request for changes,reviewed
CMS-2026-2476-0104,position,request for changes,reviewed
CMS-2026-2476-0105,position,request for changes,reviewed
CMS-2026-2476-0106,position,request for changes,reviewed
CMS-2026-2476-0107,position,request for changes,reviewed
CMS-2026-2476-0108,position,oppose,reviewed
CMS-2026-2476-0109,position,request for changes,reviewed
CMS-2026-2476-0110,position,request for changes,reviewed
CMS-2026-2476-0111,position,request for changes,reviewed
CMS-2026-2476-0112,position,mixed,reviewed
CMS-2026-2476-0113,position,request for changes,reviewed
CMS-2026-2476-0114,position,oppose,reviewed
CMS-2026-2476-0115,position,oppose,reviewed
CMS-2026-2476-0116,position,request for changes,reviewed
CMS-2026-2476-0117,position,request for changes,reviewed
CMS-2026-2476-0118,position,oppose,reviewed
CMS-2026-2476-0119,position,request for changes,reviewed
CMS-2026-2476-0120,position,request for changes,reviewed
CMS-2026-2476-0121,position,request for changes,reviewed
CMS-2026-2476-0122,position,request for changes,reviewed
CMS-2026-2476-0123,position,request for changes,reviewed
CMS-2026-2476-0124,position,oppose,reviewed
CMS-2026-2476-0125,position,oppose,reviewed
CMS-2026-2476-0126,position,request for changes,reviewed
CMS-2026-2476-0127,position,request for changes,reviewed
CMS-2026-2476-0128,position,request for changes,reviewed
CMS-2026-2476-0129,position,oppose,reviewed
CMS-2026-2476-0130,position,support,reviewed
CMS-2026-2476-0131,position,request for changes,reviewed
CMS-2026-2476-0132,position,oppose,reviewed
CMS-2026-2476-0133,position,request for changes,reviewed
CMS-2026-2476-0134,position,request for changes,reviewed
CMS-2026-2476-0135,position,request for changes,reviewed
CMS-2026-2476-0136,position,request for changes,reviewed
CMS-2026-2476-0137,position,oppose,reviewed
CMS-2026-2476-0139,position,oppose,reviewed
CMS-2026-2476-0140,position,oppose,reviewed
CMS-2026-2476-0141,position,request for changes,reviewed
CMS-2026-2476-0142,position,request for changes,reviewed
CMS-2026-2476-0143,position,request for changes,reviewed
CMS-2026-2476-0144,position,mixed,reviewed
CMS-2026-2476-0145,position,oppose,reviewed
CMS-2026-2476-0146,position,request for changes,reviewed
CMS-2026-2476-0147,position,request for changes,reviewed
CMS-2026-2476-0148,position,request for changes,reviewed
CMS-2026-2476-0149,position,request for changes,reviewed
CMS-2026-2476-0150,position,request for changes,reviewed
CMS-2026-2476-0151,position,request for changes,reviewed
CMS-2026-2476-0152,position,request for changes,reviewed
CMS-2026-2476-0153,position,oppose,reviewed
CMS-2026-2476-0154,position,oppose,reviewed
CMS-2026-2476-0155,position,request for changes,reviewed
CMS-2026-2476-0156,position,oppose,reviewed
CMS-2026-2476-0157,position,request for changes,reviewed
CMS-2026-2476-0158,position,request for changes,reviewed
CMS-2026-2476-0159,position,request for changes,reviewed
CMS-2026-2476-0160,position,request for changes,reviewed
CMS-2026-2476-0161,position,oppose,reviewed
CMS-2026-2476-0162,position,request for changes,reviewed
CMS-2026-2476-0163,position,oppose,reviewed
CMS-2026-2476-0164,position,mixed,reviewed
CMS-2026-2476-0165,position,request for changes,reviewed
CMS-2026-2476-0166,position,request for changes,reviewed
CMS-2026-2476-0167,position,request for changes,reviewed
CMS-2026-2476-0168,position,request for changes,reviewed
CMS-2026-2476-0169,position,oppose,reviewed
CMS-2026-2476-0170,position,request for changes,reviewed
CMS-2026-2476-0171,position,oppose,reviewed
CMS-2026-2476-0172,position,request for changes,reviewed
CMS-2026-2476-0173,position,request for changes,reviewed
CMS-2026-2476-0174,position,oppose,reviewed
CMS-2026-2476-0176,position,request for changes,reviewed
CMS-2026-2476-0177,position,oppose,reviewed
CMS-2026-2476-0178,position,oppose,reviewed
CMS-2026-2476-0179,position,oppose,reviewed
CMS-2026-2476-0180,position,request for changes,reviewed
CMS-2026-2476-0181,position,oppose,reviewed
CMS-2026-2476-0182,position,request for changes,reviewed
CMS-2026-2476-0183,position,oppose,reviewed
CMS-2026-2476-0184,position,request for changes,reviewed
CMS-2026-2476-0185,position,request for changes,reviewed
CMS-2026-2476-0186,position,request for changes,reviewed
CMS-2026-2476-0188,position,request for changes,reviewed
CMS-2026-2476-0189,position,request for changes,reviewed
CMS-2026-2476-0190,position,request for changes,reviewed
CMS-2026-2476-0191,position,request for changes,reviewed
CMS-2026-2476-0192,position,support,reviewed
CMS-2026-2476-0193,position,request for changes,reviewed
CMS-2026-2476-0194,position,oppose,reviewed
CMS-2026-2476-0195,position,request for changes,reviewed
CMS-2026-2476-0196,position,oppose,reviewed
CMS-2026-2476-0197,position,request for changes,reviewed
CMS-2026-2476-0198,position,request for changes,reviewed
CMS-2026-2476-0199,position,request for changes,reviewed
CMS-2026-2476-0200,position,request for changes,reviewed
CMS-2026-2476-0201,position,mixed,reviewed
CMS-2026-2476-0202,position,request for changes,reviewed
CMS-2026-2476-0203,position,oppose,reviewed
CMS-2026-2476-0204,position,request for changes,reviewed
CMS-2026-2476-0205,position,request for changes,reviewed
CMS-2026-2476-0207,position,support,reviewed
CMS-2026-2476-0208,position,oppose,reviewed
CMS-2026-2476-0209,position,request for changes,reviewed
CMS-2026-2476-0210,position,mixed,reviewed
CMS-2026-2476-0211,position,request for changes,reviewed
CMS-2026-2476-0212,position,request for changes,reviewed
CMS-2026-2476-0213,position,request for changes,reviewed
CMS-2026-2476-0214,position,request for changes,reviewed
CMS-2026-2476-0215,position,request for changes,reviewed
CMS-2026-1916-0002,commenter_type,other,identity reviewed
CMS-2026-1916-0002,commenter_subtype,behavioral health provider,identity reviewed
CMS-2026-1916-0002,commenter_org,BestCare Treatment Services,identity reviewed
CMS-2026-1916-0002,state,OR,identity reviewed
CMS-2026-1916-0096,commenter_type,other,identity reviewed
CMS-2026-1916-0096,commenter_subtype,academic institution,identity reviewed
CMS-2026-1916-0096,commenter_org,University of Hawaiʻi Rural Health Research and Policy Center,identity reviewed
CMS-2026-1916-0096,state,HI,identity reviewed
CMS-2026-1916-0109,commenter_type,other,identity reviewed
CMS-2026-1916-0109,commenter_subtype,local government / fire / EMS,identity reviewed
CMS-2026-1916-0109,commenter_org,Truckee Meadows Fire Protection District,identity reviewed
CMS-2026-1916-0109,state,NV,identity reviewed
CMS-2026-1916-0230,commenter_type,other,identity reviewed
CMS-2026-1916-0230,commenter_subtype,local government / fire / EMS,identity reviewed
CMS-2026-1916-0230,commenter_org,South Elgin & Countryside Fire Protection District,identity reviewed
CMS-2026-1916-0230,state,IL,identity reviewed
CMS-2026-1916-0249,commenter_type,other,identity reviewed
CMS-2026-1916-0249,commenter_subtype,county children's commission,identity reviewed
CMS-2026-1916-0249,commenter_org,First 5 LA,identity reviewed
CMS-2026-1916-0249,state,CA,identity reviewed
CMS-2026-1916-0295,commenter_type,other,identity reviewed
CMS-2026-1916-0295,commenter_subtype,local government / fire / EMS,identity reviewed
CMS-2026-1916-0295,commenter_org,Lemont Fire Protection District,identity reviewed
CMS-2026-1916-0295,state,IL,identity reviewed
CMS-2026-1916-0328,commenter_type,association,identity reviewed
CMS-2026-1916-0328,commenter_subtype,EMS/fire association,identity reviewed
CMS-2026-1916-0328,commenter_org,Missouri Emergency Medical Services Agent Corporation (MoEMSAC),identity reviewed
CMS-2026-1916-0328,state,MO,identity reviewed
CMS-2026-1916-0349,commenter_type,state agency,identity reviewed
CMS-2026-1916-0349,commenter_subtype,,identity reviewed
CMS-2026-1916-0349,commenter_org,"Hawaii Department of Human Services, Med-QUEST Division",identity reviewed
CMS-2026-1916-0349,state,HI,identity reviewed
CMS-2026-1916-0446,commenter_type,other,identity reviewed
CMS-2026-1916-0446,commenter_subtype,local government / fire / EMS,identity reviewed
CMS-2026-1916-0446,commenter_org,Crested Butte Fire Protection District,identity reviewed
CMS-2026-1916-0446,state,CO,identity reviewed
CMS-2026-1916-0525,commenter_type,association,identity reviewed
CMS-2026-1916-0525,commenter_subtype,hospital association,identity reviewed
CMS-2026-1916-0525,commenter_org,Texas Association of Voluntary Hospitals,identity reviewed
CMS-2026-1916-0525,state,TX,identity reviewed
CMS-2026-1916-0571,commenter_type,other,identity reviewed
CMS-2026-1916-0571,commenter_subtype,local government / fire / EMS,identity reviewed
CMS-2026-1916-0571,commenter_org,Prospect Heights Fire Protection District,identity reviewed
CMS-2026-1916-0571,state,IL,identity reviewed
CMS-2026-1916-0596,commenter_type,hospital/health system,identity reviewed
CMS-2026-1916-0596,commenter_subtype,,identity reviewed
CMS-2026-1916-0596,commenter_org,Cordell Memorial Hospital,identity reviewed
CMS-2026-1916-0596,state,OK,identity reviewed
CMS-2026-1916-0617,commenter_type,hospital/health system,identity reviewed
CMS-2026-1916-0617,commenter_subtype,,identity reviewed
CMS-2026-1916-0617,commenter_org,Memorial Regional Health,identity reviewed
CMS-2026-1916-0617,state,CO,identity reviewed
CMS-2026-1916-0733,commenter_type,association,identity reviewed
CMS-2026-1916-0733,commenter_subtype,long-term care association,identity reviewed
CMS-2026-1916-0733,commenter_org,Texas Health Care Association (THCA),identity reviewed
CMS-2026-1916-0733,state,TX,identity reviewed
CMS-2026-1916-0736,commenter_type,hospital/health system,identity reviewed
CMS-2026-1916-0736,commenter_subtype,behavioral hospital,identity reviewed
CMS-2026-1916-0736,commenter_org,"SBH, LLC dba Creekside Behavioral Health",identity reviewed
CMS-2026-1916-0736,state,TN,identity reviewed
CMS-2026-1916-0760,commenter_type,hospital/health system,identity reviewed
CMS-2026-1916-0760,commenter_subtype,,identity reviewed
CMS-2026-1916-0760,commenter_org,The MetroHealth System,identity reviewed
CMS-2026-1916-0760,state,OH,identity reviewed
CMS-2026-1916-0923,commenter_type,state agency,identity reviewed
CMS-2026-1916-0923,commenter_subtype,,identity reviewed
CMS-2026-1916-0923,commenter_org,South Carolina Department of Health & Human Services,identity reviewed
CMS-2026-1916-0923,state,SC,identity reviewed
CMS-2026-1916-0950,commenter_type,state agency,identity reviewed
CMS-2026-1916-0950,commenter_subtype,,identity reviewed
CMS-2026-1916-0950,commenter_org,Arizona Health Care Cost Containment System (AHCCCS),identity reviewed
CMS-2026-1916-0950,state,AZ,identity reviewed
CMS-2026-2476-0201,commenter_type,state agency,identity reviewed
CMS-2026-2476-0201,commenter_subtype,,identity reviewed
CMS-2026-2476-0201,commenter_org,Arizona Health Care Cost Containment System (AHCCCS),identity reviewed
CMS-2026-2476-0201,state,AZ,identity reviewed
CMS-2026-2476-0018,commenter_type,state agency,identity reviewed
CMS-2026-2476-0018,commenter_subtype,,identity reviewed
CMS-2026-2476-0018,commenter_org,Oklahoma Insurance Department,identity reviewed
CMS-2026-2476-0018,state,OK,identity reviewed
CMS-2026-2476-0151,commenter_type,state agency,identity reviewed
CMS-2026-2476-0151,commenter_subtype,,identity reviewed
CMS-2026-2476-0151,commenter_org,Maine Department of Health and Human Services,identity reviewed
CMS-2026-2476-0151,state,ME,identity reviewed
CMS-2026-2476-0177,commenter_type,state agency,identity reviewed
CMS-2026-2476-0177,commenter_subtype,state-based marketplace,identity reviewed
CMS-2026-2476-0177,commenter_org,HealthSource RI,identity reviewed
CMS-2026-2476-0177,state,RI,identity reviewed
CMS-2026-2476-0186,commenter_type,state agency,identity reviewed
CMS-2026-2476-0186,commenter_subtype,,identity reviewed
CMS-2026-2476-0186,commenter_org,New Mexico Health Care Authority,identity reviewed
CMS-2026-2476-0186,state,NM,identity reviewed
CMS-2026-2476-0198,commenter_type,state agency,identity reviewed
CMS-2026-2476-0198,commenter_subtype,,identity reviewed
CMS-2026-2476-0198,commenter_org,California Department of Health Care Services,identity reviewed
CMS-2026-2476-0198,state,CA,identity reviewed
CMS-2026-2476-0202,commenter_type,state agency,identity reviewed
CMS-2026-2476-0202,commenter_subtype,,identity reviewed
CMS-2026-2476-0202,commenter_org,Washington State agency (Department of Health),identity reviewed
CMS-2026-2476-0202,state,WA,identity reviewed
CMS-2026-2476-0132,commenter_type,state agency,identity reviewed
CMS-2026-2476-0132,commenter_subtype,state-based marketplace,identity reviewed
CMS-2026-2476-0132,commenter_org,Access Health CT,identity reviewed
CMS-2026-2476-0132,state,CT,identity reviewed
CMS-2026-2476-0084,commenter_type,state agency,identity reviewed
CMS-2026-2476-0084,commenter_subtype,,identity reviewed
CMS-2026-2476-0084,commenter_org,"Maryland Department of Health, Department of Insurance, HSCRC and Health Benefit Exchange",identity reviewed
CMS-2026-2476-0084,state,MD,identity reviewed
CMS-2026-2476-0124,commenter_type,state agency,identity reviewed
CMS-2026-2476-0124,commenter_subtype,,identity reviewed
CMS-2026-2476-0124,commenter_org,Pennsylvania Insurance Department,identity reviewed
CMS-2026-2476-0124,state,PA,identity reviewed
CMS-2026-2476-0183,commenter_type,state agency,identity reviewed
CMS-2026-2476-0183,commenter_subtype,,identity reviewed
CMS-2026-2476-0183,commenter_org,Indiana Department of Insurance,identity reviewed
CMS-2026-2476-0183,state,IN,identity reviewed
CMS-2026-2476-0126,commenter_type,state agency,identity reviewed
CMS-2026-2476-0126,commenter_subtype,,identity reviewed
CMS-2026-2476-0126,commenter_org,Pennsylvania Department of Human Services,identity reviewed
CMS-2026-2476-0126,state,PA,identity reviewed
CMS-2026-2476-0156,commenter_type,state agency,identity reviewed
CMS-2026-2476-0156,commenter_subtype,,identity reviewed
CMS-2026-2476-0156,commenter_org,State of Colorado (Office of the Governor),identity reviewed
CMS-2026-2476-0156,state,CO,identity reviewed
CMS-2026-2476-0162,commenter_type,hospital/health system,identity reviewed
CMS-2026-2476-0162,commenter_subtype,,identity reviewed
CMS-2026-2476-0162,commenter_org,Children's Wisconsin,identity reviewed
CMS-2026-2476-0162,state,WI,identity reviewed
CMS-2026-1916-0954,commenter_type,hospital/health system,identity reviewed
CMS-2026-1916-0954,commenter_subtype,,identity reviewed
CMS-2026-1916-0954,commenter_org,Parkland Health,identity reviewed
CMS-2026-1916-0954,state,TX,identity reviewed
CMS-2026-1916-0378,commenter_type,other,identity reviewed
CMS-2026-1916-0378,commenter_subtype,long-term care / IDD provider,identity reviewed
CMS-2026-1916-0378,commenter_org,Mosaic,identity reviewed
CMS-2026-1916-0490,commenter_type,other,identity reviewed
CMS-2026-1916-0490,commenter_subtype,long-term care / IDD provider,identity reviewed
CMS-2026-1916-0490,commenter_org,"CAYA Collaborative Care, Inc.",identity reviewed
CMS-2026-1916-0490,state,KY,identity reviewed
CMS-2026-1916-0478,commenter_type,state agency,identity reviewed
CMS-2026-1916-0478,commenter_subtype,,identity reviewed
CMS-2026-1916-0478,commenter_org,Minnesota Department of Human Services,identity reviewed
CMS-2026-1916-0478,state,MN,identity reviewed
CMS-2026-2476-0096,commenter_type,state agency,identity reviewed
CMS-2026-2476-0096,commenter_subtype,,identity reviewed
CMS-2026-2476-0096,commenter_org,Oregon Department of Consumer and Business Services,identity reviewed
CMS-2026-2476-0096,state,OR,identity reviewed
CMS-2026-1916-0774,commenter_type,state agency,identity reviewed
CMS-2026-1916-0774,commenter_subtype,,identity reviewed
CMS-2026-1916-0774,commenter_org,Delaware Division of Medicaid and Medical Assistance,identity reviewed
CMS-2026-1916-0774,state,DE,identity reviewed
CMS-2026-1916-0209,commenter_type,state agency,identity reviewed
CMS-2026-1916-0209,commenter_subtype,,identity reviewed
CMS-2026-1916-0209,commenter_org,Ohio Department of Medicaid,identity reviewed
CMS-2026-1916-0209,state,OH,identity reviewed
CMS-2026-2476-0210,commenter_type,association,identity reviewed
CMS-2026-2476-0210,commenter_subtype,state government association,identity reviewed
CMS-2026-2476-0210,commenter_org,National Conference of State Legislatures,identity reviewed
CMS-2026-2476-0210,state,National,identity reviewed
CMS-2026-1916-0006,commenter_type,other,identity reviewed
CMS-2026-1916-0006,commenter_subtype,local government / fire / EMS,identity reviewed
CMS-2026-1916-0006,commenter_org,City of Consolidated Municipality (Nevada) – ambulance program,identity reviewed
CMS-2026-1916-0006,state,NV,identity reviewed
CMS-2026-1916-0082,commenter_type,association,identity reviewed
CMS-2026-1916-0082,commenter_subtype,EMS/fire association,identity reviewed
CMS-2026-1916-0082,commenter_org,Western Fire Chiefs Association,identity reviewed
CMS-2026-1916-0112,commenter_type,other,identity reviewed
CMS-2026-1916-0112,commenter_subtype,local government / fire / EMS,identity reviewed
CMS-2026-1916-0112,commenter_org,Jefferson County Fire & EMS,identity reviewed
CMS-2026-1916-0112,state,OR,identity reviewed
CMS-2026-1916-0114,commenter_type,other,identity reviewed
CMS-2026-1916-0114,commenter_subtype,ambulance/EMS provider,identity reviewed
CMS-2026-1916-0114,commenter_org,Tipton Ambulance Service,identity reviewed
CMS-2026-1916-0114,state,IA,identity reviewed
CMS-2026-1916-0122,commenter_type,association,identity reviewed
CMS-2026-1916-0122,commenter_subtype,physician/professional society,identity reviewed
CMS-2026-1916-0122,commenter_org,Illinois Academy of Family Physicians,identity reviewed
CMS-2026-1916-0122,state,IL,identity reviewed
CMS-2026-1916-0178,commenter_type,other,identity reviewed
CMS-2026-1916-0178,commenter_subtype,local government / fire / EMS,identity reviewed
CMS-2026-1916-0178,commenter_org,Pontiac Fire Department,identity reviewed
CMS-2026-1916-0178,state,IL,identity reviewed
CMS-2026-1916-0216,commenter_type,other,identity reviewed
CMS-2026-1916-0216,commenter_subtype,area agency on aging,identity reviewed
CMS-2026-1916-0216,commenter_org,Aging Resources of Central Iowa (Area Agency on Aging),identity reviewed
CMS-2026-1916-0216,state,IA,identity reviewed
CMS-2026-1916-0217,commenter_type,other,identity reviewed
CMS-2026-1916-0217,commenter_subtype,ambulance/EMS provider,identity reviewed
CMS-2026-1916-0287,commenter_type,hospital/health system,identity reviewed
CMS-2026-1916-0287,commenter_subtype,critical access hospital,identity reviewed
CMS-2026-1916-0287,commenter_org,Okeene Municipal Hospital,identity reviewed
CMS-2026-1916-0287,state,OK,identity reviewed
CMS-2026-1916-0548,commenter_type,hospital/health system,identity reviewed
CMS-2026-1916-0548,commenter_subtype,critical access hospital,identity reviewed
CMS-2026-1916-0548,state,OK,identity reviewed
CMS-2026-1916-0450,commenter_type,advocacy group,identity reviewed
CMS-2026-1916-0450,commenter_subtype,,identity reviewed
CMS-2026-1916-0450,commenter_org,Kentucky Access to Care Coalition,identity reviewed
CMS-2026-1916-0450,state,KY,identity reviewed
CMS-2026-1916-0457,commenter_type,association,identity reviewed
CMS-2026-1916-0457,commenter_subtype,trade/professional,identity reviewed
CMS-2026-1916-0457,commenter_org,Kentucky Life Science Council,identity reviewed
CMS-2026-1916-0457,state,KY,identity reviewed
CMS-2026-1916-0459,commenter_type,other,identity reviewed
CMS-2026-1916-0459,commenter_subtype,local government / fire / EMS,identity reviewed
CMS-2026-1916-0521,commenter_type,hospital/health system,identity reviewed
CMS-2026-1916-0521,commenter_subtype,,identity reviewed
CMS-2026-1916-0521,commenter_org,Carilion Giles and Tazewell Community Hospitals,identity reviewed
CMS-2026-1916-0521,state,VA,identity reviewed
CMS-2026-1916-0542,commenter_type,other,identity reviewed
CMS-2026-1916-0542,commenter_subtype,local government / fire / EMS,identity reviewed
CMS-2026-1916-0594,commenter_type,other,identity reviewed
CMS-2026-1916-0594,commenter_subtype,ambulance/EMS provider,identity reviewed
CMS-2026-1916-0594,state,OK,identity reviewed
CMS-2026-1916-0597,commenter_type,other,identity reviewed
CMS-2026-1916-0597,commenter_subtype,ambulance/EMS provider,identity reviewed
CMS-2026-1916-0597,state,OK,identity reviewed
CMS-2026-1916-0659,commenter_type,advocacy group,identity reviewed
CMS-2026-1916-0659,commenter_subtype,think tank,identity reviewed
CMS-2026-1916-0659,commenter_org,Manhattan Institute (mental health policy team),identity reviewed
CMS-2026-1916-0687,commenter_type,association,identity reviewed
CMS-2026-1916-0687,commenter_subtype,EMS/fire association,identity reviewed
CMS-2026-1916-0687,state,IL,identity reviewed
CMS-2026-1916-0695,commenter_type,other,identity reviewed
CMS-2026-1916-0695,commenter_subtype,ambulance/EMS provider,identity reviewed
CMS-2026-1916-0695,state,ID,identity reviewed
CMS-2026-1916-0698,commenter_type,other,identity reviewed
CMS-2026-1916-0698,commenter_subtype,local government / fire / EMS,identity reviewed
CMS-2026-1916-0813,commenter_type,advocacy group,identity reviewed
CMS-2026-1916-0813,commenter_subtype,,identity reviewed
CMS-2026-1916-0813,commenter_org,Medicaid in Schools Coalition,identity reviewed
CMS-2026-1916-0813,state,National,identity reviewed
CMS-2026-1916-0831,commenter_type,other,identity reviewed
CMS-2026-1916-0831,commenter_subtype,local government / fire / EMS,identity reviewed
CMS-2026-1916-0831,commenter_org,Yamhill County Board of Commissioners,identity reviewed
CMS-2026-1916-0831,state,OR,identity reviewed
CMS-2026-1916-0890,commenter_type,state agency,identity reviewed
CMS-2026-1916-0890,commenter_subtype,,identity reviewed
CMS-2026-1916-0890,commenter_org,Commonwealth of Virginia,identity reviewed
CMS-2026-1916-0890,state,VA,identity reviewed
CMS-2026-2476-0027,commenter_type,association,identity reviewed
CMS-2026-2476-0027,commenter_subtype,state government association,identity reviewed
CMS-2026-2476-0027,commenter_org,National Association of Insurance Commissioners,identity reviewed
CMS-2026-2476-0027,state,National,identity reviewed
CMS-2026-2476-0063,commenter_type,other,identity reviewed
CMS-2026-2476-0063,commenter_subtype,nonprofit service provider,identity reviewed
CMS-2026-2476-0063,commenter_org,Treatment Alternatives for Stronger Communities (TASC),identity reviewed
CMS-2026-1916-0309,commenter_type,other,identity reviewed
CMS-2026-1916-0309,commenter_subtype,local government / fire / EMS,identity reviewed
CMS-2026-1916-0309,commenter_org,Ross County (fiscal officer / assessor),identity reviewed
CMS-2026-1916-0309,state,OH,identity reviewed
CMS-2026-1916-0204,commenter_type,state agency,identity reviewed
CMS-2026-1916-0204,commenter_subtype,state legislator,identity reviewed
CMS-2026-1916-0204,state,MS,identity reviewed
CMS-2026-1916-0259,commenter_type,state agency,identity reviewed
CMS-2026-1916-0259,commenter_subtype,state legislator,identity reviewed
CMS-2026-1916-0259,commenter_org,North Carolina House of Representatives (District 67),identity reviewed
CMS-2026-1916-0259,state,NC,identity reviewed
CMS-2026-1916-0308,commenter_type,state agency,identity reviewed
CMS-2026-1916-0308,commenter_subtype,state legislator,identity reviewed
CMS-2026-1916-0308,commenter_org,Ohio House of Representatives,identity reviewed
CMS-2026-1916-0308,state,OH,identity reviewed
CMS-2026-1916-0379,commenter_type,state agency,identity reviewed
CMS-2026-1916-0379,commenter_subtype,state legislator,identity reviewed
CMS-2026-1916-0379,commenter_org,North Carolina House of Representatives,identity reviewed
CMS-2026-1916-0379,state,NC,identity reviewed
CMS-2026-1916-0489,commenter_type,state agency,identity reviewed
CMS-2026-1916-0489,commenter_subtype,state legislator,identity reviewed
CMS-2026-1916-0489,commenter_org,Louisiana Senate Health and Welfare Committee,identity reviewed
CMS-2026-1916-0489,state,LA,identity reviewed
CMS-2026-1916-0499,commenter_type,state agency,identity reviewed
CMS-2026-1916-0499,commenter_subtype,state legislator,identity reviewed
CMS-2026-1916-0499,commenter_org,Mississippi House of Representatives,identity reviewed
CMS-2026-1916-0499,state,MS,identity reviewed
CMS-2026-1916-0706,commenter_type,state agency,identity reviewed
CMS-2026-1916-0706,commenter_subtype,state legislator,identity reviewed
CMS-2026-1916-0706,commenter_org,Oregon Legislative Assembly (Rep. Dacia Grayber),identity reviewed
CMS-2026-1916-0706,state,OR,identity reviewed
CMS-2026-1916-0960,commenter_type,state agency,identity reviewed
CMS-2026-1916-0960,commenter_subtype,state legislator,identity reviewed
CMS-2026-1916-0960,commenter_org,Texas House of Representatives,identity reviewed
CMS-2026-1916-0960,state,TX,identity reviewed
CMS-2026-1916-0294,commenter_type,individual,identity reviewed
CMS-2026-1916-0294,commenter_subtype,former state legislator,identity reviewed
CMS-2026-1916-0294,state,WV,identity reviewed
CMS-2026-1916-0307,commenter_type,individual,identity reviewed
CMS-2026-1916-0307,commenter_subtype,former state legislator,identity reviewed
CMS-2026-1916-0307,state,FL,identity reviewed
CMS-2026-1916-0480,commenter_type,individual,identity reviewed
CMS-2026-1916-0480,commenter_subtype,former state legislator,identity reviewed
CMS-2026-1916-0480,state,NC,identity reviewed
CMS-2026-1916-0919,commenter_type,individual,identity reviewed
CMS-2026-1916-0919,commenter_subtype,former state legislator,identity reviewed
CMS-2026-1916-0919,state,TX,identity reviewed
CMS-2026-1916-0835,commenter_type,state agency,identity reviewed
CMS-2026-1916-0835,commenter_subtype,,identity reviewed
CMS-2026-1916-0835,commenter_org,New Mexico Health Care Authority,identity reviewed
CMS-2026-1916-0835,state,NM,identity reviewed
CMS-2026-1916-0758,commenter_type,state agency,identity reviewed
CMS-2026-1916-0758,commenter_subtype,,identity reviewed
CMS-2026-1916-0758,commenter_org,Pennsylvania Department of Human Services,identity reviewed
CMS-2026-1916-0758,state,PA,identity reviewed
CMS-2026-1916-0387,commenter_type,state agency,identity reviewed
CMS-2026-1916-0387,commenter_subtype,,identity reviewed
CMS-2026-1916-0387,commenter_org,North Carolina Department of Health and Human Services,identity reviewed
CMS-2026-1916-0387,state,NC,identity reviewed
CMS-2026-1916-0493,commenter_type,association,identity reviewed
CMS-2026-1916-0493,commenter_subtype,provider association,identity reviewed
CMS-2026-1916-0671,commenter_type,hospital/health system,identity reviewed
CMS-2026-1916-0671,commenter_subtype,,identity reviewed
CMS-2026-1916-0789,commenter_type,hospital/health system,identity reviewed
CMS-2026-1916-0789,commenter_subtype,,identity reviewed
CMS-2026-1916-0473,commenter_type,other,identity reviewed
CMS-2026-1916-0473,commenter_subtype,long-term care / IDD provider,identity reviewed
CMS-2026-1916-0834,commenter_type,other,identity reviewed
CMS-2026-1916-0834,commenter_subtype,academic institution,identity reviewed
CMS-2026-1916-0154,commenter_type,hospital/health system,identity reviewed
CMS-2026-1916-0154,commenter_subtype,,identity reviewed
CMS-2026-1916-0539,commenter_type,association,identity reviewed
CMS-2026-1916-0539,commenter_subtype,home care association,identity reviewed
CMS-2026-1916-0539,state,National,identity reviewed
CMS-2026-1916-0464,commenter_type,association,identity reviewed
CMS-2026-1916-0464,commenter_subtype,trade/professional,identity reviewed
CMS-2026-1916-0464,state,National,identity reviewed
CMS-2026-1916-0819,commenter_type,hospital/health system,identity reviewed
CMS-2026-1916-0819,commenter_subtype,,identity reviewed
CMS-2026-1916-0862,commenter_type,association,identity reviewed
CMS-2026-1916-0862,commenter_subtype,behavioral health association,identity reviewed
CMS-2026-1916-0862,commenter_org,Texas Council of Community Centers,identity reviewed
CMS-2026-1916-0862,state,TX,identity reviewed
CMS-2026-1916-0849,commenter_type,other,identity reviewed
CMS-2026-1916-0849,commenter_subtype,tribal health organization,identity reviewed
CMS-2026-1916-0377,commenter_type,hospital/health system,identity reviewed
CMS-2026-1916-0377,commenter_subtype,,identity reviewed
CMS-2026-1916-0463,commenter_type,hospital/health system,identity reviewed
CMS-2026-1916-0463,commenter_subtype,,identity reviewed
CMS-2026-1916-0766,commenter_type,hospital/health system,identity reviewed
CMS-2026-1916-0766,commenter_subtype,,identity reviewed
CMS-2026-1916-0663,commenter_type,hospital/health system,identity reviewed
CMS-2026-1916-0663,commenter_subtype,,identity reviewed
CMS-2026-1916-0882,commenter_type,hospital/health system,identity reviewed
CMS-2026-1916-0882,commenter_subtype,,identity reviewed
CMS-2026-1916-0343,commenter_type,hospital/health system,identity reviewed
CMS-2026-1916-0343,commenter_subtype,,identity reviewed
CMS-2026-1916-0877,commenter_type,hospital/health system,identity reviewed
CMS-2026-1916-0877,commenter_subtype,,identity reviewed
CMS-2026-1916-0400,commenter_type,hospital/health system,identity reviewed
CMS-2026-1916-0400,commenter_subtype,,identity reviewed
CMS-2026-1916-0400,commenter_org,Covenant Health,identity reviewed
CMS-2026-1916-0920,commenter_type,hospital/health system,identity reviewed
CMS-2026-1916-0920,commenter_subtype,,identity reviewed
CMS-2026-1916-0388,commenter_type,hospital/health system,identity reviewed
CMS-2026-1916-0388,commenter_subtype,,identity reviewed
CMS-2026-1916-0601,commenter_type,hospital/health system,identity reviewed
CMS-2026-1916-0601,commenter_subtype,,identity reviewed
CMS-2026-1916-0545,commenter_type,hospital/health system,identity reviewed
CMS-2026-1916-0545,commenter_subtype,,identity reviewed
CMS-2026-1916-0867,commenter_type,hospital/health system,identity reviewed
CMS-2026-1916-0867,commenter_subtype,,identity reviewed
CMS-2026-1916-0746,commenter_type,hospital/health system,identity reviewed
CMS-2026-1916-0746,commenter_subtype,,identity reviewed
CMS-2026-2476-0135,commenter_type,hospital/health system,identity reviewed
CMS-2026-2476-0135,commenter_subtype,,identity reviewed
CMS-2026-1916-0468,commenter_type,hospital/health system,identity reviewed
CMS-2026-1916-0468,commenter_subtype,academic medical center,identity reviewed
CMS-2026-1916-0346,commenter_type,hospital/health system,identity reviewed
CMS-2026-1916-0346,commenter_subtype,,identity reviewed
CMS-2026-1916-0346,commenter_org,Children's Hospital Los Angeles Medical Group (CHLAMG),identity reviewed
CMS-2026-1916-0346,state,CA,identity reviewed
CMS-2026-1916-0487,commenter_type,other,identity reviewed
CMS-2026-1916-0487,commenter_subtype,community health center / clinic,identity reviewed
CMS-2026-2476-0153,commenter_type,MCO,identity reviewed
CMS-2026-2476-0153,commenter_subtype,Medicaid Regional Accountable Entity,identity reviewed
CMS-2026-2476-0153,state,CO,identity reviewed
CMS-2026-1916-0332,commenter_type,other,identity reviewed
CMS-2026-1916-0332,commenter_subtype,ambulance/EMS provider,identity reviewed
CMS-2026-1916-0757,commenter_type,other,identity reviewed
CMS-2026-1916-0757,commenter_subtype,clinic / care provider,identity reviewed
CMS-2026-1916-0925,commenter_type,association,identity reviewed
CMS-2026-1916-0925,commenter_subtype,physician group association,identity reviewed
CMS-2026-1916-0937,commenter_type,other,identity reviewed
CMS-2026-1916-0937,commenter_subtype,credentialing body,identity reviewed
CMS-2026-1916-0937,state,National,identity reviewed
CMS-2026-1916-0436,commenter_type,association,identity reviewed
CMS-2026-1916-0436,commenter_subtype,physician/professional society,identity reviewed
CMS-2026-1916-0436,commenter_org,American Nurses Association – Massachusetts,identity reviewed
CMS-2026-1916-0436,state,MA,identity reviewed
CMS-2026-1916-0854,commenter_type,association,identity reviewed
CMS-2026-1916-0854,commenter_subtype,physician/professional society,identity reviewed
CMS-2026-1916-0854,commenter_org,American Academy of Pediatrics – Pennsylvania Chapter,identity reviewed
CMS-2026-1916-0854,state,PA,identity reviewed
CMS-2026-1916-0305,commenter_type,other,identity reviewed
CMS-2026-1916-0305,commenter_subtype,physician practices,identity reviewed
CMS-2026-1916-0852,commenter_type,other,identity reviewed
CMS-2026-1916-0852,commenter_subtype,physician practice / company,identity reviewed
CMS-2026-1916-0787,commenter_type,other,identity reviewed
CMS-2026-1916-0787,commenter_subtype,law firm,identity reviewed
CMS-2026-1916-0396,commenter_type,other,identity reviewed
CMS-2026-1916-0396,commenter_subtype,law firm,identity reviewed
CMS-2026-1916-0363,commenter_type,other,identity reviewed
CMS-2026-1916-0363,commenter_subtype,credentialing body,identity reviewed
CMS-2026-1916-0298,commenter_type,other,identity reviewed
CMS-2026-1916-0298,commenter_subtype,ambulance/EMS provider,identity reviewed
CMS-2026-1916-0549,commenter_type,other,identity reviewed
CMS-2026-1916-0549,commenter_subtype,ambulance/EMS provider,identity reviewed
CMS-2026-1916-0856,commenter_type,other,identity reviewed
CMS-2026-1916-0856,commenter_subtype,ambulance/EMS provider,identity reviewed
CMS-2026-1916-0858,commenter_type,other,identity reviewed
CMS-2026-1916-0858,commenter_subtype,ambulance/EMS provider,identity reviewed
CMS-2026-1916-0313,commenter_type,other,identity reviewed
CMS-2026-1916-0313,commenter_subtype,ambulance/EMS provider,identity reviewed
CMS-2026-1916-0150,commenter_type,other,identity reviewed
CMS-2026-1916-0150,commenter_subtype,ambulance/EMS provider,identity reviewed
CMS-2026-1916-0656,commenter_type,hospital/health system,identity reviewed
CMS-2026-1916-0656,commenter_subtype,behavioral hospital,identity reviewed
CMS-2026-1916-0807,commenter_type,other,identity reviewed
CMS-2026-1916-0807,commenter_subtype,behavioral health provider,identity reviewed
CMS-2026-1916-0421,commenter_type,other,identity reviewed
CMS-2026-1916-0421,commenter_subtype,behavioral health provider,identity reviewed
CMS-2026-1916-0853,commenter_type,other,identity reviewed
CMS-2026-1916-0853,commenter_subtype,behavioral health provider,identity reviewed
CMS-2026-2476-0065,commenter_type,other,identity reviewed
CMS-2026-2476-0065,commenter_subtype,human services provider,identity reviewed
CMS-2026-1916-0860,commenter_type,other,identity reviewed
CMS-2026-1916-0860,commenter_subtype,independent living center,identity reviewed
CMS-2026-1916-0945,commenter_type,other,identity reviewed
CMS-2026-1916-0945,commenter_subtype,community health center / clinic,identity reviewed
CMS-2026-1916-0392,commenter_type,other,identity reviewed
CMS-2026-1916-0392,commenter_subtype,company (pharmacy / insurer),identity reviewed
CMS-2026-1916-0389,commenter_type,other,identity reviewed
CMS-2026-1916-0389,commenter_subtype,company / consultancy,identity reviewed
CMS-2026-1916-0788,commenter_type,other,identity reviewed
CMS-2026-1916-0788,commenter_subtype,company / consultancy,identity reviewed
CMS-2026-1916-0873,commenter_type,other,identity reviewed
CMS-2026-1916-0873,commenter_subtype,behavioral health provider,identity reviewed
CMS-2026-1916-0405,commenter_type,other,identity reviewed
CMS-2026-1916-0405,commenter_subtype,behavioral health provider,identity reviewed
CMS-2026-1916-0939,commenter_type,other,identity reviewed
CMS-2026-1916-0939,commenter_subtype,long-term care / IDD provider,identity reviewed
CMS-2026-1916-0782,commenter_type,other,identity reviewed
CMS-2026-1916-0782,commenter_subtype,pediatric care provider,identity reviewed
CMS-2026-1916-0838,commenter_type,association,identity reviewed
CMS-2026-1916-0838,commenter_subtype,labor union,identity reviewed
CMS-2026-1916-0848,commenter_type,advocacy group,identity reviewed
CMS-2026-1916-0848,commenter_subtype,,identity reviewed
CMS-2026-1916-0331,commenter_type,association,identity reviewed
CMS-2026-1916-0331,commenter_subtype,behavioral health association,identity reviewed
CMS-2026-1916-0254,commenter_type,association,identity reviewed
CMS-2026-1916-0254,commenter_subtype,behavioral health association,identity reviewed
CMS-2026-1916-0952,commenter_type,other,identity reviewed
CMS-2026-1916-0952,commenter_subtype,behavioral health provider,identity reviewed
CMS-2026-1916-0500,commenter_type,other,identity reviewed
CMS-2026-1916-0500,commenter_subtype,behavioral health provider,identity reviewed
CMS-2026-1916-0592,commenter_type,association,identity reviewed
CMS-2026-1916-0592,commenter_subtype,provider coalition / council,identity reviewed
CMS-2026-2476-0056,commenter_type,association,identity reviewed
CMS-2026-2476-0056,commenter_subtype,provider coalition / council,identity reviewed
CMS-2026-1916-0034,commenter_type,advocacy group,identity reviewed
CMS-2026-1916-0034,commenter_subtype,,identity reviewed
CMS-2026-1916-0386,commenter_type,advocacy group,identity reviewed
CMS-2026-1916-0386,commenter_subtype,,identity reviewed
