process,payer,file_code,file_description,number_of_reporting_plans,plan_market_types,example_plan_names,size_bytes,last_modified,reason,location_url
N,Blue Cross Blue Shield of Massachusetts,Blue-Care-Elect-Self-Insured_Third-Party,Blue Care Elect Self Insured In-Network Rates File,689,group,"Advantage Blue $1500 Deductible 80 Coinsurance - MAPFRE U.S.A. Corp. | Advantage Blue $1500 Deductible 90 Coinsurance - Devoted Health, Inc. | Advantage Blue $2000 Deductible 90 Coinsurance - Duck Creek Technologies | Advantage Blue $500 Deductible 90 Coinsurance - Berkshire Group, LLC | Advantage Blue $750 Deductible 75 Coinsurance - Philips North America",127955078.0,"Mon, 24 Aug 2026 11:23:16 GMT",BCBSMA self-insured (Third Party TOC) file; N for now,https://transparency-in-coverage.bluecrossma.com/2026-09-01_Blue-Cross-and-Blue-Shield-of-Massachusetts-Inc_Blue-Care-Elect-Self-Insured_Third-Party-in-network-rates.json.gz
N,Blue Cross Blue Shield of Massachusetts,New-England-Managed-Care-Self-Insured_Third-Party,New England Managed Care Self Insured In-Network Rates File,408,group,"Access Blue NE Basic Saver $3000 Deductible - Agawam, Town of | Access Blue NE Basic Saver $3000 Deductible - Granite City Electric Supply | Access Blue NE Basic Saver $3000 Deductible - West Springfield, Town of | Access Blue NE Basic Saver $3300 Deductible - Cimetrics, Inc. | Access Blue NE Basic Saver $3300 Deductible - GFM Enterprises",133295161.0,"Mon, 24 Aug 2026 11:27:12 GMT",BCBSMA self-insured (Third Party TOC) file; N for now,https://transparency-in-coverage.bluecrossma.com/2026-09-01_Blue-Cross-and-Blue-Shield-of-Massachusetts-Inc_New-England-Managed-Care-Self-Insured_Third-Party-in-network-rates.json.gz
Y,Blue Cross Blue Shield of Massachusetts,Blue-Care-Elect-Fully-Insured,Blue Care Elect Fully Insured In-Network Rates File,131,group; individual,"	Advantage Blue Preferred EPO $2,000 Deductible - Blue Cross and Blue Shield of Massachusetts, Inc | 	Advantage Blue Preferred EPO Saver $3,000 - Blue Cross and Blue Shield of Massachusetts, Inc | Advantage Blue Pref Ded with Coins 80 - Blue Cross and Blue Shield of Massachusetts, Inc | Advantage Blue Pref Saver with Coins 80 - Blue Cross and Blue Shield of Massachusetts, Inc | Advantage Blue Pref Saver with Coins 90 - Blue Cross and Blue Shield of Massachusetts, Inc",128036791.0,"Wed, 05 Aug 2026 13:01:34 GMT","BCBSMA Blue Care Elect PPO, fully insured",https://transparency-in-coverage.bluecrossma.com/2026-09-01_Blue-Cross-and-Blue-Shield-of-Massachusetts-Inc_Blue-Care-Elect-Fully-Insured_in-network-rates.json.gz
N,Blue Cross Blue Shield of Massachusetts,HMO-Blue-Self-Insured_Third-Party,HMO Blue Self Insured In-Network Rates File,112,group,"Blue Choice Plan 2 $20 Copay - Plymouth, Town of | Blue Choice Plan 2 $25 Copay w/o Rx  - XXS - Harvard University - HUGHP | Blue Choice Plan 2 $40 Copay w/o Rx  - XXS - Harvard University - HUGHP | Blue Choice Plan 2 w/o Copay - Mass Bay Health Care Trust | Network Blue $0 Deductible - Everett, City of",128047600.0,"Mon, 24 Aug 2026 11:25:47 GMT",BCBSMA self-insured (Third Party TOC) file; N for now,https://transparency-in-coverage.bluecrossma.com/2026-09-01_Blue-Cross-and-Blue-Shield-of-Massachusetts-Inc_HMO-Blue-Self-Insured_Third-Party-in-network-rates.json.gz
Y,Blue Cross Blue Shield of Massachusetts,New-England-Managed-Care-Fully-Insured,New England Managed Care Fully Insured In-Network Rates File,100,group; individual,"Access Blue NE Basic $2000 Deductible - Blue Cross and Blue Shield of Massachusetts, Inc | Access Blue NE Basic Saver $2000 Deductible - Blue Cross and Blue Shield of Massachusetts, Inc | Access Blue NE Basic Saver $3000 Deductible - Blue Cross and Blue Shield of Massachusetts, Inc | Access Blue NE Basic Saver $3300 Deductible - Blue Cross and Blue Shield of Massachusetts, Inc | Access Blue NE Basic Saver $3400 Deductible - Blue Cross and Blue Shield of Massachusetts, Inc",132997799.0,"Wed, 05 Aug 2026 13:06:45 GMT","BCBSMA New England Managed Care, fully insured",https://transparency-in-coverage.bluecrossma.com/2026-09-01_Blue-Cross-and-Blue-Shield-of-Massachusetts-Inc_New-England-Managed-Care-Fully-Insured_in-network-rates.json.gz
Y,Blue Cross Blue Shield of Massachusetts,HMO-Blue-Fully-Insured,HMO Blue Fully Insured In-Network Rates File,33,group; individual,"HMO Blue Basic - Blue Cross and Blue Shield of Massachusetts, Inc | HMO Blue Basic Deductible - Blue Cross and Blue Shield of Massachusetts, Inc | HMO Blue Basic II - Blue Cross and Blue Shield of Massachusetts, Inc | HMO Blue Copayment - Blue Cross and Blue Shield of Massachusetts, Inc | HMO Blue Deductible with Copayment - Blue Cross and Blue Shield of Massachusetts, Inc",128061514.0,"Wed, 05 Aug 2026 13:04:34 GMT","BCBSMA HMO Blue, fully insured",https://transparency-in-coverage.bluecrossma.com/2026-09-01_Blue-Cross-and-Blue-Shield-of-Massachusetts-Inc_HMO-Blue-Fully-Insured_in-network-rates.json.gz
N,Blue Cross Blue Shield of Massachusetts,PAR-Providers_Third-Party,PAR Providers In-Network Rates File,20,group,"Carve Out A & B - Beverly, City of | Carve Out A & B - National Grid | Carve Out A & B - Waltham, City of | Comprehensive Major Medical $200 - National Grid | Comprehensive Major Medical $400 - Philips North America",128059756.0,"Mon, 24 Aug 2026 11:28:34 GMT",BCBSMA self-insured (Third Party TOC) file; N for now,https://transparency-in-coverage.bluecrossma.com/2026-09-01_Blue-Cross-and-Blue-Shield-of-Massachusetts-Inc_PAR-Providers_Third-Party-in-network-rates.json.gz
N,Blue Cross Blue Shield of Massachusetts,Blue-Care-Elect-Self-Insured,Blue Care Elect Self Insured In-Network Rates File,18,group,"Blue Care Elect Preferred 100 with Copay  - DJT - Blue Cross and Blue Shield of Massachusetts, Inc | Blue Care Elect Preferred 100 with Copay  - DNH - Blue Cross and Blue Shield of Massachusetts, Inc | Blue Care Elect Preferred 100 with Copay  - DPN - Blue Cross and Blue Shield of Massachusetts, Inc | Blue Care Elect Preferred 100 with Copay  - DSF - Blue Cross and Blue Shield of Massachusetts, Inc | Blue Care Elect Preferred 100 with Copay  - DWI - Blue Cross and Blue Shield of Massachusetts, Inc",127955221.0,"Wed, 05 Aug 2026 13:02:37 GMT",BCBSMA self-insured (Third Party TOC) file; N for now,https://transparency-in-coverage.bluecrossma.com/2026-09-01_Blue-Cross-and-Blue-Shield-of-Massachusetts-Inc_Blue-Care-Elect-Self-Insured_in-network-rates.json.gz
N,Blue Cross Blue Shield of Massachusetts,Blue-High-Performance_Third-Party,Blue High Performance In-Network Rates File,10,group,"Advantage Blue Perf $1250 Deductible - Hebrew SeniorLife, Inc. | Advantage Blue Perf $3000 Deductible - Agero, Inc. | Advantage Blue Perf $3000 Deductible - Roman Catholic Archdiocese of Boston Health Benefit Trust | Advantage Blue Perf $6000 Deductible - Agero, Inc. | Advantage Blue Perf Ded with Coins 70 - Ocean Spray Cranberries, Inc.",85218695.0,"Mon, 24 Aug 2026 11:24:17 GMT",BCBSMA Blue High Performance network (limited); N for now,https://transparency-in-coverage.bluecrossma.com/2026-09-01_Blue-Cross-and-Blue-Shield-of-Massachusetts-Inc_Blue-High-Performance_Third-Party-in-network-rates.json.gz
Y,Blue Cross Blue Shield of Massachusetts,PAR-Providers,PAR Providers In-Network Rates File,2,group,"Master Health Plus - Blue Cross and Blue Shield of Massachusetts, Inc | Master Medical - Blue Cross and Blue Shield of Massachusetts, Inc",128059732.0,"Wed, 05 Aug 2026 13:08:56 GMT","BCBSMA PAR Providers (indemnity/participating), fully insured TOC",https://transparency-in-coverage.bluecrossma.com/2026-09-01_Blue-Cross-and-Blue-Shield-of-Massachusetts-Inc_PAR-Providers_in-network-rates.json.gz
N,Harvard Pilgrim Health Care,UMR--Inc-_Third-Party-Administrator_HPHC-FIVE-STATES_UNITEDHEALTHCARE-OPTIONS-PPO_-S_UCOQ,national-network file,76,group; individual,ASSUMPTION UNIVERSITY - Harvard Pilgrim PPO | Admiral Packaging Inc - HPHC Insurance Company PPO | BENTLEY UNIVERSITY - Best Buy PPO HSA | BOSTON COLLEGE - Harvard Pilgrim PPO | BRANDEIS UNIVERSITY - Harvard Pilgrim PPO,10788566023.0,"Wed, 26 Aug 2026 13:00:51 GMT",BCBSMA self-insured (Third Party TOC) file; N for now,https://transparency-in-coverage.uhc.com/api/v1/uhc/blobs/download/2026-09-01/2026-09-01_UMR--Inc-_Third-Party-Administrator_HPHC-FIVE-STATES_UNITEDHEALTHCARE-OPTIONS-PPO_-S_UCOQ_in-network-rates.json.gz
Y,Harvard Pilgrim Health Care,A008-FS,in-network file,37,group,"ASSUMPTION UNIVERSITY - HMO | BENTLEY UNIVERSITY - HMO | BERKLEE COLLEGE OF MUSIC, INC. - HMO | BOSTON COLLEGE - HMO | BRANDEIS UNIVERSITY - HMO",108389872.0,"Sun, 06 Sep 2026 05:01:34 GMT",HPHC 'HMO' network for employer groups; most widely shared file (37 plans / 36 employer TOCs),https://eusprdtransparencymrfp32.blob.core.windows.net/hphc/2026-09-01_A008-FS_in-network-rates.zip
Y,Harvard Pilgrim Health Care,A002-FS,in-network file,22,group,ASSUMPTION UNIVERSITY - Harvard Pilgrim PPO | BOSTON COLLEGE - Harvard Pilgrim PPO | BRANDEIS UNIVERSITY - Harvard Pilgrim PPO | Beth Israel Lahey Health (BILH) - Harvard Pilgrim PPO | CCMHG/Cape Cod Municipal Health Group - Harvard Pilgrim PPO,108083062.0,"Sun, 06 Sep 2026 05:01:34 GMT","'Harvard Pilgrim PPO' network for employer groups (22 plans incl. BC, Brandeis, BILH)",https://eusprdtransparencymrfp32.blob.core.windows.net/hphc/2026-09-01_A002-FS_in-network-rates.zip
N,Harvard Pilgrim Health Care,UMR--Inc-_Third-Party-Administrator_HPHC-THREE-STATES_UNITEDHEALTHCARE-CHOICE-PLUS_-R_UCCH,national-network file,20,group; individual,"Access America | BERKLEE COLLEGE OF MUSIC, INC. - Access America | Dudley-Charlton Reg Schl Dist - Access America | GROUP INSURANCE COMMISSION - Access America | Harvard Pilgrim Health Care - House Acct - Access America",10552558179.0,"Wed, 26 Aug 2026 12:14:58 GMT",BCBSMA self-insured (Third Party TOC) file; N for now,https://transparency-in-coverage.uhc.com/api/v1/uhc/blobs/download/2026-09-01/2026-09-01_UMR--Inc-_Third-Party-Administrator_HPHC-THREE-STATES_UNITEDHEALTHCARE-CHOICE-PLUS_-R_UCCH_in-network-rates.json.gz
Y,Harvard Pilgrim Health Care,A001-FS,in-network file,19,group,"BERKLEE COLLEGE OF MUSIC, INC. - Access America | Dudley-Charlton Reg Schl Dist - Access America | GROUP INSURANCE COMMISSION - Access America | Harvard Pilgrim Health Care - House Acct - Access America | LESLEY UNIVERSITY - Access America",107421636.0,"Sun, 06 Sep 2026 05:01:35 GMT","'Access America' open-access network for employer groups (19 plans incl. MA GIC, house acct)",https://eusprdtransparencymrfp32.blob.core.windows.net/hphc/2026-09-01_A001-FS_in-network-rates.zip
N,Harvard Pilgrim Health Care,A020-FS,in-network file,18,group,ASSUMPTION UNIVERSITY - Best Buy HMO HSA | BRANDEIS UNIVERSITY - Best Buy HMO HSA | Brooke Charter School - Best Buy HMO HSA | CCMHG/Cape Cod Municipal Health Group - Best Buy HMO HSA | CITY OF MARLBOROUGH - Best Buy HMO HSA,108930598.0,"Sun, 06 Sep 2026 05:01:35 GMT",Best Buy HSA variants of the PPO/HMO networks; likely same contracts as A002/A008,https://eusprdtransparencymrfp32.blob.core.windows.net/hphc/2026-09-01_A020-FS_in-network-rates.zip
N,Harvard Pilgrim Health Care,A010-FS,in-network file,16,group,BENTLEY UNIVERSITY - Best Buy PPO HSA | CCMHG/Cape Cod Municipal Health Group - Best Buy PPO HSA | CLARK UNIVERSITY - Best Buy PPO HSA | Cramer Production Company Inc. - Best Buy PPO HSA | DEAN COLLEGE - Best Buy PPO HSA,107859730.0,"Sun, 06 Sep 2026 05:01:36 GMT",Best Buy HSA variants of the PPO/HMO networks; likely same contracts as A002/A008,https://eusprdtransparencymrfp32.blob.core.windows.net/hphc/2026-09-01_A010-FS_in-network-rates.zip
N,Harvard Pilgrim Health Care,A014-FS,in-network file,13,group,CITY OF BEVERLY - ChoiceNet HMO | CITY OF BROCKTON - ChoiceNet HMO | CITY OF EVERETT - ChoiceNet HMO | CITY OF WORCESTER - ChoiceNet HMO | Harvard Pilgrim Health Care - House Acct - ChoiceNet HMO,108339952.0,"Sun, 06 Sep 2026 05:01:35 GMT",ChoiceNet HMO/PPO: tiered/select network; candidate secondary network,https://eusprdtransparencymrfp32.blob.core.windows.net/hphc/2026-09-01_A014-FS_in-network-rates.zip
N,Harvard Pilgrim Health Care,A013-FS,in-network file,12,group,ASSUMPTION UNIVERSITY - Focus Network - MA HMO | CITY OF WORCESTER - Focus Network - MA HMO | CLARK UNIVERSITY - Focus Network - MA HMO | EXCEL ACADEMY CHARTER SCHOOL - Focus Network - MA HMO | Fallon Health Plan - Focus Network - MA HMO,108384977.0,"Sun, 06 Sep 2026 05:01:36 GMT",Focus Network - MA HMO: limited-network MA product; candidate if narrow-network rates wanted,https://eusprdtransparencymrfp32.blob.core.windows.net/hphc/2026-09-01_A013-FS_in-network-rates.zip
N,Harvard Pilgrim Health Care,Harvard-Pilgrim_Dental_0379,dental-network file,8,group; individual,Focus Network - MA HMO | HMO | HMO - Flex | Maines Choice Plus HMO | National Access EPO,,,"Dental network, not relevant; HEAD returns 404",https://eusprdtransparencymrfp32.blob.core.windows.net/hphc/2026-09-01_Harvard-Pilgrim_Dental_0379_in-network-rates.zip
Y,Harvard Pilgrim Health Care,A008-P1,in-network file,6,group; individual,HMO,108748364.0,"Sun, 06 Sep 2026 05:01:35 GMT","HPHC flagship 'HMO' network, issuer book (HIOS 36046 alongside 'Focus Network - MA HMO'; group+individual)",https://eusprdtransparencymrfp32.blob.core.windows.net/hphc/2026-09-01_A008-P1_in-network-rates.zip
N,Harvard Pilgrim Health Care,A015-FS,in-network file,6,group,TOWN OF ABINGTON - ChoiceNet PPO | TOWN OF AUBURN - ChoiceNet PPO | TOWN OF BELMONT - ChoiceNet PPO | TOWN OF WEBSTER - ChoiceNet PPO | Town of Merrimac - ChoiceNet PPO,133111152.0,"Sun, 06 Sep 2026 05:01:36 GMT",ChoiceNet HMO/PPO: tiered/select network; candidate secondary network,https://eusprdtransparencymrfp32.blob.core.windows.net/hphc/2026-09-01_A015-FS_in-network-rates.zip
N,Harvard Pilgrim Health Care,Harvard-Pilgrim_Dental_0380,dental-network file,6,group; individual,ElevateHealth HMO | ElevateHealth Options | HMO | HMO - LP | NH Local Choice HMO,,,"Dental network, not relevant; HEAD returns 404",https://eusprdtransparencymrfp32.blob.core.windows.net/hphc/2026-09-01_Harvard-Pilgrim_Dental_0380_in-network-rates.zip
N,Harvard Pilgrim Health Care,Harvard-Pilgrim_Dental_0381,dental-network file,5,group; individual,PPO Access | PPO Access - Flex | PPO Access - LP,,,"Dental network, not relevant; HEAD returns 404",https://eusprdtransparencymrfp32.blob.core.windows.net/hphc/2026-09-01_Harvard-Pilgrim_Dental_0381_in-network-rates.zip
N,Harvard Pilgrim Health Care,A031-FS,in-network file,4,group,Admiral Packaging Inc - HPHC Insurance Company PPO | Husson University - HPHC Insurance Company PPO | Saint Joseph's College - HPHC Insurance Company PPO | THE ARC OF BLACKSTONE VALLEY - HPHC Insurance Company PPO,108582086.0,"Sun, 06 Sep 2026 05:01:34 GMT",POS/PPO variants with few plans; secondary,https://eusprdtransparencymrfp32.blob.core.windows.net/hphc/2026-09-01_A031-FS_in-network-rates.zip
N,Harvard Pilgrim Health Care,A094-P1,in-network file,4,group; individual,PPO Access,108638155.0,"Sun, 06 Sep 2026 05:01:36 GMT",Flex/PPO Access variants; secondary product networks,https://eusprdtransparencymrfp32.blob.core.windows.net/hphc/2026-09-01_A094-P1_in-network-rates.zip
N,Harvard Pilgrim Health Care,A095-P1,in-network file,4,group; individual,PPO Access - Flex,108669141.0,"Sun, 06 Sep 2026 05:01:35 GMT",Flex/PPO Access variants; secondary product networks,https://eusprdtransparencymrfp32.blob.core.windows.net/hphc/2026-09-01_A095-P1_in-network-rates.zip
N,Harvard Pilgrim Health Care,A009-P1,in-network file,3,group; individual,POS,108389408.0,"Sun, 06 Sep 2026 05:01:35 GMT",POS/PPO variants with few plans; secondary,https://eusprdtransparencymrfp32.blob.core.windows.net/hphc/2026-09-01_A009-P1_in-network-rates.zip
N,Harvard Pilgrim Health Care,A099-FS,in-network file,3,group,Beth Israel Lahey Health (BILH) - BILH Network Premier HMO | Exeter Health Resources - BILH Network Premier HMO | JOSLIN DIABETES CENTER - BILH Network Premier HMO,109852954.0,"Sun, 06 Sep 2026 05:01:35 GMT",BILH employer-specific custom network,https://eusprdtransparencymrfp32.blob.core.windows.net/hphc/2026-09-01_A099-FS_in-network-rates.zip
N,Harvard Pilgrim Health Care,A100-FS,in-network file,3,group,Beth Israel Lahey Health (BILH) - BILH Flex Network HMO | Exeter Health Resources - BILH Flex Network HMO | JOSLIN DIABETES CENTER - BILH Flex Network HMO,109731354.0,"Sun, 06 Sep 2026 05:01:36 GMT",BILH employer-specific custom network,https://eusprdtransparencymrfp32.blob.core.windows.net/hphc/2026-09-01_A100-FS_in-network-rates.zip
N,Harvard Pilgrim Health Care,A102-P1,in-network file,3,group; individual,National Access EPO,107975646.0,"Sun, 06 Sep 2026 05:01:35 GMT",National Access EPO,https://eusprdtransparencymrfp32.blob.core.windows.net/hphc/2026-09-01_A102-P1_in-network-rates.zip
N,Harvard Pilgrim Health Care,A010-P1,in-network file,2,group; individual,Best Buy PPO HSA,108023758.0,"Sun, 06 Sep 2026 05:01:34 GMT",Best Buy HSA variants of the PPO/HMO networks; likely same contracts as A002/A008,https://eusprdtransparencymrfp32.blob.core.windows.net/hphc/2026-09-01_A010-P1_in-network-rates.zip
Y,Harvard Pilgrim Health Care,A013-P1,in-network file,2,group; individual,Focus Network - MA HMO,108860794.0,"Sun, 06 Sep 2026 05:01:35 GMT",SET MANUALLY (rule default N): Focus Network - MA HMO: limited-network MA product; candidate if narrow-network rates wanted,https://eusprdtransparencymrfp32.blob.core.windows.net/hphc/2026-09-01_A013-P1_in-network-rates.zip
N,Harvard Pilgrim Health Care,A020-P1,in-network file,2,group; individual,Best Buy HMO HSA,109347788.0,"Sun, 06 Sep 2026 05:01:35 GMT",Best Buy HSA variants of the PPO/HMO networks; likely same contracts as A002/A008,https://eusprdtransparencymrfp32.blob.core.windows.net/hphc/2026-09-01_A020-P1_in-network-rates.zip
N,Harvard Pilgrim Health Care,A025-P1,in-network file,2,group; individual,HMO - LP,109358704.0,"Sun, 06 Sep 2026 05:01:36 GMT","New Hampshire / Maine product (ElevateHealth, NH Local, LP)",https://eusprdtransparencymrfp32.blob.core.windows.net/hphc/2026-09-01_A025-P1_in-network-rates.zip
N,Harvard Pilgrim Health Care,A035-P1,in-network file,2,group; individual,ElevateHealth HMO,111070035.0,"Sun, 06 Sep 2026 05:01:35 GMT","New Hampshire / Maine product (ElevateHealth, NH Local, LP)",https://eusprdtransparencymrfp32.blob.core.windows.net/hphc/2026-09-01_A035-P1_in-network-rates.zip
N,Harvard Pilgrim Health Care,A061-P1,in-network file,2,group; individual,ElevateHealth Options,111088276.0,"Sun, 06 Sep 2026 05:01:36 GMT","New Hampshire / Maine product (ElevateHealth, NH Local, LP)",https://eusprdtransparencymrfp32.blob.core.windows.net/hphc/2026-09-01_A061-P1_in-network-rates.zip
N,Harvard Pilgrim Health Care,A067-P1,in-network file,2,group; individual,HMO - Flex,109370647.0,"Sun, 06 Sep 2026 05:01:34 GMT",Flex/PPO Access variants; secondary product networks,https://eusprdtransparencymrfp32.blob.core.windows.net/hphc/2026-09-01_A067-P1_in-network-rates.zip
N,Harvard Pilgrim Health Care,A068-P1,in-network file,2,group; individual,PPO - Flex,108650592.0,"Sun, 06 Sep 2026 05:01:35 GMT",Flex/PPO Access variants; secondary product networks,https://eusprdtransparencymrfp32.blob.core.windows.net/hphc/2026-09-01_A068-P1_in-network-rates.zip
N,Harvard Pilgrim Health Care,A081-P1,in-network file,2,group; individual,Maines Choice Plus HMO,109484337.0,"Sun, 06 Sep 2026 05:01:34 GMT",Maine product (Maine's Choice Plus),https://eusprdtransparencymrfp32.blob.core.windows.net/hphc/2026-09-01_A081-P1_in-network-rates.zip
N,Harvard Pilgrim Health Care,A087-P1,in-network file,2,group; individual,NH Local Choice HMO,120588068.0,"Sun, 06 Sep 2026 05:01:36 GMT","New Hampshire / Maine product (ElevateHealth, NH Local, LP)",https://eusprdtransparencymrfp32.blob.core.windows.net/hphc/2026-09-01_A087-P1_in-network-rates.zip
N,Harvard Pilgrim Health Care,A088-P1,in-network file,2,group; individual,NH Local HMO,120586497.0,"Sun, 06 Sep 2026 05:01:35 GMT","New Hampshire / Maine product (ElevateHealth, NH Local, LP)",https://eusprdtransparencymrfp32.blob.core.windows.net/hphc/2026-09-01_A088-P1_in-network-rates.zip
N,Harvard Pilgrim Health Care,A001-P1,in-network file,1,group; individual,Access America,107987101.0,"Sun, 06 Sep 2026 05:01:36 GMT",POS/PPO variants with few plans; secondary,https://eusprdtransparencymrfp32.blob.core.windows.net/hphc/2026-09-01_A001-P1_in-network-rates.zip
Y,Harvard Pilgrim Health Care,A002-P1,in-network file,1,group; individual,Harvard Pilgrim PPO,108099754.0,"Sun, 06 Sep 2026 05:01:35 GMT","'Harvard Pilgrim PPO' network, issuer book",https://eusprdtransparencymrfp32.blob.core.windows.net/hphc/2026-09-01_A002-P1_in-network-rates.zip
N,Harvard Pilgrim Health Care,A009-FS,in-network file,1,group,Husson University - POS,107929509.0,"Sun, 06 Sep 2026 05:01:35 GMT",POS/PPO variants with few plans; secondary,https://eusprdtransparencymrfp32.blob.core.windows.net/hphc/2026-09-01_A009-FS_in-network-rates.zip
Y,Harvard Pilgrim Health Care,A014-P1,in-network file,1,group; individual,ChoiceNet HMO,109383368.0,"Sun, 06 Sep 2026 05:01:36 GMT",SET MANUALLY (rule default N): ChoiceNet HMO/PPO: tiered/select network; candidate secondary network,https://eusprdtransparencymrfp32.blob.core.windows.net/hphc/2026-09-01_A014-P1_in-network-rates.zip
N,Harvard Pilgrim Health Care,A015-P1,in-network file,1,group; individual,ChoiceNet PPO,135803266.0,"Sun, 06 Sep 2026 05:01:35 GMT",ChoiceNet HMO/PPO: tiered/select network; candidate secondary network,https://eusprdtransparencymrfp32.blob.core.windows.net/hphc/2026-09-01_A015-P1_in-network-rates.zip
N,Harvard Pilgrim Health Care,A027-FS,in-network file,1,group,Grappone Management Company Inc - PPO - LP,108627892.0,"Sun, 06 Sep 2026 05:01:34 GMT",POS/PPO variants with few plans; secondary,https://eusprdtransparencymrfp32.blob.core.windows.net/hphc/2026-09-01_A027-FS_in-network-rates.zip
N,Harvard Pilgrim Health Care,A027-P1,in-network file,1,group; individual,PPO - LP,108622196.0,"Sun, 06 Sep 2026 05:01:35 GMT",POS/PPO variants with few plans; secondary,https://eusprdtransparencymrfp32.blob.core.windows.net/hphc/2026-09-01_A027-P1_in-network-rates.zip
N,Harvard Pilgrim Health Care,A031-P1,in-network file,1,group; individual,HPHC Insurance Company PPO,108648951.0,"Sun, 06 Sep 2026 05:01:36 GMT",POS/PPO variants with few plans; secondary,https://eusprdtransparencymrfp32.blob.core.windows.net/hphc/2026-09-01_A031-P1_in-network-rates.zip
N,Harvard Pilgrim Health Care,A043-FS,in-network file,1,group,Harvard Pilgrim Health Care - House Acct - ElevateHealth HMO HSA,110423716.0,"Sun, 06 Sep 2026 05:01:36 GMT","New Hampshire / Maine product (ElevateHealth, NH Local, LP)",https://eusprdtransparencymrfp32.blob.core.windows.net/hphc/2026-09-01_A043-FS_in-network-rates.zip
N,Harvard Pilgrim Health Care,A043-P1,in-network file,1,group; individual,ElevateHealth HMO HSA,111053595.0,"Sun, 06 Sep 2026 05:01:36 GMT","New Hampshire / Maine product (ElevateHealth, NH Local, LP)",https://eusprdtransparencymrfp32.blob.core.windows.net/hphc/2026-09-01_A043-P1_in-network-rates.zip
N,Harvard Pilgrim Health Care,A074-FS,in-network file,1,group,HMFP - HMFP/LSP Choice Network,109110204.0,"Sun, 06 Sep 2026 05:01:35 GMT","Single-employer custom network (Cape Cod Healthcare, Clergy, UNITE HERE, HMFP)",https://eusprdtransparencymrfp32.blob.core.windows.net/hphc/2026-09-01_A074-FS_in-network-rates.zip
N,Harvard Pilgrim Health Care,A075-P1,in-network file,1,group; individual,POS - LP,109426019.0,"Sun, 06 Sep 2026 05:01:34 GMT","New Hampshire / Maine product (ElevateHealth, NH Local, LP)",https://eusprdtransparencymrfp32.blob.core.windows.net/hphc/2026-09-01_A075-P1_in-network-rates.zip
N,Harvard Pilgrim Health Care,A077-FS,in-network file,1,group,Beth Israel Lahey Health (BILH) - BILH Domestic and Community HMO,109665457.0,"Sun, 06 Sep 2026 05:01:35 GMT",BILH employer-specific custom network,https://eusprdtransparencymrfp32.blob.core.windows.net/hphc/2026-09-01_A077-FS_in-network-rates.zip
N,Harvard Pilgrim Health Care,A078-FS,in-network file,1,group,Beth Israel Lahey Health (BILH) - BILH HMO Plus,109650348.0,"Sun, 06 Sep 2026 05:01:36 GMT",BILH employer-specific custom network,https://eusprdtransparencymrfp32.blob.core.windows.net/hphc/2026-09-01_A078-FS_in-network-rates.zip
N,Harvard Pilgrim Health Care,A079-FS,in-network file,1,group,Beth Israel Lahey Health (BILH) - BILH Tiered POS,109606717.0,"Sun, 06 Sep 2026 05:01:36 GMT",BILH employer-specific custom network,https://eusprdtransparencymrfp32.blob.core.windows.net/hphc/2026-09-01_A079-FS_in-network-rates.zip
N,Harvard Pilgrim Health Care,A081-FS,in-network file,1,group,Husson University - Maines Choice Plus HMO,108960621.0,"Sun, 06 Sep 2026 05:01:35 GMT",Maine product (Maine's Choice Plus),https://eusprdtransparencymrfp32.blob.core.windows.net/hphc/2026-09-01_A081-FS_in-network-rates.zip
N,Harvard Pilgrim Health Care,A089-FS,in-network file,1,group,GROUP INSURANCE COMMISSION - Harvard Pilgrim Quality HMO,109009565.0,"Sun, 06 Sep 2026 05:01:35 GMT",GIC-only custom product (Quality HMO / Explorer POS),https://eusprdtransparencymrfp32.blob.core.windows.net/hphc/2026-09-01_A089-FS_in-network-rates.zip
N,Harvard Pilgrim Health Care,A090-FS,in-network file,1,group,GROUP INSURANCE COMMISSION - Harvard Pilgrim Explorer POS,108272233.0,"Sun, 06 Sep 2026 05:01:35 GMT",GIC-only custom product (Quality HMO / Explorer POS),https://eusprdtransparencymrfp32.blob.core.windows.net/hphc/2026-09-01_A090-FS_in-network-rates.zip
N,Harvard Pilgrim Health Care,A091-FS,in-network file,1,group,SALVE REGINA UNIVERSITY - Ocean State Access America,108638020.0,"Sun, 06 Sep 2026 05:01:34 GMT",Rhode Island product (Ocean State Access America),https://eusprdtransparencymrfp32.blob.core.windows.net/hphc/2026-09-01_A091-FS_in-network-rates.zip
N,Harvard Pilgrim Health Care,A091-P1,in-network file,1,group; individual,Ocean State Access America,108582991.0,"Sun, 06 Sep 2026 05:01:33 GMT",Rhode Island product (Ocean State Access America),https://eusprdtransparencymrfp32.blob.core.windows.net/hphc/2026-09-01_A091-P1_in-network-rates.zip
N,Harvard Pilgrim Health Care,A092-FS,in-network file,1,group,"CAPE COD HEALTHCARE, INC. - CCHC DPO-GEO Plan (POS)",108962958.0,"Sun, 06 Sep 2026 05:01:35 GMT","Single-employer custom network (Cape Cod Healthcare, Clergy, UNITE HERE, HMFP)",https://eusprdtransparencymrfp32.blob.core.windows.net/hphc/2026-09-01_A092-FS_in-network-rates.zip
N,Harvard Pilgrim Health Care,A093-FS,in-network file,1,group,"CAPE COD HEALTHCARE, INC. - CCHC Out-of-Area Plan (PPO)",108556685.0,"Sun, 06 Sep 2026 05:01:34 GMT","Single-employer custom network (Cape Cod Healthcare, Clergy, UNITE HERE, HMFP)",https://eusprdtransparencymrfp32.blob.core.windows.net/hphc/2026-09-01_A093-FS_in-network-rates.zip
N,Harvard Pilgrim Health Care,A096-P1,in-network file,1,group; individual,PPO Access - LP,108602254.0,"Sun, 06 Sep 2026 05:01:34 GMT",Flex/PPO Access variants; secondary product networks,https://eusprdtransparencymrfp32.blob.core.windows.net/hphc/2026-09-01_A096-P1_in-network-rates.zip
N,Harvard Pilgrim Health Care,A097-FS,in-network file,1,group,CLERGY MEDICAL HOSPITALIZATION PLAN - Clergy POS,108981403.0,"Sun, 06 Sep 2026 05:01:36 GMT","Single-employer custom network (Cape Cod Healthcare, Clergy, UNITE HERE, HMFP)",https://eusprdtransparencymrfp32.blob.core.windows.net/hphc/2026-09-01_A097-FS_in-network-rates.zip
N,Harvard Pilgrim Health Care,A098-FS,in-network file,1,group,"CAPE COD HEALTHCARE, INC. - CCHC DPO Plan (POS)",108978884.0,"Sun, 06 Sep 2026 05:01:36 GMT","Single-employer custom network (Cape Cod Healthcare, Clergy, UNITE HERE, HMFP)",https://eusprdtransparencymrfp32.blob.core.windows.net/hphc/2026-09-01_A098-FS_in-network-rates.zip
N,Harvard Pilgrim Health Care,A101-FS,in-network file,1,group,UNITE HERE HEALTHLOCAL 26 - UHH Local 26 Select,108808945.0,"Sun, 06 Sep 2026 05:01:36 GMT","Single-employer custom network (Cape Cod Healthcare, Clergy, UNITE HERE, HMFP)",https://eusprdtransparencymrfp32.blob.core.windows.net/hphc/2026-09-01_A101-FS_in-network-rates.zip
Y,Tufts Health Plan,TuftsHealthPublicPlans_DirectNonSubsidizedGroup,Direct NonSubsidized Group in-network-rates,27680,group,"B210 Direct Gold B210 Non Subsidized SG Darleen Pratt | DNU Direct Silver B370 HSA Non Subsidized SG Home Energy Efficiency Team, Inc. 001 | DO NOT USE | DO NOT USE Direct Bronze B400 Non Subsidized SG Christian Dumont Real Estate | DO NOT USE Direct Gold B200 Non Subsidized SG OZ WINE COMPANY",11654491.0,"Tue, 01 Sep 2026 13:30:23 GMT","Tufts Health Direct small-group network - only Tufts commercial network published (27,680 plans)",https://eusprdtransparencymrfp32.blob.core.windows.net/thp/2026-09-01_TuftsHealthPublicPlans_DirectNonSubsidizedGroup_in-network-rates.zip
Y,Tufts Health Plan,TuftsHealthPublicPlans_DirectSubsidizedIndividual,Direct Subsidized Individual in-network-rates,39,individual,Direct Bronze Q401 AI/AN Zero | Direct Bronze Q402 AI/AN Reduced Cost Share | Direct Bronze Q403 Subsidized | Direct Bronze Q411 AI/AN Zero | Direct Bronze Q412 AI/AN Reduced Cost Share,11418100.0,"Tue, 01 Sep 2026 13:30:23 GMT",Tufts Health Direct individual (ConnectorCare subsidized); may carry different rates,https://eusprdtransparencymrfp32.blob.core.windows.net/thp/2026-09-01_TuftsHealthPublicPlans_DirectSubsidizedIndividual_in-network-rates.zip
Y,Tufts Health Plan,TuftsHealthPublicPlans_DirectNonSubsidizedIndividual,Direct NonSubsidized Individual in-network-rates,32,individual,Direct Bronze Q400 Non Subsidized | Direct Bronze Q400 Off Exchange | Direct Bronze Q400 SBSB Off-Exchange | Direct Bronze Q410 Non Subsidized | Direct Catastrophic Q500,11650090.0,"Tue, 01 Sep 2026 13:30:23 GMT","Tufts Health Direct individual (Health Connector, unsubsidized)",https://eusprdtransparencymrfp32.blob.core.windows.net/thp/2026-09-01_TuftsHealthPublicPlans_DirectNonSubsidizedIndividual_in-network-rates.zip
