campaign_id,docket,size,n_exact_duplicates,n_form_letters,n_template_variants,min_similarity,position_of_representative,representative_org,representative_summary,member_ids,docket_corrected,size_corrected,n_exact_duplicates_corrected,n_form_letters_corrected,n_template_variants_corrected,member_ids_corrected
CMS-2026-1916-0909,CMS-2026-1916,90,0,1,88,0.51,mixed,Parkwest Medical Center,"Parkwest Medical Center (TN) gives mixed views on CMS-2449-P, focusing on medicare benchmark methodology: “For ail these reasons, we urge CMS to allow states to calculate fhe Medicare limit in the aggregate, consistent with the current approach to determining compliance with SDP limits and CMS's historical approach to calculating upper payment Iimits in…”",CMS-2026-1916-0316 CMS-2026-1916-0318 CMS-2026-1916-0322 CMS-2026-1916-0343 CMS-2026-1916-0350 CMS-2026-1916-0351 CMS-2026-1916-0353 CMS-2026-1916-0355 CMS-2026-1916-0356 CMS-2026-1916-0357 CMS-2026-1916-0358 CMS-2026-1916-0359 CMS-2026-1916-0360 CMS-2026-1916-0361 CMS-2026-1916-0364 CMS-2026-1916-0368 CMS-2026-1916-0374 CMS-2026-1916-0375 CMS-2026-1916-0383 CMS-2026-1916-0384 CMS-2026-1916-0397 CMS-2026-1916-0400 CMS-2026-1916-0416 CMS-2026-1916-0419 CMS-2026-1916-0433 CMS-2026-1916-0469 CMS-2026-1916-0517 CMS-2026-1916-0524 CMS-2026-1916-0533 CMS-2026-1916-0543 CMS-2026-1916-0552 CMS-2026-1916-0553 CMS-2026-1916-0554 CMS-2026-1916-0556 CMS-2026-1916-0557 CMS-2026-1916-0559 CMS-2026-1916-0565 CMS-2026-1916-0567 CMS-2026-1916-0568 CMS-2026-1916-0569 CMS-2026-1916-0570 CMS-2026-1916-0572 CMS-2026-1916-0578 CMS-2026-1916-0579 CMS-2026-1916-0587 CMS-2026-1916-0589 CMS-2026-1916-0600 CMS-2026-1916-0614 CMS-2026-1916-0615 CMS-2026-1916-0618 CMS-2026-1916-0625 CMS-2026-1916-0631 CMS-2026-1916-0632 CMS-2026-1916-0635 CMS-2026-1916-0638 CMS-2026-1916-0639 CMS-2026-1916-0640 CMS-2026-1916-0641 CMS-2026-1916-0644 CMS-2026-1916-0646 CMS-2026-1916-0650 CMS-2026-1916-0652 CMS-2026-1916-0663 CMS-2026-1916-0685 CMS-2026-1916-0686 CMS-2026-1916-0694 CMS-2026-1916-0707 CMS-2026-1916-0710 CMS-2026-1916-0713 CMS-2026-1916-0727 CMS-2026-1916-0729 CMS-2026-1916-0732 CMS-2026-1916-0736 CMS-2026-1916-0738 CMS-2026-1916-0744 CMS-2026-1916-0745 CMS-2026-1916-0859 CMS-2026-1916-0868 CMS-2026-1916-0870 CMS-2026-1916-0871 CMS-2026-1916-0877 CMS-2026-1916-0881 CMS-2026-1916-0882 CMS-2026-1916-0893 CMS-2026-1916-0906 CMS-2026-1916-0907 CMS-2026-1916-0909 CMS-2026-1916-0916 CMS-2026-1916-0920 CMS-2026-1916-0924,CMS-2026-1916,90,0,1,88,CMS-2026-1916-0316 CMS-2026-1916-0318 CMS-2026-1916-0322 CMS-2026-1916-0343 CMS-2026-1916-0350 CMS-2026-1916-0351 CMS-2026-1916-0353 CMS-2026-1916-0355 CMS-2026-1916-0356 CMS-2026-1916-0357 CMS-2026-1916-0358 CMS-2026-1916-0359 CMS-2026-1916-0360 CMS-2026-1916-0361 CMS-2026-1916-0364 CMS-2026-1916-0368 CMS-2026-1916-0374 CMS-2026-1916-0375 CMS-2026-1916-0383 CMS-2026-1916-0384 CMS-2026-1916-0397 CMS-2026-1916-0400 CMS-2026-1916-0416 CMS-2026-1916-0419 CMS-2026-1916-0433 CMS-2026-1916-0469 CMS-2026-1916-0517 CMS-2026-1916-0524 CMS-2026-1916-0533 CMS-2026-1916-0543 CMS-2026-1916-0552 CMS-2026-1916-0553 CMS-2026-1916-0554 CMS-2026-1916-0556 CMS-2026-1916-0557 CMS-2026-1916-0559 CMS-2026-1916-0565 CMS-2026-1916-0567 CMS-2026-1916-0568 CMS-2026-1916-0569 CMS-2026-1916-0570 CMS-2026-1916-0572 CMS-2026-1916-0578 CMS-2026-1916-0579 CMS-2026-1916-0587 CMS-2026-1916-0589 CMS-2026-1916-0600 CMS-2026-1916-0614 CMS-2026-1916-0615 CMS-2026-1916-0618 CMS-2026-1916-0625 CMS-2026-1916-0631 CMS-2026-1916-0632 CMS-2026-1916-0635 CMS-2026-1916-0638 CMS-2026-1916-0639 CMS-2026-1916-0640 CMS-2026-1916-0641 CMS-2026-1916-0644 CMS-2026-1916-0646 CMS-2026-1916-0650 CMS-2026-1916-0652 CMS-2026-1916-0663 CMS-2026-1916-0685 CMS-2026-1916-0686 CMS-2026-1916-0694 CMS-2026-1916-0707 CMS-2026-1916-0710 CMS-2026-1916-0713 CMS-2026-1916-0727 CMS-2026-1916-0729 CMS-2026-1916-0732 CMS-2026-1916-0736 CMS-2026-1916-0738 CMS-2026-1916-0744 CMS-2026-1916-0745 CMS-2026-1916-0859 CMS-2026-1916-0868 CMS-2026-1916-0870 CMS-2026-1916-0871 CMS-2026-1916-0877 CMS-2026-1916-0881 CMS-2026-1916-0882 CMS-2026-1916-0893 CMS-2026-1916-0906 CMS-2026-1916-0907 CMS-2026-1916-0909 CMS-2026-1916-0916 CMS-2026-1916-0920 CMS-2026-1916-0924
CMS-2026-1916-0425,CMS-2026-1916,39,0,37,1,0.56,request for changes,,"An individual (IL) requests changes to CMS-2449-P, focusing on GEMT / ambulance: “Fire-based EMS agencies and state Medicaid programs need clear guidance on if current GEMT payment methodologies qualify for exceptions; what documentation would be required to demonstrate compliance; if governmental providers participating in CMS-approved…”",CMS-2026-1916-0053 CMS-2026-1916-0054 CMS-2026-1916-0055 CMS-2026-1916-0056 CMS-2026-1916-0057 CMS-2026-1916-0061 CMS-2026-1916-0062 CMS-2026-1916-0068 CMS-2026-1916-0070 CMS-2026-1916-0071 CMS-2026-1916-0072 CMS-2026-1916-0074 CMS-2026-1916-0079 CMS-2026-1916-0082 CMS-2026-1916-0085 CMS-2026-1916-0086 CMS-2026-1916-0087 CMS-2026-1916-0088 CMS-2026-1916-0089 CMS-2026-1916-0090 CMS-2026-1916-0097 CMS-2026-1916-0098 CMS-2026-1916-0100 CMS-2026-1916-0102 CMS-2026-1916-0103 CMS-2026-1916-0105 CMS-2026-1916-0120 CMS-2026-1916-0167 CMS-2026-1916-0181 CMS-2026-1916-0197 CMS-2026-1916-0198 CMS-2026-1916-0201 CMS-2026-1916-0210 CMS-2026-1916-0420 CMS-2026-1916-0425 CMS-2026-1916-0465 CMS-2026-1916-0488 CMS-2026-1916-0503 CMS-2026-1916-0560,CMS-2026-1916,39,0,37,1,CMS-2026-1916-0053 CMS-2026-1916-0054 CMS-2026-1916-0055 CMS-2026-1916-0056 CMS-2026-1916-0057 CMS-2026-1916-0061 CMS-2026-1916-0062 CMS-2026-1916-0068 CMS-2026-1916-0070 CMS-2026-1916-0071 CMS-2026-1916-0072 CMS-2026-1916-0074 CMS-2026-1916-0079 CMS-2026-1916-0082 CMS-2026-1916-0085 CMS-2026-1916-0086 CMS-2026-1916-0087 CMS-2026-1916-0088 CMS-2026-1916-0089 CMS-2026-1916-0090 CMS-2026-1916-0097 CMS-2026-1916-0098 CMS-2026-1916-0100 CMS-2026-1916-0102 CMS-2026-1916-0103 CMS-2026-1916-0105 CMS-2026-1916-0120 CMS-2026-1916-0167 CMS-2026-1916-0181 CMS-2026-1916-0197 CMS-2026-1916-0198 CMS-2026-1916-0201 CMS-2026-1916-0210 CMS-2026-1916-0420 CMS-2026-1916-0425 CMS-2026-1916-0465 CMS-2026-1916-0488 CMS-2026-1916-0503 CMS-2026-1916-0560
CMS-2026-1916-0132,CMS-2026-1916,12,0,0,11,0.50,oppose,St. Charles County Ambulance District,"St. Charles County Ambulance District (MO) opposes CMS-2449-P, focusing on GEMT / ambulance: “Requested Action We respectfully request that CMS: Withdraw the proposed limitation on GEMT supplemental payments tied to the Medicare Ambulance Fee Schedule; or, Explicitly exempt cost-based, reconciled GEMT programs operating under approved State Plans; and…”",CMS-2026-1916-0049 CMS-2026-1916-0083 CMS-2026-1916-0093 CMS-2026-1916-0099 CMS-2026-1916-0107 CMS-2026-1916-0132 CMS-2026-1916-0150 CMS-2026-1916-0172 CMS-2026-1916-0220 CMS-2026-1916-0295 CMS-2026-1916-0531 CMS-2026-1916-0536,CMS-2026-1916,12,0,0,11,CMS-2026-1916-0049 CMS-2026-1916-0083 CMS-2026-1916-0093 CMS-2026-1916-0099 CMS-2026-1916-0107 CMS-2026-1916-0132 CMS-2026-1916-0150 CMS-2026-1916-0172 CMS-2026-1916-0220 CMS-2026-1916-0295 CMS-2026-1916-0531 CMS-2026-1916-0536
CMS-2026-1916-0206,CMS-2026-1916,12,0,0,11,0.50,oppose,Lincolnshire-Riverwoods Fire Protection District,"Lincolnshire-Riverwoods Fire Protection District (IL) opposes CMS-2449-P, focusing on GEMT / ambulance: “Requested Action We respectfully request that CMS: • Withdraw the proposed limitation on GEMT supplemental payments tied to the Medicare Ambulance Fee Schedule; or, • Explicitly exempt cost-based, reconciled GEMT programs operating under approved State Plans…”",CMS-2026-1916-0050 CMS-2026-1916-0092 CMS-2026-1916-0111 CMS-2026-1916-0159 CMS-2026-1916-0179 CMS-2026-1916-0194 CMS-2026-1916-0195 CMS-2026-1916-0206 CMS-2026-1916-0213 CMS-2026-1916-0223 CMS-2026-1916-0229 CMS-2026-1916-0445,CMS-2026-1916,12,0,0,11,CMS-2026-1916-0050 CMS-2026-1916-0092 CMS-2026-1916-0111 CMS-2026-1916-0159 CMS-2026-1916-0179 CMS-2026-1916-0194 CMS-2026-1916-0195 CMS-2026-1916-0206 CMS-2026-1916-0213 CMS-2026-1916-0223 CMS-2026-1916-0229 CMS-2026-1916-0445
CMS-2026-1916-0174,CMS-2026-1916,11,0,0,10,0.67,request for changes,,"An individual requests changes to CMS-2449-P: “I'm writing as a constituent to ask you to make one commitment: when you consider healthcare policy, use the point of view of chronic disease patients.”",CMS-2026-1916-0138 CMS-2026-1916-0143 CMS-2026-1916-0144 CMS-2026-1916-0145 CMS-2026-1916-0146 CMS-2026-1916-0147 CMS-2026-1916-0152 CMS-2026-1916-0155 CMS-2026-1916-0161 CMS-2026-1916-0165 CMS-2026-1916-0174,CMS-2026-1916,11,0,0,10,CMS-2026-1916-0138 CMS-2026-1916-0143 CMS-2026-1916-0144 CMS-2026-1916-0145 CMS-2026-1916-0146 CMS-2026-1916-0147 CMS-2026-1916-0152 CMS-2026-1916-0155 CMS-2026-1916-0161 CMS-2026-1916-0165 CMS-2026-1916-0174
CMS-2026-1916-0654,CMS-2026-1916,11,0,8,2,0.71,request for changes,Bristol Regional Medical Center,"Bristol Regional Medical Center (TN) requests changes to CMS-2449-P, focusing on SDP payment limit: “Section 71116(3) directs that grandfathered SDP payments ""shall be reduced by 10 percentage points each year"" until the total payment rate for the service equals the rate specified in subsection (a) —for a non-expansion state such as Tennessee, 110 percent of…”",CMS-2026-1916-0651 CMS-2026-1916-0654 CMS-2026-1916-0657 CMS-2026-1916-0658 CMS-2026-1916-0660 CMS-2026-1916-0672 CMS-2026-1916-0677 CMS-2026-1916-0896 CMS-2026-1916-0898 CMS-2026-1916-0900 CMS-2026-1916-0917,CMS-2026-1916,11,0,8,2,CMS-2026-1916-0651 CMS-2026-1916-0654 CMS-2026-1916-0657 CMS-2026-1916-0658 CMS-2026-1916-0660 CMS-2026-1916-0672 CMS-2026-1916-0677 CMS-2026-1916-0896 CMS-2026-1916-0898 CMS-2026-1916-0900 CMS-2026-1916-0917
CMS-2026-1916-0958,CMS-2026-1916,11,0,0,10,0.51,request for changes,California Behavioral Health Association (CBHA),"California Behavioral Health Association (CBHA) (CA) requests changes to CMS-2449-P, focusing on behavioral health / SUD / IDD providers: “For providers covered under an SDP that CHIEF EXECUTIVE OFFICER are not paid by Medicare, CMS proposes that the applicable SDP payment Le Ondra Clark Harvey, PhD limit would be capped at the State plan approved rate or the rate approved under a waiver of such…”",CMS-2026-1916-0263 CMS-2026-1916-0312 CMS-2026-1916-0464 CMS-2026-1916-0493 CMS-2026-1916-0637 CMS-2026-1916-0679 CMS-2026-1916-0721 CMS-2026-1916-0775 CMS-2026-1916-0910 CMS-2026-1916-0942 CMS-2026-1916-0958,CMS-2026-1916,12,1,0,10,CMS-2026-1916-0263 CMS-2026-1916-0312 CMS-2026-1916-0464 CMS-2026-1916-0493 CMS-2026-1916-0637 CMS-2026-1916-0679 CMS-2026-1916-0721 CMS-2026-1916-0775 CMS-2026-1916-0910 CMS-2026-1916-0942 CMS-2026-1916-0958 CMS-2026-2476-0199
CMS-2026-2476-0136,CMS-2026-2476,11,0,0,10,0.60,request for changes,Ability Network of Delaware,"Ability Network of Delaware (DE) requests changes to CMS-2452-P, focusing on indirect hold harmless threshold: calculation & baseline: “To underscore, we recommend that CMS require expansion States measure specific impacts of threshold reductions on behavioral health benefit categories, preserve the 75/75 test, provide additional flexibility and time to implement data reporting requirements…”",CMS-2026-2476-0026 CMS-2026-2476-0030 CMS-2026-2476-0034 CMS-2026-2476-0050 CMS-2026-2476-0053 CMS-2026-2476-0055 CMS-2026-2476-0059 CMS-2026-2476-0062 CMS-2026-2476-0063 CMS-2026-2476-0136 CMS-2026-2476-0206,CMS-2026-2476,11,0,0,10,CMS-2026-2476-0026 CMS-2026-2476-0030 CMS-2026-2476-0034 CMS-2026-2476-0050 CMS-2026-2476-0053 CMS-2026-2476-0055 CMS-2026-2476-0059 CMS-2026-2476-0062 CMS-2026-2476-0063 CMS-2026-2476-0136 CMS-2026-2476-0206
CMS-2026-1916-0665,CMS-2026-1916,10,0,7,2,0.51,request for changes,Ute Pass Regional Health Service Districe,"Ute Pass Regional Health Service Districe (CO) requests changes to CMS-2449-P, focusing on GEMT / ambulance: “EMS agencies and state Medicaid programs need clear guidance regarding whether current GEMT payment methodologies qualify for the exception; what documentation would be required to demonstrate compliance; and whether governmental providers participating in…”",CMS-2026-1916-0236 CMS-2026-1916-0370 CMS-2026-1916-0441 CMS-2026-1916-0448 CMS-2026-1916-0481 CMS-2026-1916-0492 CMS-2026-1916-0513 CMS-2026-1916-0526 CMS-2026-1916-0665 CMS-2026-1916-0901,CMS-2026-1916,10,0,7,2,CMS-2026-1916-0236 CMS-2026-1916-0370 CMS-2026-1916-0441 CMS-2026-1916-0448 CMS-2026-1916-0481 CMS-2026-1916-0492 CMS-2026-1916-0513 CMS-2026-1916-0526 CMS-2026-1916-0665 CMS-2026-1916-0901
CMS-2026-1916-0725,CMS-2026-1916,10,0,0,9,0.59,request for changes,A-MED Ambulance Service,"A-MED Ambulance Service (LA) requests changes to CMS-2449-P, focusing on GEMT / ambulance: “I urge CMS to exempt ambulance services, provide equal transition timelines for all affected providers, and allow broader non-geographic exception categories for targeted fee-for-service payments.”",CMS-2026-1916-0273 CMS-2026-1916-0477 CMS-2026-1916-0494 CMS-2026-1916-0497 CMS-2026-1916-0585 CMS-2026-1916-0688 CMS-2026-1916-0725 CMS-2026-1916-0837 CMS-2026-1916-0864 CMS-2026-1916-0869,CMS-2026-1916,10,0,0,9,CMS-2026-1916-0273 CMS-2026-1916-0477 CMS-2026-1916-0494 CMS-2026-1916-0497 CMS-2026-1916-0585 CMS-2026-1916-0688 CMS-2026-1916-0725 CMS-2026-1916-0837 CMS-2026-1916-0864 CMS-2026-1916-0869
CMS-2026-1916-0669,CMS-2026-1916,9,0,8,0,0.87,oppose,Johnston Memorial Hospital,"Johnston Memorial Hospital (VA) opposes CMS-2449-P, focusing on grandfathered SDPs & 10%/yr phase-down: “The phase-down methodology reads ""percentage points"" to mean ""percent."" Section 71116(b) directs that grandfathered SDP payments ""shall be reduced by 10 percentage points each year"" until the total payment rate equals the rate specified in subsection (a) —…”",CMS-2026-1916-0669 CMS-2026-1916-0673 CMS-2026-1916-0674 CMS-2026-1916-0887 CMS-2026-1916-0892 CMS-2026-1916-0894 CMS-2026-1916-0895 CMS-2026-1916-0902 CMS-2026-1916-0903,CMS-2026-1916,9,0,8,0,CMS-2026-1916-0669 CMS-2026-1916-0673 CMS-2026-1916-0674 CMS-2026-1916-0887 CMS-2026-1916-0892 CMS-2026-1916-0894 CMS-2026-1916-0895 CMS-2026-1916-0902 CMS-2026-1916-0903
CMS-2026-1916-0899,CMS-2026-1916,8,0,2,5,0.56,request for changes,Carilion Clinic,"Carilion Clinic (VA) requests changes to CMS-2449-P, focusing on SDP payment limit: “CMS should: • Limit Medicare payment caps to the service categories identiﬁed by Congress; • Implement the phase-down using annual reductions of 10 percentage points of the Medicare payment rate percentage that correlates to the total dollar amount of the…”",CMS-2026-1916-0521 CMS-2026-1916-0535 CMS-2026-1916-0564 CMS-2026-1916-0643 CMS-2026-1916-0655 CMS-2026-1916-0880 CMS-2026-1916-0899 CMS-2026-1916-0904,CMS-2026-1916,8,0,2,5,CMS-2026-1916-0521 CMS-2026-1916-0535 CMS-2026-1916-0564 CMS-2026-1916-0643 CMS-2026-1916-0655 CMS-2026-1916-0880 CMS-2026-1916-0899 CMS-2026-1916-0904
CMS-2026-1916-0577,CMS-2026-1916,7,0,1,5,0.58,request for changes,"Southern Paramedic Service, Inc.","Southern Paramedic Service, Inc. requests changes to CMS-2449-P, focusing on GEMT / ambulance: “We support CMS's efforts to improve transparency and accountability within Medicaid supplemental payment programs.”",CMS-2026-1916-0577 CMS-2026-1916-0594 CMS-2026-1916-0597 CMS-2026-1916-0766 CMS-2026-1916-0856 CMS-2026-1916-0857 CMS-2026-1916-0858,CMS-2026-1916,7,0,1,5,CMS-2026-1916-0577 CMS-2026-1916-0594 CMS-2026-1916-0597 CMS-2026-1916-0766 CMS-2026-1916-0856 CMS-2026-1916-0857 CMS-2026-1916-0858
CMS-2026-1916-0200,CMS-2026-1916,5,0,0,4,0.62,oppose,,"An individual (ID) opposes CMS-2449-P, focusing on GEMT / ambulance: “We respectfully request that CMS: Withdraw the proposed limitation on GEMT supplemental payments tied to the Medicare Ambulance Fee Schedule; or, Explicitly exempt cost-based, reconciled GEMT programs operating under approved State Plans; and Preserve the…”",CMS-2026-1916-0200 CMS-2026-1916-0546 CMS-2026-1916-0695 CMS-2026-1916-0698 CMS-2026-1916-0702,CMS-2026-1916,5,0,0,4,CMS-2026-1916-0200 CMS-2026-1916-0546 CMS-2026-1916-0695 CMS-2026-1916-0698 CMS-2026-1916-0702
CMS-2026-1916-0303,CMS-2026-1916,5,0,2,2,0.66,request for changes,Oceans Healthcare,"Oceans Healthcare requests changes to CMS-2449-P, focusing on grandfathered SDPs & 10%/yr phase-down: “As CMS notes in the Proposed Rule, CMS has historically compared the proposed SDP total payment rate for “either the Medicare or Medicaid FFS rate,” and only when the SDP exceeded those rates did CMS request ACR data.9 As an example, in Texas, CMS did not use…”",CMS-2026-1916-0303 CMS-2026-1916-0504 CMS-2026-1916-0514 CMS-2026-1916-0656 CMS-2026-1916-0670,CMS-2026-1916,5,0,2,2,CMS-2026-1916-0303 CMS-2026-1916-0504 CMS-2026-1916-0514 CMS-2026-1916-0656 CMS-2026-1916-0670
CMS-2026-1916-0598,CMS-2026-1916,5,0,0,4,0.54,request for changes,Tennova Turkey Creek Medical Center,"Tennova Turkey Creek Medical Center (TN) requests changes to CMS-2449-P, focusing on FFS targeted Medicaid practitioner payment limit: “With this poor reimbursement, supplemental payment pools and state directed payments (SDPs) have provided a necessary lifeline to allow us to continue serving TennCare beneficiaries.”",CMS-2026-1916-0598 CMS-2026-1916-0602 CMS-2026-1916-0603 CMS-2026-1916-0604 CMS-2026-1916-0606,CMS-2026-1916,5,0,0,4,CMS-2026-1916-0598 CMS-2026-1916-0602 CMS-2026-1916-0603 CMS-2026-1916-0604 CMS-2026-1916-0606
CMS-2026-1916-0750,CMS-2026-1916,5,0,0,4,0.52,request for changes,Augusta Health,"Augusta Health requests changes to CMS-2449-P, focusing on SDP payment limit: “We urge CMS to: • Limit Medicare payment caps to the service categories identified by Congress; 1 • Implement the phase-down using annual reductions of 10 percentage points of the Medicare payment rate percentage that correlates to the total dollar amount of…”",CMS-2026-1916-0377 CMS-2026-1916-0540 CMS-2026-1916-0668 CMS-2026-1916-0750 CMS-2026-1916-0844,CMS-2026-1916,5,0,0,4,CMS-2026-1916-0377 CMS-2026-1916-0540 CMS-2026-1916-0668 CMS-2026-1916-0750 CMS-2026-1916-0844
CMS-2026-1916-0832,CMS-2026-1916,5,0,0,4,0.50,oppose,,"An individual (CA) opposes CMS-2449-P, focusing on GEMT / ambulance: “We respectfully request that CMS modify this proposal to explicitly exempt governmental, volunteer, and 501(c)(3) fire-based EMS agencies that operate under approved, cost-reconciled GEMT programs.”",CMS-2026-1916-0119 CMS-2026-1916-0406 CMS-2026-1916-0435 CMS-2026-1916-0832 CMS-2026-1916-0956,CMS-2026-1916,5,0,0,4,CMS-2026-1916-0119 CMS-2026-1916-0406 CMS-2026-1916-0435 CMS-2026-1916-0832 CMS-2026-1916-0956
CMS-2026-2476-0011,CMS-2026-2476,5,2,0,2,0.56,oppose,,"An individual (WA) opposes CMS-2452-P, focusing on indirect hold harmless threshold: calculation & baseline: “I urge CMS to withdraw this proposed rule.”",CMS-2026-2476-0011 CMS-2026-2476-0012 CMS-2026-2476-0013 CMS-2026-2476-0014 CMS-2026-2476-0015,CMS-2026-2476,5,2,0,2,CMS-2026-2476-0011 CMS-2026-2476-0012 CMS-2026-2476-0013 CMS-2026-2476-0014 CMS-2026-2476-0015
CMS-2026-1916-0173,CMS-2026-1916,4,0,0,3,0.74,request for changes,Forest Park Fire Department,"Forest Park Fire Department (IL) requests changes to CMS-2449-P, focusing on GEMT / ambulance: “I respectfully urge CMS to exclude Ground Emergency Medical Transportation providers from this proposed reimbursement limitation or, at a minimum, preserve the existing GEMT reimbursement methodology that recognizes the actual cost of providing emergency…”",CMS-2026-1916-0173 CMS-2026-1916-0185 CMS-2026-1916-0187 CMS-2026-1916-0256,CMS-2026-1916,4,0,0,3,CMS-2026-1916-0173 CMS-2026-1916-0185 CMS-2026-1916-0187 CMS-2026-1916-0256
CMS-2026-1916-0404,CMS-2026-1916,4,1,0,2,0.53,oppose,Children's Hospital Association,"Children's Hospital Association opposes CMS-2449-P, focusing on safety-net / children's / rural hospital impact: “Proposed New Medicare Limits on SDPs Link SDP Limit to Medicare UPL Recommendation: We strongly recommend CMS allow states to apply Medicare UPL methodology.”",CMS-2026-1916-0404 CMS-2026-1916-0422 CMS-2026-1916-0681 CMS-2026-1916-0888,CMS-2026-1916,4,1,0,2,CMS-2026-1916-0404 CMS-2026-1916-0422 CMS-2026-1916-0681 CMS-2026-1916-0888
CMS-2026-1916-0749,CMS-2026-1916,4,0,0,3,0.57,mixed,North Carolina Healthcare Association (NCHA),"North Carolina Healthcare Association (NCHA) (NC) gives mixed views on CMS-2449-P, focusing on SDP payment limit: “As such, the net payment that providers can use to cover the cost of providing service is lower than the gross amount initiatively received.”15 Accordingly, CMS should revise its methodology so that only the federal share of the total Medicaid payment is…”",CMS-2026-1916-0617 CMS-2026-1916-0749 CMS-2026-1916-0931 CMS-2026-1916-0935,CMS-2026-1916,4,0,0,3,CMS-2026-1916-0617 CMS-2026-1916-0749 CMS-2026-1916-0931 CMS-2026-1916-0935
CMS-2026-1916-0948,CMS-2026-1916,4,1,0,2,0.53,request for changes,Tualatin Valley Fire and Rescue,"Tualatin Valley Fire and Rescue (OR) requests changes to CMS-2449-P, focusing on GEMT / ambulance: “However, CMS-2449-P would have the practical effect of extending these payment limits to all providers participating in State Directed Payment (SDP) programs, including ambulance providers.”",CMS-2026-1916-0260 CMS-2026-1916-0438 CMS-2026-1916-0948 CMS-2026-1916-0949,CMS-2026-1916,4,1,0,2,CMS-2026-1916-0260 CMS-2026-1916-0438 CMS-2026-1916-0948 CMS-2026-1916-0949
CMS-2026-2476-0114,CMS-2026-2476,4,0,0,3,0.60,oppose,Children's Hospital Association of Texas,"Children's Hospital Association of Texas (TX) opposes CMS-2452-P, focusing on indirect hold harmless threshold: calculation & baseline: “Meaning of “Enacted” and “Imposed” Summary of CMS’s Proposal Under the WFTC legislation, a new indirect hold harmless threshold will go into effect for each health care-related tax on October 1, 2026.2 To establish the new threshold, CMS will look to the…”",CMS-2026-2476-0048 CMS-2026-2476-0051 CMS-2026-2476-0061 CMS-2026-2476-0114,CMS-2026-2476,4,0,0,3,CMS-2026-2476-0048 CMS-2026-2476-0051 CMS-2026-2476-0061 CMS-2026-2476-0114
CMS-2026-1916-0129,CMS-2026-1916,3,0,0,2,0.60,mixed,Coulee Medical Center,"Coulee Medical Center (WA) gives mixed views on CMS-2449-P, focusing on grandfathered SDPs & 10%/yr phase-down: “Calculation of Medicare rate at service and hospital level We strongly oppose the proposal that the Medicare rate be calculated at a service and hospital level.”",CMS-2026-1916-0129 CMS-2026-1916-0278 CMS-2026-1916-0529,CMS-2026-1916,3,0,0,2,CMS-2026-1916-0129 CMS-2026-1916-0278 CMS-2026-1916-0529
CMS-2026-1916-0255,CMS-2026-1916,3,0,1,1,0.70,mixed,Monroe County Medical Center,"Monroe County Medical Center (KY) gives mixed views on CMS-2449-P, focusing on SDP payment limit: “Medicare payment rates should not be treated as the exclusive operational benchmark for Medicaid payment policy We do not dispute Congress's decision to use Medicare as the payment ceiling or the integrity of Medicare's payment systems within the Medicare…”",CMS-2026-1916-0255 CMS-2026-1916-0511 CMS-2026-1916-0624,CMS-2026-1916,3,0,1,1,CMS-2026-1916-0255 CMS-2026-1916-0511 CMS-2026-1916-0624
CMS-2026-1916-0317,CMS-2026-1916,3,0,0,2,0.51,oppose,City of Glendale Fire Department,"City of Glendale Fire Department opposes CMS-2449-P, focusing on GEMT / ambulance: “We respectfully request that CMS modify this proposal to explicitly exempt governmental, volunteer, and 501(c)(3) fire-based EMS agencies that operate under approved, cost-reconciled GEMT programs.”",CMS-2026-1916-0314 CMS-2026-1916-0317 CMS-2026-1916-0510,CMS-2026-1916,3,0,0,2,CMS-2026-1916-0314 CMS-2026-1916-0317 CMS-2026-1916-0510
CMS-2026-1916-0336,CMS-2026-1916,3,0,0,2,0.52,request for changes,Keno Rural Fire Protection District,"Keno Rural Fire Protection District (OR) requests changes to CMS-2449-P, focusing on GEMT / ambulance: “However, CMS-2449-P would have the practical effect of extending these payment limits to all providers participating in State Directed Payment (SDP) programs, including ambulance providers.”",CMS-2026-1916-0234 CMS-2026-1916-0336 CMS-2026-1916-0831,CMS-2026-1916,3,0,0,2,CMS-2026-1916-0234 CMS-2026-1916-0336 CMS-2026-1916-0831
CMS-2026-1916-0549,CMS-2026-1916,3,0,0,2,0.69,request for changes,Newman’s Medical Services,"Newman’s Medical Services (AL) requests changes to CMS-2449-P, focusing on GEMT / ambulance: “Medicare reimbursement has long failed to cover the actual cost of providing ambulance services and should not be used as the benchmark for Medicaid payment adequacy.”",CMS-2026-1916-0313 CMS-2026-1916-0549 CMS-2026-1916-0607,CMS-2026-1916,3,0,0,2,CMS-2026-1916-0313 CMS-2026-1916-0549 CMS-2026-1916-0607
CMS-2026-1916-0596,CMS-2026-1916,3,0,0,2,0.78,request for changes,Cordell Memorial Hospital,"Cordell Memorial Hospital (OK) requests changes to CMS-2449-P, focusing on SDP preprint/approval & other SDP requirements: “We request that CMS establish a safe harbor under the cost-reconciliation exemption for providers whose annual Medicaid managed care inpatient volume is below 200 discharges — a threshold CMS should calibrate based on the CAH designation criteria or existing…”",CMS-2026-1916-0287 CMS-2026-1916-0548 CMS-2026-1916-0596,CMS-2026-1916,3,0,0,2,CMS-2026-1916-0287 CMS-2026-1916-0548 CMS-2026-1916-0596
CMS-2026-1916-0759,CMS-2026-1916,3,0,0,2,0.53,oppose,Orland Fire Protection District,"Orland Fire Protection District (IL) opposes CMS-2449-P, focusing on GEMT / ambulance: “Requested Action We respectfully request that CMS: • Withdraw the proposed limitation on GEMT supplemental payments tied to the Medicare Ambulance Fee Schedule; or, • Explicitly exempt cost-based, reconciled GEMT programs operating under approved State Plans…”",CMS-2026-1916-0341 CMS-2026-1916-0605 CMS-2026-1916-0759,CMS-2026-1916,3,0,0,2,CMS-2026-1916-0341 CMS-2026-1916-0605 CMS-2026-1916-0759
CMS-2026-1916-0768,CMS-2026-1916,3,0,2,0,0.81,oppose,Fayette County Ambulance,"Fayette County Ambulance (AL) opposes CMS-2449-P, focusing on GEMT / ambulance: “We respectfully request that CMS withdraw or substantially revise the proposed rule so that Alabama's successful ambulance supplemental payment program can continue supporting access to reliable emergency medical services.”",CMS-2026-1916-0768 CMS-2026-1916-0773 CMS-2026-1916-0863,CMS-2026-1916,3,0,2,0,CMS-2026-1916-0768 CMS-2026-1916-0773 CMS-2026-1916-0863
CMS-2026-1916-0861,CMS-2026-1916,3,0,0,2,0.50,mixed,Teaching Hospitals of Texas,"Teaching Hospitals of Texas (TX) gives mixed views on CMS-2449-P, focusing on SDP payment limit: “CMS should not treat Medicare payment rates as the exclusive operational benchmark for Medicaid payment policy THOT does not dispute Congress's decision to use Medicare as the payment ceiling or the integrity of Medicare's payment systems within the Medicaid…”",CMS-2026-1916-0184 CMS-2026-1916-0391 CMS-2026-1916-0861,CMS-2026-1916,3,0,0,2,CMS-2026-1916-0184 CMS-2026-1916-0391 CMS-2026-1916-0861
CMS-2026-1916-0927,CMS-2026-1916,3,0,0,2,0.52,oppose,City of Santee,"City of Santee opposes CMS-2449-P, focusing on GEMT / ambulance: “We respectfully request that CMS modify this proposal to explicitly exempt governmental, volunteer, and 501(c)(3) fire-based EMS agencies that operate under approved, cost-reconciled GEMT programs.”",CMS-2026-1916-0186 CMS-2026-1916-0520 CMS-2026-1916-0927,CMS-2026-1916,3,0,0,2,CMS-2026-1916-0186 CMS-2026-1916-0520 CMS-2026-1916-0927
CMS-2026-2476-0100,CMS-2026-2476,3,0,0,2,0.60,request for changes,Ohio Hospital Association,"Ohio Hospital Association (OH) requests changes to CMS-2452-P, focusing on indirect hold harmless threshold: calculation & baseline: “The final rule should recognize that continuity and should not treat subsequent administrative implementation, routine assessment activity, or the ordinary operation of an existing tax as the creation of a new tax.”",CMS-2026-2476-0100 CMS-2026-2476-0138 CMS-2026-2476-0175,CMS-2026-2476,3,0,0,2,CMS-2026-2476-0100 CMS-2026-2476-0138 CMS-2026-2476-0175
CMS-2026-2476-0195,CMS-2026-2476,3,0,0,2,0.75,request for changes,North Carolina Healthcare Association,"North Carolina Healthcare Association (NC) requests changes to CMS-2452-P, focusing on indirect hold harmless threshold: calculation & baseline: “CMS should clarify this point by adding that tax increases anticipated in pending preprints count toward the harmless threshold just like tax amounts in pending tax waivers. 3.”",CMS-2026-2476-0097 CMS-2026-2476-0187 CMS-2026-2476-0195,CMS-2026-2476,3,0,0,2,CMS-2026-2476-0097 CMS-2026-2476-0187 CMS-2026-2476-0195
CMS-2026-1916-0012,CMS-2026-1916,2,1,0,0,1.00,oppose,,"An individual (WY) opposes CMS-2449-P, focusing on behavioral health / SUD / IDD providers: “Facilities including community mental health care centers are barely able to remain and operate on the meager payments that they are getting from Medicaid and Medicare.”",CMS-2026-1916-0012 CMS-2026-1916-0013,CMS-2026-1916,2,1,0,0,CMS-2026-1916-0012 CMS-2026-1916-0013
CMS-2026-1916-0015,CMS-2026-1916,2,1,0,0,1.00,request for changes,,"An individual requests changes to CMS-2449-P, focusing on SDP preprint/approval & other SDP requirements: “Given this, can CMS clarify whether “prior approval” is intended to require approval prior to implementation of the SDP, including MCO payment of the SDP?”",CMS-2026-1916-0015 CMS-2026-1916-0016,CMS-2026-1916,2,1,0,0,CMS-2026-1916-0015 CMS-2026-1916-0016
CMS-2026-1916-0025,CMS-2026-1916,2,1,0,0,1.00,oppose,,"An individual (TX) opposes CMS-2449-P, focusing on SDP payment limit: “I oppose the proposed rule changes that Centers for Medicare and Medicaid Services is offering for Medicaid Managed Care State Directed Payments and Medicaid Fee-for-Service Targeted Medicaid Practitioner Payments.”",CMS-2026-1916-0025 CMS-2026-1916-0026,CMS-2026-1916,2,1,0,0,CMS-2026-1916-0025 CMS-2026-1916-0026
CMS-2026-1916-0175,CMS-2026-1916,2,1,0,0,1.00,oppose,,An individual (CA) opposes CMS-2449-P: “Don’t do this to small towns that need these services. Especially the ones that are many miles away from services”,CMS-2026-1916-0175 CMS-2026-1916-0176,CMS-2026-1916,2,1,0,0,CMS-2026-1916-0175 CMS-2026-1916-0176
CMS-2026-1916-0208,CMS-2026-1916,2,0,0,1,0.54,request for changes,Fayette County Emergency Medical Services (EMS),"Fayette County Emergency Medical Services (EMS) (TX) requests changes to CMS-2449-P, focusing on GEMT / ambulance: “Public funding should be supported by clear methodologies, appropriate oversight, and measurable outcomes, and we support those objectives.”",CMS-2026-1916-0207 CMS-2026-1916-0208,CMS-2026-1916,2,0,0,1,CMS-2026-1916-0207 CMS-2026-1916-0208
CMS-2026-1916-0215,CMS-2026-1916,2,0,0,1,0.54,oppose,City of Joliet Fire Department,"City of Joliet Fire Department (IL) opposes CMS-2449-P, focusing on GEMT / ambulance: “Requested Action We respectfully request that CMS: • Withdraw the proposed limitation on GEMT supplemental payments tied to the Medicare Ambulance Fee Schedule; or, • Explicitly exempt cost-based, reconciled GEMT programs operating under approved State Plans…”",CMS-2026-1916-0215 CMS-2026-1916-0283,CMS-2026-1916,2,0,0,1,CMS-2026-1916-0215 CMS-2026-1916-0283
CMS-2026-1916-0218,CMS-2026-1916,2,0,1,0,0.84,oppose,Cedarburg Fire and Rescue,"Cedarburg Fire and Rescue (WI) opposes CMS-2449-P, focusing on GEMT / ambulance: “Specifically, the proposal to cap targeted Medicaid supplemental payments at the equivalent of the Medicare Ambulance Fee Schedule rates will profoundly and negatively impact our operations, jeopardize community safety, and threaten the financial viability of…”",CMS-2026-1916-0217 CMS-2026-1916-0218,CMS-2026-1916,2,0,1,0,CMS-2026-1916-0217 CMS-2026-1916-0218
CMS-2026-1916-0250,CMS-2026-1916,2,1,0,0,1.00,oppose,,"A parent/caregiver (PA) opposes CMS-2449-P, focusing on behavioral health / SUD / IDD providers: “Medicaid support does not replace what families do—it makes it possible for us to continue providing care at home.”",CMS-2026-1916-0250 CMS-2026-1916-0251,CMS-2026-1916,2,1,0,0,CMS-2026-1916-0250 CMS-2026-1916-0251
CMS-2026-1916-0326,CMS-2026-1916,2,0,0,1,0.50,request for changes,City of Corvallis,"City of Corvallis (OR) requests changes to CMS-2449-P, focusing on GEMT / ambulance: “However, CMS-2449-P would have the practical effect of extending these payment limits to all providers participating in State Directed Payment (SDP) programs, including ambulance providers.”",CMS-2026-1916-0232 CMS-2026-1916-0326,CMS-2026-1916,2,0,0,1,CMS-2026-1916-0232 CMS-2026-1916-0326
CMS-2026-1916-0329,CMS-2026-1916,2,0,0,1,0.76,oppose,"Ambulance District Asso of Missouri, Missouri Ambulance Assco, Missouri EMS Asso and the Missouri Fire Chiefs Assoc","Ambulance District Asso of Missouri, Missouri Ambulance Assco, Missouri EMS Asso and the Missouri Fire Chiefs Assoc (MO) opposes CMS-2449-P, focusing on GEMT / ambulance: “While we fully support CMS's commitment to ﬁscal integrity, accountability, and transparency within the Medicaid program, we respectfully urge CMS to withdraw or substantially revise the proposed limitation tying GEMT supplemental payments to the Medicare…”",CMS-2026-1916-0329 CMS-2026-1916-0959,CMS-2026-1916,2,0,0,1,CMS-2026-1916-0329 CMS-2026-1916-0959
CMS-2026-1916-0344,CMS-2026-1916,2,1,0,0,1.00,request for changes,City of Selma Fire Department,"City of Selma Fire Department (CA) requests changes to CMS-2449-P, focusing on GEMT / ambulance: “We Support Genuine Fiscal Oversight and Transparency — and Ask CMS to Apply It Where the Data Show It Is Needed CMS explains that this rule implements the June 6, 2025 Presidential Memorandum, “Eliminating Waste, Fraud, and Abuse in Medicaid,” and is intended…”",CMS-2026-1916-0344 CMS-2026-1916-0345,CMS-2026-1916,2,1,0,0,CMS-2026-1916-0344 CMS-2026-1916-0345
CMS-2026-1916-0369,CMS-2026-1916,2,0,1,0,0.81,mixed,South Carolina Hospital Association,"South Carolina Hospital Association (SC) gives mixed views on CMS-2449-P, focusing on grandfathered SDPs & 10%/yr phase-down: “For example: Base Rate SDP Amount Total Payment Medicare Phasedown Amount Amount Rate Annual Rate Equivalent Cut / Years Amount State A $1.9B $100M $2B $1.9B $10M/ 10 years State B $16 $1B $2B $1.9B $1OOM / 1 year 9Proposed Rule at 30422. 10Proposed Rule at…”",CMS-2026-1916-0369 CMS-2026-1916-0961,CMS-2026-1916,2,0,1,0,CMS-2026-1916-0369 CMS-2026-1916-0961
CMS-2026-1916-0372,CMS-2026-1916,2,0,0,1,0.73,oppose,Washington County/Johnson City EMS,"Washington County/Johnson City EMS (WA) opposes CMS-2449-P, focusing on GEMT / ambulance: “For these reasons, we respectfully urge CMS to recognize that Medicare reimbursement should not be used as a proxy for payment adequacy when establishing Medicaid payment limits for ground ambulance services.”",CMS-2026-1916-0372 CMS-2026-1916-0591,CMS-2026-1916,2,0,0,1,CMS-2026-1916-0372 CMS-2026-1916-0591
CMS-2026-1916-0415,CMS-2026-1916,2,0,0,1,0.55,oppose,Texas Essential Healthcare Partnerships,"Texas Essential Healthcare Partnerships (TX) opposes CMS-2449-P, focusing on grandfathered SDPs & 10%/yr phase-down: “Further, Section 71116 provides that “in the absence of a speciﬁed total published Medicare rate” the payment rate should be the payment rate under a Medicaid State plan.”",CMS-2026-1916-0339 CMS-2026-1916-0415,CMS-2026-1916,2,0,0,1,CMS-2026-1916-0339 CMS-2026-1916-0415
CMS-2026-1916-0453,CMS-2026-1916,2,1,0,0,1.00,request for changes,,"An individual requests changes to CMS-2449-P, focusing on SDP payment limit: “By defining the limit as “total published Medicare payment rate” or “100 percent of the State plan approved rate,” the rule invites states to apply ingenuity, for good or ill, to coming up with alternative payment methodologies which cannot be mapped into a…”",CMS-2026-1916-0453 CMS-2026-1916-0454,CMS-2026-1916,2,1,0,0,CMS-2026-1916-0453 CMS-2026-1916-0454
CMS-2026-1916-0462,CMS-2026-1916,2,0,0,1,0.67,request for changes,American Nurses Association,"American Nurses Association requests changes to CMS-2449-P, focusing on SDP payment limit: “Accordingly, CMS should clarify that Medicare payment benchmarks applicable under Section 71116 establish aggregate payment limits only and do not require states to adopt Medicare's statutory practitioner payment differentials.”",CMS-2026-1916-0270 CMS-2026-1916-0462,CMS-2026-1916,2,0,0,1,CMS-2026-1916-0270 CMS-2026-1916-0462
CMS-2026-1916-0473,CMS-2026-1916,2,0,1,0,0.86,oppose,"CAYA Collaborative Care, Inc.","CAYA Collaborative Care, Inc. (KY) opposes CMS-2449-P, focusing on behavioral health / SUD / IDD providers: “We respectfully request that CMS withdraw or revise the rule to conform strictly to Section 71116: limit the caps to the four statutory services; confine the state-plan-rate fallback to those services; preserve the uniform dollar/percentage option; remove the…”",CMS-2026-1916-0473 CMS-2026-1916-0490,CMS-2026-1916,2,0,1,0,CMS-2026-1916-0473 CMS-2026-1916-0490
CMS-2026-1916-0476,CMS-2026-1916,2,0,0,1,0.56,request for changes,CHRISTUS Health,"CHRISTUS Health requests changes to CMS-2449-P, focusing on grandfathered SDPs & 10%/yr phase-down: “For example: Total Phasedown Base Medicare Phasedown SDP Payment Annual Rate Rate Rate Years Rate Cut State A $1.9B $100M $2B $1.9B $10M 10 State B $1B $1B $2B $1.9B $100M 1 Under the Proposed Rule, State A would have to cut its Total Payment Rate by ten…”",CMS-2026-1916-0476 CMS-2026-1916-0808,CMS-2026-1916,2,0,0,1,CMS-2026-1916-0476 CMS-2026-1916-0808
CMS-2026-1916-0609,CMS-2026-1916,2,0,0,1,0.78,request for changes,Mt. Graham Regional Medical Center,"Mt. Graham Regional Medical Center (AZ) requests changes to CMS-2449-P, focusing on safety-net / children's / rural hospital impact: “We support retaining a cost-based approach for CAHs, but the proposed rule does not specify which cost report year applies, whether settled or as-filed data governs, or how the cost-based limit interacts with the CAH 101 percent reimbursement floor.”",CMS-2026-1916-0599 CMS-2026-1916-0609,CMS-2026-1916,2,0,0,1,CMS-2026-1916-0599 CMS-2026-1916-0609
CMS-2026-1916-0682,CMS-2026-1916,2,0,1,0,0.88,request for changes,America's Essential Hospitals,"America's Essential Hospitals (MS) requests changes to CMS-2449-P, focusing on SDP payment limit: “Below, we summarize important differences between Medicare and Medicaid populations that should be considered when comparing Medicaid and Medicare payment rates, highlight concerns with CMS’ proposed approach, and describe our proposed approach to maintaining…”",CMS-2026-1916-0423 CMS-2026-1916-0682,CMS-2026-1916,2,0,1,0,CMS-2026-1916-0423 CMS-2026-1916-0682
CMS-2026-1916-0740,CMS-2026-1916,2,0,1,0,0.93,oppose,Adventist Health Policy Association,"Adventist Health Policy Association opposes CMS-2449-P, focusing on SDP payment limit: “The proposed rule does not clearly identify which Medicare add-on payments and adjustments would be included, which versions of CMS prices states should use, how frequently calculations must be updated, how Medicaid rating periods should be aligned with…”",CMS-2026-1916-0740 CMS-2026-1916-0741,CMS-2026-1916,2,0,1,0,CMS-2026-1916-0740 CMS-2026-1916-0741
CMS-2026-1916-0746,CMS-2026-1916,2,0,0,1,0.61,oppose,UToledo Heatlh participating as University of Toledo Physicians,"UToledo Heatlh participating as University of Toledo Physicians (OH) opposes CMS-2449-P, focusing on grandfathered SDPs & 10%/yr phase-down: “We strongly urge CMS to reconsider its proposed cuts to critical health system funding, which we believe exceed those required by the Working Families Tax Cut Legislation (WFTCL).”",CMS-2026-1916-0662 CMS-2026-1916-0746,CMS-2026-1916,2,0,0,1,CMS-2026-1916-0662 CMS-2026-1916-0746
CMS-2026-1916-0780,CMS-2026-1916,2,0,1,0,0.82,request for changes,Rady Children's Health,"Rady Children's Health requests changes to CMS-2449-P, focusing on safety-net / children's / rural hospital impact: “If CMS declines to exempt specialized pediatric services and providers from Medicare-based payment limits, adopt the longstanding Medicare Upper Payment Limit (UPL) methodology as the Medicare-equivalent payment benchmark.”",CMS-2026-1916-0653 CMS-2026-1916-0780,CMS-2026-1916,2,0,1,0,CMS-2026-1916-0653 CMS-2026-1916-0780
CMS-2026-1916-0787,CMS-2026-1916,2,0,0,1,0.67,request for changes,Baker Donelson,"Baker Donelson (MD) requests changes to CMS-2449-P, focusing on grandfathered SDPs & 10%/yr phase-down: “For example: Total Phasedown Payment Medicare Annual Phasedown Base Rate SDP Rate Rate Rate Cut Years State A $1.9B $100M $2B $1.9B $10M 10 State B $1B $1B $2B $1.9B $100M 1 Under the Proposed Rule, State A would have to cut its Total Payment Rate by ten…”",CMS-2026-1916-0437 CMS-2026-1916-0787,CMS-2026-1916,2,0,0,1,CMS-2026-1916-0437 CMS-2026-1916-0787
CMS-2026-1916-0800,CMS-2026-1916,2,0,0,1,0.51,request for changes,,"An individual requests changes to CMS-2449-P, focusing on SDP payment limit: “Virgin Islands Medicaid Program for the Targeted Payment Proposed Rule We appreciate the opportunity to comment on the Medicaid Program; Medicaid Managed Care State Directed Payments and Medicaid Fee-for-Service Targeted Medicaid Practitioner Payments…”",CMS-2026-1916-0800 CMS-2026-1916-0847,CMS-2026-1916,2,0,0,1,CMS-2026-1916-0800 CMS-2026-1916-0847
CMS-2026-1916-0807,CMS-2026-1916,2,0,0,1,0.50,request for changes,WellPower,"WellPower (CO) requests changes to CMS-2449-P, focusing on behavioral health / SUD / IDD providers: “This is concerning because Medicare does not adequately recognize many of the community-based behavioral health services we are required to provide, including crisis response, peer support and care coordination.”",CMS-2026-1916-0487 CMS-2026-1916-0807,CMS-2026-1916,2,0,0,1,CMS-2026-1916-0487 CMS-2026-1916-0807
CMS-2026-1916-0876,CMS-2026-1916,2,0,0,1,0.55,oppose,The Hospital and Healthsystem Association of Pennsylvania,"The Hospital and Healthsystem Association of Pennsylvania (PA) opposes CMS-2449-P, focusing on SDP payment limit: “While we support the time-limited exemption as it allows for a more accurate and administratively feasible transition to Medicare rates, we urge CMS to permit their continued use beyond the transition period.”",CMS-2026-1916-0412 CMS-2026-1916-0876,CMS-2026-1916,2,0,0,1,CMS-2026-1916-0412 CMS-2026-1916-0876
CMS-2026-1916-0911,CMS-2026-1916,2,0,1,0,0.89,request for changes,Ohio Hospital Association,"Ohio Hospital Association (OH) requests changes to CMS-2449-P, focusing on SDP payment limit: “As CMS finalizes this rule, we urge the agency to adopt policies that preserve state flexibility, support provider sustainability and ensure that Medicaid beneficiaries continue to have access to high-quality, accessible care.”",CMS-2026-1916-0776 CMS-2026-1916-0911,CMS-2026-1916,2,0,1,0,CMS-2026-1916-0776 CMS-2026-1916-0911
CMS-2026-1916-0914,CMS-2026-1916,2,0,0,1,0.52,oppose,Alameda County Fire Department,"Alameda County Fire Department (CA) opposes CMS-2449-P, focusing on GEMT / ambulance: “We respectfully request that CMS modify this proposal to explicitly exempt governmental, volunteer, and 501(c)(3) fire-based EMS agencies that operate under approved, cost-reconciled GEMT programs.”",CMS-2026-1916-0205 CMS-2026-1916-0914,CMS-2026-1916,2,0,0,1,CMS-2026-1916-0205 CMS-2026-1916-0914
CMS-2026-1916-0947,CMS-2026-1916,2,0,0,1,0.55,oppose,Sonoma County Fire Chiefs Association (SCFCA),"Sonoma County Fire Chiefs Association (SCFCA) opposes CMS-2449-P, focusing on GEMT / ambulance: “We respectfully request that CMS modify this proposal to explicitly exempt governmental, volunteer, and 501(c)(3) fire-based EMS agencies that operate under approved, cost-reconciled GEMT programs.”",CMS-2026-1916-0684 CMS-2026-1916-0947,CMS-2026-1916,2,0,0,1,CMS-2026-1916-0684 CMS-2026-1916-0947
CMS-2026-2476-0022,CMS-2026-2476,2,0,0,1,0.78,oppose,,"An individual (WA) opposes CMS-2452-P: “To Whom It May Concern, I'm writing to let you know that your proposed rule changes are draconian and would disproportionately punish the people who have the least, taking away their health care and causing many many deaths.”",CMS-2026-2476-0019 CMS-2026-2476-0022,CMS-2026-2476,2,0,0,1,CMS-2026-2476-0019 CMS-2026-2476-0022
CMS-2026-2476-0125,CMS-2026-2476,2,0,1,0,0.85,oppose,Partnership to Protect Coverage,"Partnership to Protect Coverage opposes CMS-2452-P, focusing on impact on state budgets / Medicaid financing & provider payments: “CMS should therefore entirely drop the provision adding services of health insurers as a new class subject to Medicaid provider tax rules (and the new Public Law 119-21 restrictions) and should clarify that it will continue to apply such rules consistent with…”",CMS-2026-2476-0075 CMS-2026-2476-0125,CMS-2026-2476,2,0,1,0,CMS-2026-2476-0075 CMS-2026-2476-0125
CMS-2026-2476-0141,CMS-2026-2476,2,0,0,1,0.53,request for changes,Baker Donelson,"Baker Donelson requests changes to CMS-2452-P, focusing on indirect hold harmless threshold: calculation & baseline: “If a state had a State directed payment Preprint pending on July 4, 2025, the tax amount required to fund the approved State directed payment (total non-federal share less intergovernmental transfers) is considered imposed if the State directed payment…”",CMS-2026-2476-0058 CMS-2026-2476-0141,CMS-2026-2476,2,0,0,1,CMS-2026-2476-0058 CMS-2026-2476-0141
CMS-2026-2476-0151,CMS-2026-2476,2,0,0,1,0.50,request for changes,Maine Department of Health and Human Services,"Maine Department of Health and Human Services (ME) requests changes to CMS-2452-P, focusing on indirect hold harmless threshold: calculation & baseline: “Recommendation: Maine DHHS and the BO! encourage CMS to (1) withdraw its interpretation that if a tax is health care-related but does not fall under one of the classes defined in § 433.56 it is impermissible; or (2) establish additional permissible classes…”",CMS-2026-2476-0071 CMS-2026-2476-0151,CMS-2026-2476,2,0,0,1,CMS-2026-2476-0071 CMS-2026-2476-0151
CMS-2026-2476-0166,CMS-2026-2476,2,0,0,1,0.74,request for changes,Rady Children's Health,"Rady Children's Health (CA) requests changes to CMS-2452-P, focusing on impact on state budgets / Medicaid financing & provider payments: “States must design tax programs, establish Medicaid payment methodologies, adopt budgets, and make financing decisions before final tax collections and net patient revenue are available.”",CMS-2026-2476-0088 CMS-2026-2476-0166,CMS-2026-2476,2,0,0,1,CMS-2026-2476-0088 CMS-2026-2476-0166
