hospital,mrf_version,mrf_last_updated,code,code_type,description,modifiers,setting,billing_class,gross_charge,discounted_cash,deidentified_min,deidentified_max,payer_name,plan_name,standard_charge_dollar,standard_charge_percentage,standard_charge_algorithm,methodology,estimated_amount,median_amount,percentile_10th,percentile_90th,allowed_count,additional_notes,implied_dollar,implied_flag,rate_type,raw_setting,raw_billing_class,raw_methodology,source_format,source_ref
Beth Israel Deaconess Medical Center,3.0.0,2026-04-01,93660,HCPCS,HC CARDIOVASCULAR FUNC EVAL W TILT TABLE W MNTR,,both,facility,2310,2310,,,,,,,,,,,,,,Gross Charge Type: standard,,,no payer (gross/cash only),both,facillity,,JSON,raw_beth_israel_deaconess_medical_center.jsonl:line1.standard_charges[0]
Beth Israel Deaconess Medical Center,3.0.0,2026-04-01,95921,HCPCS,HC AUTONOMIC NERVOUS SYS FUNCTION TEST CARD,,both,facility,2207,2207,,,,,,,,,,,,,,Gross Charge Type: standard,,,no payer (gross/cash only),both,facillity,,JSON,raw_beth_israel_deaconess_medical_center.jsonl:line2.standard_charges[0]
Beth Israel Deaconess Medical Center,3.0.0,2026-04-01,95922,HCPCS,HC AUTONOMIC NERVOUS SYS FUNCTION TEST VASOMOTOR,,both,facility,3672,3672,,,,,,,,,,,,,,Gross Charge Type: standard,,,no payer (gross/cash only),both,facillity,,JSON,raw_beth_israel_deaconess_medical_center.jsonl:line3.standard_charges[0]
Beth Israel Deaconess Medical Center,3.0.0,2026-04-01,95923,HCPCS,HC AUTONOMIC NERVOUS SYS FUNCTION TEST SUDOMOTOR,,both,facility,3088,3088,,,,,,,,,,,,,,Gross Charge Type: standard,,,no payer (gross/cash only),both,facillity,,JSON,raw_beth_israel_deaconess_medical_center.jsonl:line4.standard_charges[0]
Beth Israel Deaconess Medical Center,3.0.0,2026-04-01,95924,HCPCS,HC AUTONOMIC NERVOUS SYS FUNCTION TEST W PASSIVE TILT,,both,facility,1097,1097,,,,,,,,,,,,,,Gross Charge Type: standard,,,no payer (gross/cash only),both,facillity,,JSON,raw_beth_israel_deaconess_medical_center.jsonl:line5.standard_charges[0]
Beth Israel Deaconess Medical Center,3.0.0,2026-04-01,93660,HCPCS,Tilt table evaluation,,outpatient,facility,,,502.78,1329.39,BCBS,HMO,1091.24,,,fee schedule,,,,,,,1091.24,FALSE,dollar,outpatient,facility,fee schedule,JSON,raw_beth_israel_deaconess_medical_center.jsonl:line6.standard_charges[0].payers_information[0]
Beth Israel Deaconess Medical Center,3.0.0,2026-04-01,93660,HCPCS,Tilt table evaluation,,outpatient,facility,,,502.78,1329.39,BCBS,PPO,1141.22,,,fee schedule,,,,,,,1141.22,FALSE,dollar,outpatient,facility,fee schedule,JSON,raw_beth_israel_deaconess_medical_center.jsonl:line6.standard_charges[0].payers_information[1]
Beth Israel Deaconess Medical Center,3.0.0,2026-04-01,93660,HCPCS,Tilt table evaluation,,outpatient,facility,,,502.78,1329.39,Harvard Pilgrim Healthcare,Self Insured Non LCU All Commercial Plans,1329.39,,,fee schedule,,,,,,,1329.39,FALSE,dollar,outpatient,facility,fee schedule,JSON,raw_beth_israel_deaconess_medical_center.jsonl:line6.standard_charges[0].payers_information[2]
Beth Israel Deaconess Medical Center,3.0.0,2026-04-01,93660,HCPCS,Tilt table evaluation,,outpatient,facility,,,502.78,1329.39,Unicare,GIC Wellpoint All Commercial Plans,502.78,,,fee schedule,,,,,,,502.78,FALSE,dollar,outpatient,facility,fee schedule,JSON,raw_beth_israel_deaconess_medical_center.jsonl:line6.standard_charges[0].payers_information[3]
Beth Israel Deaconess Medical Center,3.0.0,2026-04-01,95921,HCPCS,Autonomic nrv parasym inervj,,outpatient,facility,,,325.87,396.97,BCBS,HMO,325.87,,,fee schedule,,,,,,,325.87,FALSE,dollar,outpatient,facility,fee schedule,JSON,raw_beth_israel_deaconess_medical_center.jsonl:line7.standard_charges[0].payers_information[0]
Beth Israel Deaconess Medical Center,3.0.0,2026-04-01,95921,HCPCS,Autonomic nrv parasym inervj,,outpatient,facility,,,325.87,396.97,BCBS,PPO,340.79,,,fee schedule,,,,,,,340.79,FALSE,dollar,outpatient,facility,fee schedule,JSON,raw_beth_israel_deaconess_medical_center.jsonl:line7.standard_charges[0].payers_information[1]
Beth Israel Deaconess Medical Center,3.0.0,2026-04-01,95921,HCPCS,Autonomic nrv parasym inervj,,outpatient,facility,,,325.87,396.97,Harvard Pilgrim Healthcare,Self Insured Non LCU All Commercial Plans,396.97,,,fee schedule,,,,,,,396.97,FALSE,dollar,outpatient,facility,fee schedule,JSON,raw_beth_israel_deaconess_medical_center.jsonl:line7.standard_charges[0].payers_information[2]
Beth Israel Deaconess Medical Center,3.0.0,2026-04-01,95922,HCPCS,Autonomic nrv adrenrg inervj,,outpatient,facility,,,255.23,310.92,BCBS,HMO,255.23,,,fee schedule,,,,,,,255.23,FALSE,dollar,outpatient,facility,fee schedule,JSON,raw_beth_israel_deaconess_medical_center.jsonl:line8.standard_charges[0].payers_information[0]
Beth Israel Deaconess Medical Center,3.0.0,2026-04-01,95922,HCPCS,Autonomic nrv adrenrg inervj,,outpatient,facility,,,255.23,310.92,BCBS,PPO,266.92,,,fee schedule,,,,,,,266.92,FALSE,dollar,outpatient,facility,fee schedule,JSON,raw_beth_israel_deaconess_medical_center.jsonl:line8.standard_charges[0].payers_information[1]
Beth Israel Deaconess Medical Center,3.0.0,2026-04-01,95922,HCPCS,Autonomic nrv adrenrg inervj,,outpatient,facility,,,255.23,310.92,Harvard Pilgrim Healthcare,Self Insured Non LCU All Commercial Plans,310.92,,,fee schedule,,,,,,,310.92,FALSE,dollar,outpatient,facility,fee schedule,JSON,raw_beth_israel_deaconess_medical_center.jsonl:line8.standard_charges[0].payers_information[2]
Beth Israel Deaconess Medical Center,3.0.0,2026-04-01,95923,HCPCS,Autonomic nrv syst funj test,,outpatient,facility,,,255.23,310.92,BCBS,HMO,255.23,,,fee schedule,,,,,,,255.23,FALSE,dollar,outpatient,facility,fee schedule,JSON,raw_beth_israel_deaconess_medical_center.jsonl:line9.standard_charges[0].payers_information[0]
Beth Israel Deaconess Medical Center,3.0.0,2026-04-01,95923,HCPCS,Autonomic nrv syst funj test,,outpatient,facility,,,255.23,310.92,BCBS,PPO,266.92,,,fee schedule,,,,,,,266.92,FALSE,dollar,outpatient,facility,fee schedule,JSON,raw_beth_israel_deaconess_medical_center.jsonl:line9.standard_charges[0].payers_information[1]
Beth Israel Deaconess Medical Center,3.0.0,2026-04-01,95923,HCPCS,Autonomic nrv syst funj test,,outpatient,facility,,,255.23,310.92,Harvard Pilgrim Healthcare,Self Insured Non LCU All Commercial Plans,310.92,,,fee schedule,,,,,,,310.92,FALSE,dollar,outpatient,facility,fee schedule,JSON,raw_beth_israel_deaconess_medical_center.jsonl:line9.standard_charges[0].payers_information[2]
Beth Israel Deaconess Medical Center,3.0.0,2026-04-01,95924,HCPCS,Ans parasymp & symp w/tilt,,outpatient,facility,,,325.87,396.97,BCBS,HMO,325.87,,,fee schedule,,,,,,,325.87,FALSE,dollar,outpatient,facility,fee schedule,JSON,raw_beth_israel_deaconess_medical_center.jsonl:line10.standard_charges[0].payers_information[0]
Beth Israel Deaconess Medical Center,3.0.0,2026-04-01,95924,HCPCS,Ans parasymp & symp w/tilt,,outpatient,facility,,,325.87,396.97,BCBS,PPO,340.79,,,fee schedule,,,,,,,340.79,FALSE,dollar,outpatient,facility,fee schedule,JSON,raw_beth_israel_deaconess_medical_center.jsonl:line10.standard_charges[0].payers_information[1]
Beth Israel Deaconess Medical Center,3.0.0,2026-04-01,95924,HCPCS,Ans parasymp & symp w/tilt,,outpatient,facility,,,325.87,396.97,Harvard Pilgrim Healthcare,Self Insured Non LCU All Commercial Plans,396.97,,,fee schedule,,,,,,,396.97,FALSE,dollar,outpatient,facility,fee schedule,JSON,raw_beth_israel_deaconess_medical_center.jsonl:line10.standard_charges[0].payers_information[2]
Brigham and Women's Faulkner Hospital,3.0.0,2026-03-27,95921,CPT,Autonomic Function Test Cardiovagal,,both,,431.00,323.25,176.52,528.85,MEDICARE [2001],HB BWF MEDICARE,185.81,,"APC Price ($185.81). If cost exceeds the threshold, the outlier payment is added to the expected reimbursement. Cost is calculated as the billed amount * the cost-to-charge ratio (0.256). The threshold is calculated as the maximum of the outlier multiplier threshold and the fixed threshold. The outlier multiplier threshold is the outlier multiplier factor (1.75) * adjusted APC rate for the line, and the fixed threshold is the outlier fixed-dollar threshold ($7,175) + adjusted APC rate for the line. If the cost is greater than the comparative threshold, then the outlier payment is calculated as 0.5 * (cost - outlier multiplier threshold) and is added to the expected reimbursement.",other,,185.81,185.81,185.81,1 through 10,OPPS APC,185.81,FALSE,dollar,both,,other,CSV,raw_brigham_and_womens_faulkner_hospital.jsonl:line1
Brigham and Women's Faulkner Hospital,3.0.0,2026-03-27,95921,CPT,Autonomic Function Test Cardiovagal,,both,,431.00,323.25,176.52,528.85,UNITED HEALTHCARE [1016],HB BWF UNITED MEDICARE REPLACEMENT,182.09,,"APC Price ($185.81). If cost exceeds the threshold, the outlier payment is added to the expected reimbursement. Cost is calculated as the billed amount * the cost-to-charge ratio (0.256). The threshold is calculated as the maximum of the outlier multiplier threshold and the fixed threshold. The outlier multiplier threshold is the outlier multiplier factor (1.75) * adjusted APC rate for the line, and the fixed threshold is the outlier fixed-dollar threshold ($7,175) + adjusted APC rate for the line. If the cost is greater than the comparative threshold, then the outlier payment is calculated as 0.5 * (cost - outlier multiplier threshold) and is added to the expected reimbursement. Final payment is multiplied by 98%.",other,,182.84,182.10,183.10,1 through 10,OPPS APC,182.09,FALSE,dollar,both,,other,CSV,raw_brigham_and_womens_faulkner_hospital.jsonl:line2
Brigham and Women's Faulkner Hospital,3.0.0,2026-03-27,95921,CPT,Autonomic Function Test Cardiovagal,,outpatient,,431.00,323.25,191.58,344.05,CIGNA [1006],HB CH CIGNA HMO / PPO,255.58,59.3,,percent of total billed charges,,245.53,245.53,245.53,1 through 10,,255.58,FALSE,dollar,outpatient,,percent of total billed charges,CSV,raw_brigham_and_womens_faulkner_hospital.jsonl:line3
Brigham and Women's Faulkner Hospital,3.0.0,2026-03-27,95921,CPT,Autonomic Function Test Cardiovagal,,outpatient,,431.00,323.25,191.58,344.05,UNITED HEALTHCARE [1016],HB CH UNITED HMO / PPO / INDEMNITY,338.12,78.45,,percent of total billed charges,,322.13,322.13,322.13,1 through 10,,338.12,FALSE,dollar,outpatient,,percent of total billed charges,CSV,raw_brigham_and_womens_faulkner_hospital.jsonl:line4
Brigham and Women's Faulkner Hospital,3.0.0,2026-03-27,95923,CPT,Autonomic Function Test Sudomotor,,both,,696.00,522.00,145.42,542.25,BLUE CROSS BLUE SHIELD [110001],HB BWF MEDICARE,153.08,,"APC Price ($153.08). The procedure is conditionally packaged with other services, and it is only paid if it is the highest rate for the service date. If cost exceeds the threshold, the outlier payment is added to the expected reimbursement. Cost is calculated as the billed amount * the cost-to-charge ratio (0.256). The threshold is calculated as the maximum of the outlier multiplier threshold and the fixed threshold. The outlier multiplier threshold is the outlier multiplier factor (1.75) * adjusted APC rate for the line, and the fixed threshold is the outlier fixed-dollar threshold ($7,175) + adjusted APC rate for the line. If the cost is greater than the comparative threshold, then the outlier payment is calculated as 0.5 * (cost - outlier multiplier threshold) and is added to the expected reimbursement.",other,,171.01,132.59,171.01,1 through 10,OPPS APC,153.08,FALSE,dollar,both,,other,CSV,raw_brigham_and_womens_faulkner_hospital.jsonl:line5
Brigham and Women's Faulkner Hospital,3.0.0,2026-03-27,95923,CPT,Autonomic Function Test Sudomotor,,both,,696.00,522.00,145.42,542.25,CENTERS OF EXCELLENCE [1026],HB BWF MEDICARE,153.08,,"APC Price ($153.08). The procedure is conditionally packaged with other services, and it is only paid if it is the highest rate for the service date. If cost exceeds the threshold, the outlier payment is added to the expected reimbursement. Cost is calculated as the billed amount * the cost-to-charge ratio (0.256). The threshold is calculated as the maximum of the outlier multiplier threshold and the fixed threshold. The outlier multiplier threshold is the outlier multiplier factor (1.75) * adjusted APC rate for the line, and the fixed threshold is the outlier fixed-dollar threshold ($7,175) + adjusted APC rate for the line. If the cost is greater than the comparative threshold, then the outlier payment is calculated as 0.5 * (cost - outlier multiplier threshold) and is added to the expected reimbursement.",other,,168.27,168.27,168.27,1 through 10,OPPS APC,153.08,FALSE,dollar,both,,other,CSV,raw_brigham_and_womens_faulkner_hospital.jsonl:line6
Brigham and Women's Faulkner Hospital,3.0.0,2026-03-27,95923,CPT,Autonomic Function Test Sudomotor,,both,,696.00,522.00,145.42,542.25,HEALTH NEW ENGLAND [1034],HB CH CLARITEV (PRIMARY PPO),508.08,73,,percent of total billed charges,,494.21,479.61,494.21,1 through 10,,508.08,FALSE,dollar,both,,percent of total billed charges,CSV,raw_brigham_and_womens_faulkner_hospital.jsonl:line7
Brigham and Women's Faulkner Hospital,3.0.0,2026-03-27,95923,CPT,Autonomic Function Test Sudomotor,,both,,696.00,522.00,145.42,542.25,MEDICARE [2001],HB BWF MEDICARE,153.08,,"APC Price ($153.08). The procedure is conditionally packaged with other services, and it is only paid if it is the highest rate for the service date. If cost exceeds the threshold, the outlier payment is added to the expected reimbursement. Cost is calculated as the billed amount * the cost-to-charge ratio (0.256). The threshold is calculated as the maximum of the outlier multiplier threshold and the fixed threshold. The outlier multiplier threshold is the outlier multiplier factor (1.75) * adjusted APC rate for the line, and the fixed threshold is the outlier fixed-dollar threshold ($7,175) + adjusted APC rate for the line. If the cost is greater than the comparative threshold, then the outlier payment is calculated as 0.5 * (cost - outlier multiplier threshold) and is added to the expected reimbursement.",other,,306.16,306.16,306.16,1 through 10,OPPS APC,153.08,FALSE,dollar,both,,other,CSV,raw_brigham_and_womens_faulkner_hospital.jsonl:line8
Brigham and Women's Faulkner Hospital,3.0.0,2026-03-27,95923,CPT,Autonomic Function Test Sudomotor,,both,,696.00,522.00,145.42,542.25,WELLPOINT [1015],HB CH WELLPOINT,542.25,77.91,,percent of total billed charges,,677.00,533.21,1210.21,1 through 10,,542.25,FALSE,dollar,both,,percent of total billed charges,CSV,raw_brigham_and_womens_faulkner_hospital.jsonl:line9
Brigham and Women's Faulkner Hospital,3.0.0,2026-03-27,95923,CPT,Autonomic Function Test Sudomotor,,outpatient,,696.00,522.00,175.84,546.01,CIGNA [1006],HB CH CIGNA HMO / PPO,412.73,59.3,,percent of total billed charges,,396.72,396.72,396.72,15,,412.73,FALSE,dollar,outpatient,,percent of total billed charges,CSV,raw_brigham_and_womens_faulkner_hospital.jsonl:line10
Brigham and Women's Faulkner Hospital,3.0.0,2026-03-27,95923,CPT,Autonomic Function Test Sudomotor,,outpatient,,696.00,522.00,175.84,546.01,UNITED HEALTHCARE [1016],HB AMC CH UNITED NEW BUSINESS DISCOUNT,309.37,44.45,,percent of total billed charges,,308.44,308.44,308.44,1 through 10,,309.37,FALSE,dollar,outpatient,,percent of total billed charges,CSV,raw_brigham_and_womens_faulkner_hospital.jsonl:line11
Brigham and Women's Faulkner Hospital,3.0.0,2026-03-27,95923,CPT,Autonomic Function Test Sudomotor,,outpatient,,696.00,522.00,175.84,546.01,UNITED HEALTHCARE [1016],HB CH UNITED HMO / PPO / INDEMNITY,546.01,78.45,,percent of total billed charges,,520.48,308.44,520.48,22,,546.01,FALSE,dollar,outpatient,,percent of total billed charges,CSV,raw_brigham_and_womens_faulkner_hospital.jsonl:line12
Brigham and Women's Faulkner Hospital,3.0.0,2026-03-27,95924,CPT,Test Ans Func Parasymp&Symp W/5 Mi,,both,,809.00,606.75,351.32,630.29,BLUE CROSS BLUE SHIELD [110001],HB BWF MEDICARE,369.81,,"APC Price ($369.81). If cost exceeds the threshold, the outlier payment is added to the expected reimbursement. Cost is calculated as the billed amount * the cost-to-charge ratio (0.256). The threshold is calculated as the maximum of the outlier multiplier threshold and the fixed threshold. The outlier multiplier threshold is the outlier multiplier factor (1.75) * adjusted APC rate for the line, and the fixed threshold is the outlier fixed-dollar threshold ($7,175) + adjusted APC rate for the line. If the cost is greater than the comparative threshold, then the outlier payment is calculated as 0.5 * (cost - outlier multiplier threshold) and is added to the expected reimbursement.",other,,363.89,154.13,363.89,1 through 10,OPPS APC,369.81,FALSE,dollar,both,,other,CSV,raw_brigham_and_womens_faulkner_hospital.jsonl:line13
Brigham and Women's Faulkner Hospital,3.0.0,2026-03-27,95924,CPT,Test Ans Func Parasymp&Symp W/5 Mi,,both,,809.00,606.75,351.32,630.29,CENTERS OF EXCELLENCE [1026],HB BWF MEDICARE,369.81,,"APC Price ($369.81). If cost exceeds the threshold, the outlier payment is added to the expected reimbursement. Cost is calculated as the billed amount * the cost-to-charge ratio (0.256). The threshold is calculated as the maximum of the outlier multiplier threshold and the fixed threshold. The outlier multiplier threshold is the outlier multiplier factor (1.75) * adjusted APC rate for the line, and the fixed threshold is the outlier fixed-dollar threshold ($7,175) + adjusted APC rate for the line. If the cost is greater than the comparative threshold, then the outlier payment is calculated as 0.5 * (cost - outlier multiplier threshold) and is added to the expected reimbursement.",other,,366.63,366.63,366.63,1 through 10,OPPS APC,369.81,FALSE,dollar,both,,other,CSV,raw_brigham_and_womens_faulkner_hospital.jsonl:line14
Brigham and Women's Faulkner Hospital,3.0.0,2026-03-27,95924,CPT,Test Ans Func Parasymp&Symp W/5 Mi,,both,,809.00,606.75,351.32,630.29,COMMONWEALTH CARE ALLIANCE [1007],HB BWF TUFTS + COMM CARE ALLIANCE MCARE,362.41,,"APC Price ($369.81). If cost exceeds the threshold, the outlier payment is added to the expected reimbursement. Cost is calculated as the billed amount * the cost-to-charge ratio (0.256). The threshold is calculated as the maximum of the outlier multiplier threshold and the fixed threshold. The outlier multiplier threshold is the outlier multiplier factor (1.75) * adjusted APC rate for the line, and the fixed threshold is the outlier fixed-dollar threshold ($7,175) + adjusted APC rate for the line. If the cost is greater than the comparative threshold, then the outlier payment is calculated as 0.5 * (cost - outlier multiplier threshold) and is added to the expected reimbursement. Final payment is multiplied by 98%.",other,,363.89,363.89,363.89,1 through 10,OPPS APC,362.41,FALSE,dollar,both,,other,CSV,raw_brigham_and_womens_faulkner_hospital.jsonl:line15
Brigham and Women's Faulkner Hospital,3.0.0,2026-03-27,95924,CPT,Test Ans Func Parasymp&Symp W/5 Mi,,both,,809.00,606.75,351.32,630.29,HEALTH NEW ENGLAND [1034],HB CH CLARITEV (PRIMARY PPO),590.57,73,,percent of total billed charges,,574.51,557.72,574.51,1 through 10,,590.57,FALSE,dollar,both,,percent of total billed charges,CSV,raw_brigham_and_womens_faulkner_hospital.jsonl:line16
Brigham and Women's Faulkner Hospital,3.0.0,2026-03-27,95924,CPT,Test Ans Func Parasymp&Symp W/5 Mi,,both,,809.00,606.75,351.32,630.29,HUMANA [1012],HB BWF MEDICARE,369.81,,"APC Price ($369.81). If cost exceeds the threshold, the outlier payment is added to the expected reimbursement. Cost is calculated as the billed amount * the cost-to-charge ratio (0.256). The threshold is calculated as the maximum of the outlier multiplier threshold and the fixed threshold. The outlier multiplier threshold is the outlier multiplier factor (1.75) * adjusted APC rate for the line, and the fixed threshold is the outlier fixed-dollar threshold ($7,175) + adjusted APC rate for the line. If the cost is greater than the comparative threshold, then the outlier payment is calculated as 0.5 * (cost - outlier multiplier threshold) and is added to the expected reimbursement.",other,,362.41,362.41,362.41,1 through 10,OPPS APC,369.81,FALSE,dollar,both,,other,CSV,raw_brigham_and_womens_faulkner_hospital.jsonl:line17
Brigham and Women's Faulkner Hospital,3.0.0,2026-03-27,95924,CPT,Test Ans Func Parasymp&Symp W/5 Mi,,both,,809.00,606.75,351.32,630.29,MARTIN'S POINT [160007],HB BWF MEDICARE,369.81,,"APC Price ($369.81). If cost exceeds the threshold, the outlier payment is added to the expected reimbursement. Cost is calculated as the billed amount * the cost-to-charge ratio (0.256). The threshold is calculated as the maximum of the outlier multiplier threshold and the fixed threshold. The outlier multiplier threshold is the outlier multiplier factor (1.75) * adjusted APC rate for the line, and the fixed threshold is the outlier fixed-dollar threshold ($7,175) + adjusted APC rate for the line. If the cost is greater than the comparative threshold, then the outlier payment is calculated as 0.5 * (cost - outlier multiplier threshold) and is added to the expected reimbursement.",other,,363.89,363.89,363.89,1 through 10,OPPS APC,369.81,FALSE,dollar,both,,other,CSV,raw_brigham_and_womens_faulkner_hospital.jsonl:line18
Brigham and Women's Faulkner Hospital,3.0.0,2026-03-27,95924,CPT,Test Ans Func Parasymp&Symp W/5 Mi,,both,,809.00,606.75,351.32,630.29,MEDICARE [2001],HB BWF MEDICARE,369.81,,"APC Price ($369.81). If cost exceeds the threshold, the outlier payment is added to the expected reimbursement. Cost is calculated as the billed amount * the cost-to-charge ratio (0.256). The threshold is calculated as the maximum of the outlier multiplier threshold and the fixed threshold. The outlier multiplier threshold is the outlier multiplier factor (1.75) * adjusted APC rate for the line, and the fixed threshold is the outlier fixed-dollar threshold ($7,175) + adjusted APC rate for the line. If the cost is greater than the comparative threshold, then the outlier payment is calculated as 0.5 * (cost - outlier multiplier threshold) and is added to the expected reimbursement.",other,,369.81,342.57,369.81,121,OPPS APC,369.81,FALSE,dollar,both,,other,CSV,raw_brigham_and_womens_faulkner_hospital.jsonl:line19
Brigham and Women's Faulkner Hospital,3.0.0,2026-03-27,95924,CPT,Test Ans Func Parasymp&Symp W/5 Mi,,both,,809.00,606.75,351.32,630.29,TRICARE [160005],HB BWF TRICARE,351.32,,"APC Price ($369.81). If cost exceeds the threshold, the outlier payment is added to the expected reimbursement. Cost is calculated as the billed amount * the cost-to-charge ratio (0.324). The threshold is calculated as the maximum of the outlier multiplier threshold and the fixed threshold. The outlier multiplier threshold is the outlier multiplier factor (1.75) * the adjusted APC rate for the line. The fixed threshold is the sum of the outlier fixed-dollar threshold ($7,175) and the adjusted APC rate for the line. If the cost is greater than the threshold, then the outlier payment is calculated as 0.5 * (cost - outlier multiplier threshold) and is added to the expected reimbursement. Final payment is multiplied by 95%.",other,,351.32,351.32,351.32,1 through 10,Tricare OPPS,351.32,FALSE,dollar,both,,other,CSV,raw_brigham_and_womens_faulkner_hospital.jsonl:line20
Brigham and Women's Faulkner Hospital,3.0.0,2026-03-27,95924,CPT,Test Ans Func Parasymp&Symp W/5 Mi,,both,,809.00,606.75,351.32,630.29,TUFTS HEALTH PLAN [170001],HB BWF TUFTS + COMM CARE ALLIANCE MCARE,362.41,,"APC Price ($369.81). If cost exceeds the threshold, the outlier payment is added to the expected reimbursement. Cost is calculated as the billed amount * the cost-to-charge ratio (0.256). The threshold is calculated as the maximum of the outlier multiplier threshold and the fixed threshold. The outlier multiplier threshold is the outlier multiplier factor (1.75) * adjusted APC rate for the line, and the fixed threshold is the outlier fixed-dollar threshold ($7,175) + adjusted APC rate for the line. If the cost is greater than the comparative threshold, then the outlier payment is calculated as 0.5 * (cost - outlier multiplier threshold) and is added to the expected reimbursement. Final payment is multiplied by 98%.",other,,362.81,362.61,363.01,1 through 10,OPPS APC,362.41,FALSE,dollar,both,,other,CSV,raw_brigham_and_womens_faulkner_hospital.jsonl:line21
Brigham and Women's Faulkner Hospital,3.0.0,2026-03-27,95924,CPT,Test Ans Func Parasymp&Symp W/5 Mi,,both,,809.00,606.75,351.32,630.29,UNITED HEALTHCARE [1016],HB BWF UNITED MEDICARE REPLACEMENT,362.41,,"APC Price ($369.81). If cost exceeds the threshold, the outlier payment is added to the expected reimbursement. Cost is calculated as the billed amount * the cost-to-charge ratio (0.256). The threshold is calculated as the maximum of the outlier multiplier threshold and the fixed threshold. The outlier multiplier threshold is the outlier multiplier factor (1.75) * adjusted APC rate for the line, and the fixed threshold is the outlier fixed-dollar threshold ($7,175) + adjusted APC rate for the line. If the cost is greater than the comparative threshold, then the outlier payment is calculated as 0.5 * (cost - outlier multiplier threshold) and is added to the expected reimbursement. Final payment is multiplied by 98%.",other,,362.92,337.09,363.42,12,OPPS APC,362.41,FALSE,dollar,both,,other,CSV,raw_brigham_and_womens_faulkner_hospital.jsonl:line22
Brigham and Women's Faulkner Hospital,3.0.0,2026-03-27,95924,CPT,Test Ans Func Parasymp&Symp W/5 Mi,,both,,809.00,606.75,351.32,630.29,WELLPOINT [1015],HB CH WELLPOINT,630.29,77.91,,percent of total billed charges,,787.00,619.84,1406.84,12,,630.29,FALSE,dollar,both,,percent of total billed charges,CSV,raw_brigham_and_womens_faulkner_hospital.jsonl:line23
Brigham and Women's Faulkner Hospital,3.0.0,2026-03-27,95924,CPT,Test Ans Func Parasymp&Symp W/5 Mi,,outpatient,,809.00,606.75,217.8,634.66,CIGNA [1006],HB CH CIGNA HMO / PPO,479.74,59.3,,percent of total billed charges,,461.18,461.18,461.18,15,,479.74,FALSE,dollar,outpatient,,percent of total billed charges,CSV,raw_brigham_and_womens_faulkner_hospital.jsonl:line24
Brigham and Women's Faulkner Hospital,3.0.0,2026-03-27,95924,CPT,Test Ans Func Parasymp&Symp W/5 Mi,,outpatient,,809.00,606.75,217.8,634.66,UNITED HEALTHCARE [1016],HB AMC CH UNITED NEW BUSINESS DISCOUNT,359.60,44.45,,percent of total billed charges,,358.56,358.56,358.56,1 through 10,,359.60,FALSE,dollar,outpatient,,percent of total billed charges,CSV,raw_brigham_and_womens_faulkner_hospital.jsonl:line25
Brigham and Women's Faulkner Hospital,3.0.0,2026-03-27,95924,CPT,Test Ans Func Parasymp&Symp W/5 Mi,,outpatient,,809.00,606.75,217.8,634.66,UNITED HEALTHCARE [1016],HB CH UNITED HMO / PPO / INDEMNITY,634.66,78.45,,percent of total billed charges,,605.05,358.56,605.05,21,,634.66,FALSE,dollar,outpatient,,percent of total billed charges,CSV,raw_brigham_and_womens_faulkner_hospital.jsonl:line26
Massachusetts General Hospital,3.0.0,2026-03-27,95921,CPT,Autonomic Function Test Cardiovagal,,outpatient,,612.00,459.00,272.03,545.56,UNITED HEALTHCARE [1016],HB AMC UNITED PPO / POS,500.13,81.72,,percent of total billed charges,,474.04,474.04,474.04,1 through 10,,500.13,FALSE,dollar,outpatient,,percent of total billed charges,CSV,raw_massachusetts_general_hospital.jsonl:line1
Massachusetts General Hospital,3.0.0,2026-03-27,95923,CPT,Autonomic Function Test Sudomotor,,both,,983.00,737.25,145.42,781.49,CIGNA [1006],HB AMC CIGNA HMO / PPO,781.49,79.5,,percent of total billed charges,,750.01,503.18,750.01,17,,781.49,FALSE,dollar,both,,percent of total billed charges,CSV,raw_massachusetts_general_hospital.jsonl:line2
Massachusetts General Hospital,3.0.0,2026-03-27,95923,CPT,Autonomic Function Test Sudomotor,,both,,983.00,737.25,145.42,781.49,CIGNA ALTERNATE [1018],HB AMC CIGNA NEW BUSINESS DISCOUNT,523.94,53.3,,percent of total billed charges,,503.18,503.18,503.18,1 through 10,,523.94,FALSE,dollar,both,,percent of total billed charges,CSV,raw_massachusetts_general_hospital.jsonl:line3
Massachusetts General Hospital,3.0.0,2026-03-27,95923,CPT,Autonomic Function Test Sudomotor,,both,,983.00,737.25,145.42,781.49,INTERNATIONAL COMMERCIAL [140001],HB AMC / MEE / PCC / ONE TEAM HEALTH INTERNATIONAL,638.95,65,,percent of total billed charges,,619.45,619.45,619.45,1 through 10,,638.95,FALSE,dollar,both,,percent of total billed charges,CSV,raw_massachusetts_general_hospital.jsonl:line4
Massachusetts General Hospital,3.0.0,2026-03-27,95923,CPT,Autonomic Function Test Sudomotor,,both,,983.00,737.25,145.42,781.49,MGB HEALTH PLAN [150001],HB AMC MGBHP COMMERCIAL HMO,358.80,36.5,,percent of total billed charges,,355.47,302.10,355.47,13,,358.80,FALSE,dollar,both,,percent of total billed charges,CSV,raw_massachusetts_general_hospital.jsonl:line5
Massachusetts General Hospital,3.0.0,2026-03-27,95923,CPT,Autonomic Function Test Sudomotor,,both,,983.00,737.25,145.42,781.49,MGB HEALTH PLAN [150001],HB AMC MGBHP COMMERCIAL PPO,376.49,38.3,,percent of total billed charges,,372.62,372.62,372.62,36,,376.49,FALSE,dollar,both,,percent of total billed charges,CSV,raw_massachusetts_general_hospital.jsonl:line6
Massachusetts General Hospital,3.0.0,2026-03-27,95923,CPT,Autonomic Function Test Sudomotor,,both,,983.00,737.25,145.42,781.49,UNITED HEALTHCARE [1016],HB AMC CH UNITED NEW BUSINESS DISCOUNT,421.71,42.9,,percent of total billed charges,,761.83,761.83,761.83,1 through 10,,421.71,FALSE,dollar,both,,percent of total billed charges,CSV,raw_massachusetts_general_hospital.jsonl:line7
Massachusetts General Hospital,3.0.0,2026-03-27,95923,CPT,Autonomic Function Test Sudomotor,,both,,983.00,737.25,145.42,781.49,WELLPOINT [1015],HB AMC WELLPOINT,725.26,73.78,,percent of total billed charges,,709.51,709.51,709.51,1 through 10,,725.26,FALSE,dollar,both,,percent of total billed charges,CSV,raw_massachusetts_general_hospital.jsonl:line8
Massachusetts General Hospital,3.0.0,2026-03-27,95923,CPT,Autonomic Function Test Sudomotor,,outpatient,,983.00,737.25,244.64,803.31,AETNA [1001],HB AMC AETNA HMO,686.13,69.8,,percent of total billed charges,,1212.81,645.18,1212.81,1 through 10,,686.13,FALSE,dollar,outpatient,,percent of total billed charges,CSV,raw_massachusetts_general_hospital.jsonl:line9
Massachusetts General Hospital,3.0.0,2026-03-27,95923,CPT,Autonomic Function Test Sudomotor,,outpatient,,983.00,737.25,244.64,803.31,UNITED HEALTHCARE [1016],HB AMC UNITED PPO / POS,803.31,81.72,,percent of total billed charges,,761.83,761.83,1212.81,18,,803.31,FALSE,dollar,outpatient,,percent of total billed charges,CSV,raw_massachusetts_general_hospital.jsonl:line10
Massachusetts General Hospital,3.0.0,2026-03-27,95924,CPT,Test Ans Func Parasymp&Symp W/5 Mi,,both,,1148.00,861.00,351.32,912.66,BLUE CROSS BLUE SHIELD [110001],HB MGH MEDICARE,369.77,,"APC Price ($369.77). If cost exceeds the threshold, the outlier payment is added to the expected reimbursement. Cost is calculated as the billed amount * the cost-to-charge ratio (0.222). The threshold is calculated as the maximum of the outlier multiplier threshold and the fixed threshold. The outlier multiplier threshold is the outlier multiplier factor (1.75) * adjusted APC rate for the line, and the fixed threshold is the outlier fixed-dollar threshold ($7,175) + adjusted APC rate for the line. If the cost is greater than the comparative threshold, then the outlier payment is calculated as 0.5 * (cost - outlier multiplier threshold) and is added to the expected reimbursement.",other,,363.89,363.89,369.81,1 through 10,OPPS APC,369.77,FALSE,dollar,both,,other,CSV,raw_massachusetts_general_hospital.jsonl:line11
Massachusetts General Hospital,3.0.0,2026-03-27,95924,CPT,Test Ans Func Parasymp&Symp W/5 Mi,,both,,1148.00,861.00,351.32,912.66,CIGNA [1006],HB AMC CIGNA HMO / PPO,912.66,79.5,,percent of total billed charges,,875.93,587.66,875.93,18,,912.66,FALSE,dollar,both,,percent of total billed charges,CSV,raw_massachusetts_general_hospital.jsonl:line12
Massachusetts General Hospital,3.0.0,2026-03-27,95924,CPT,Test Ans Func Parasymp&Symp W/5 Mi,,both,,1148.00,861.00,351.32,912.66,CIGNA ALTERNATE [1018],HB AMC CIGNA NEW BUSINESS DISCOUNT,611.88,53.3,,percent of total billed charges,,587.66,587.66,587.66,1 through 10,,611.88,FALSE,dollar,both,,percent of total billed charges,CSV,raw_massachusetts_general_hospital.jsonl:line13
Massachusetts General Hospital,3.0.0,2026-03-27,95924,CPT,Test Ans Func Parasymp&Symp W/5 Mi,,both,,1148.00,861.00,351.32,912.66,COMMONWEALTH CARE ALLIANCE [1007],HB MGH COMMONWEALTH CARE ALLIANCE,369.77,,"APC Price ($369.77). If cost exceeds the threshold, the outlier payment is added to the expected reimbursement. Cost is calculated as the billed amount * the cost-to-charge ratio (0.222). The threshold is calculated as the maximum of the outlier multiplier threshold and the fixed threshold. The outlier multiplier threshold is the outlier multiplier factor (1.75) * adjusted APC rate for the line, and the fixed threshold is the outlier fixed-dollar threshold ($7,175) + adjusted APC rate for the line. If the cost is greater than the comparative threshold, then the outlier payment is calculated as 0.5 * (cost - outlier multiplier threshold) and is added to the expected reimbursement.",other,,365.12,363.89,365.12,1 through 10,OPPS APC,369.77,FALSE,dollar,both,,other,CSV,raw_massachusetts_general_hospital.jsonl:line14
Massachusetts General Hospital,3.0.0,2026-03-27,95924,CPT,Test Ans Func Parasymp&Symp W/5 Mi,,both,,1148.00,861.00,351.32,912.66,HUMANA [1012],HB MGH MEDICARE,369.77,,"APC Price ($369.77). If cost exceeds the threshold, the outlier payment is added to the expected reimbursement. Cost is calculated as the billed amount * the cost-to-charge ratio (0.222). The threshold is calculated as the maximum of the outlier multiplier threshold and the fixed threshold. The outlier multiplier threshold is the outlier multiplier factor (1.75) * adjusted APC rate for the line, and the fixed threshold is the outlier fixed-dollar threshold ($7,175) + adjusted APC rate for the line. If the cost is greater than the comparative threshold, then the outlier payment is calculated as 0.5 * (cost - outlier multiplier threshold) and is added to the expected reimbursement.",other,,365.37,365.37,365.37,1 through 10,OPPS APC,369.77,FALSE,dollar,both,,other,CSV,raw_massachusetts_general_hospital.jsonl:line15
Massachusetts General Hospital,3.0.0,2026-03-27,95924,CPT,Test Ans Func Parasymp&Symp W/5 Mi,,both,,1148.00,861.00,351.32,912.66,INTERNATIONAL COMMERCIAL [140001],HB AMC / MEE / PCC / ONE TEAM HEALTH INTERNATIONAL,746.20,65,,percent of total billed charges,,723.45,723.45,723.45,1 through 10,,746.20,FALSE,dollar,both,,percent of total billed charges,CSV,raw_massachusetts_general_hospital.jsonl:line16
Massachusetts General Hospital,3.0.0,2026-03-27,95924,CPT,Test Ans Func Parasymp&Symp W/5 Mi,,both,,1148.00,861.00,351.32,912.66,MEDICARE [2001],HB MGH MEDICARE,369.77,,"APC Price ($369.77). If cost exceeds the threshold, the outlier payment is added to the expected reimbursement. Cost is calculated as the billed amount * the cost-to-charge ratio (0.222). The threshold is calculated as the maximum of the outlier multiplier threshold and the fixed threshold. The outlier multiplier threshold is the outlier multiplier factor (1.75) * adjusted APC rate for the line, and the fixed threshold is the outlier fixed-dollar threshold ($7,175) + adjusted APC rate for the line. If the cost is greater than the comparative threshold, then the outlier payment is calculated as 0.5 * (cost - outlier multiplier threshold) and is added to the expected reimbursement.",other,,369.81,369.81,369.81,84,OPPS APC,369.77,FALSE,dollar,both,,other,CSV,raw_massachusetts_general_hospital.jsonl:line17
Massachusetts General Hospital,3.0.0,2026-03-27,95924,CPT,Test Ans Func Parasymp&Symp W/5 Mi,,both,,1148.00,861.00,351.32,912.66,MGB HEALTH PLAN [150001],HB AMC MGBHP COMMERCIAL HMO,419.02,36.5,,percent of total billed charges,,415.15,352.82,415.15,13,,419.02,FALSE,dollar,both,,percent of total billed charges,CSV,raw_massachusetts_general_hospital.jsonl:line18
Massachusetts General Hospital,3.0.0,2026-03-27,95924,CPT,Test Ans Func Parasymp&Symp W/5 Mi,,both,,1148.00,861.00,351.32,912.66,MGB HEALTH PLAN [150001],HB AMC MGBHP COMMERCIAL PPO,439.68,38.3,,percent of total billed charges,,435.18,435.18,435.18,36,,439.68,FALSE,dollar,both,,percent of total billed charges,CSV,raw_massachusetts_general_hospital.jsonl:line19
Massachusetts General Hospital,3.0.0,2026-03-27,95924,CPT,Test Ans Func Parasymp&Symp W/5 Mi,,both,,1148.00,861.00,351.32,912.66,MGB HEALTH PLAN [150001],HB MGH MEDICARE,369.77,,"APC Price ($369.77). If cost exceeds the threshold, the outlier payment is added to the expected reimbursement. Cost is calculated as the billed amount * the cost-to-charge ratio (0.222). The threshold is calculated as the maximum of the outlier multiplier threshold and the fixed threshold. The outlier multiplier threshold is the outlier multiplier factor (1.75) * adjusted APC rate for the line, and the fixed threshold is the outlier fixed-dollar threshold ($7,175) + adjusted APC rate for the line. If the cost is greater than the comparative threshold, then the outlier payment is calculated as 0.5 * (cost - outlier multiplier threshold) and is added to the expected reimbursement.",other,,336.12,336.12,336.12,1 through 10,OPPS APC,369.77,FALSE,dollar,both,,other,CSV,raw_massachusetts_general_hospital.jsonl:line20
Massachusetts General Hospital,3.0.0,2026-03-27,95924,CPT,Test Ans Func Parasymp&Symp W/5 Mi,,both,,1148.00,861.00,351.32,912.66,TRICARE [160005],HB MGH TRICARE,351.32,,"APC Price ($369.81). If cost exceeds the threshold, the outlier payment is added to the expected reimbursement. Cost is calculated as the billed amount * the cost-to-charge ratio (0.324). The threshold is calculated as the maximum of the outlier multiplier threshold and the fixed threshold. The outlier multiplier threshold is the outlier multiplier factor (1.75) * the adjusted APC rate for the line. The fixed threshold is the sum of the outlier fixed-dollar threshold ($7,175) and the adjusted APC rate for the line. If the cost is greater than the threshold, then the outlier payment is calculated as 0.5 * (cost - outlier multiplier threshold) and is added to the expected reimbursement. Final payment is multiplied by 95%.",other,,351.32,351.32,351.32,1 through 10,Tricare OPPS,351.32,FALSE,dollar,both,,other,CSV,raw_massachusetts_general_hospital.jsonl:line21
Massachusetts General Hospital,3.0.0,2026-03-27,95924,CPT,Test Ans Func Parasymp&Symp W/5 Mi,,both,,1148.00,861.00,351.32,912.66,TUFTS HEALTH PLAN [170001],HB MGH TUFTS MEDICARE REPLACEMENT,362.37,,"APC Price ($369.77). If cost exceeds the threshold, the outlier payment is added to the expected reimbursement. Cost is calculated as the billed amount * the cost-to-charge ratio (0.222). The threshold is calculated as the maximum of the outlier multiplier threshold and the fixed threshold. The outlier multiplier threshold is the outlier multiplier factor (1.75) * adjusted APC rate for the line, and the fixed threshold is the outlier fixed-dollar threshold ($7,175) + adjusted APC rate for the line. If the cost is greater than the comparative threshold, then the outlier payment is calculated as 0.5 * (cost - outlier multiplier threshold) and is added to the expected reimbursement. Final payment is multiplied by 98%.",other,,362.81,335.92,362.81,1 through 10,OPPS APC,362.37,FALSE,dollar,both,,other,CSV,raw_massachusetts_general_hospital.jsonl:line22
Massachusetts General Hospital,3.0.0,2026-03-27,95924,CPT,Test Ans Func Parasymp&Symp W/5 Mi,,both,,1148.00,861.00,351.32,912.66,UNITED HEALTHCARE [1016],HB AMC CH UNITED NEW BUSINESS DISCOUNT,492.49,42.9,,percent of total billed charges,,889.73,889.73,889.73,1 through 10,,492.49,FALSE,dollar,both,,percent of total billed charges,CSV,raw_massachusetts_general_hospital.jsonl:line23
Massachusetts General Hospital,3.0.0,2026-03-27,95924,CPT,Test Ans Func Parasymp&Symp W/5 Mi,,both,,1148.00,861.00,351.32,912.66,UNITED HEALTHCARE [1016],HB MGH UNITED MEDICARE REPLACEMENT,362.37,,"APC Price ($369.77). If cost exceeds the threshold, the outlier payment is added to the expected reimbursement. Cost is calculated as the billed amount * the cost-to-charge ratio (0.222). The threshold is calculated as the maximum of the outlier multiplier threshold and the fixed threshold. The outlier multiplier threshold is the outlier multiplier factor (1.75) * adjusted APC rate for the line, and the fixed threshold is the outlier fixed-dollar threshold ($7,175) + adjusted APC rate for the line. If the cost is greater than the comparative threshold, then the outlier payment is calculated as 0.5 * (cost - outlier multiplier threshold) and is added to the expected reimbursement. Final payment is multiplied by 98%.",other,,362.92,362.41,369.81,1 through 10,OPPS APC,362.37,FALSE,dollar,both,,other,CSV,raw_massachusetts_general_hospital.jsonl:line24
Massachusetts General Hospital,3.0.0,2026-03-27,95924,CPT,Test Ans Func Parasymp&Symp W/5 Mi,,both,,1148.00,861.00,351.32,912.66,WELLPOINT [1015],HB AMC WELLPOINT,846.99,73.78,,percent of total billed charges,,828.63,828.63,828.63,1 through 10,,846.99,FALSE,dollar,both,,percent of total billed charges,CSV,raw_massachusetts_general_hospital.jsonl:line25
Massachusetts General Hospital,3.0.0,2026-03-27,95924,CPT,Test Ans Func Parasymp&Symp W/5 Mi,,outpatient,,1148.00,861.00,221.27,938.15,AETNA [1001],HB AMC AETNA HMO,801.30,69.8,,percent of total billed charges,,1444.72,753.50,1444.72,1 through 10,,801.30,FALSE,dollar,outpatient,,percent of total billed charges,CSV,raw_massachusetts_general_hospital.jsonl:line26
Massachusetts General Hospital,3.0.0,2026-03-27,95924,CPT,Test Ans Func Parasymp&Symp W/5 Mi,,outpatient,,1148.00,861.00,221.27,938.15,UNITED HEALTHCARE [1016],HB AMC UNITED PPO / POS,938.15,81.72,,percent of total billed charges,,889.73,889.73,1444.72,17,,938.15,FALSE,dollar,outpatient,,percent of total billed charges,CSV,raw_massachusetts_general_hospital.jsonl:line27
