ledger row,status,correction,page,comment ID,commenter,figure,why checked,how checked,note
55,confirmed,,comment field,CMS-2026-1916-0101,Center for a Free Economy,"$2,609",report,comment field,"CFE: pending CA SPA rate ~$2,609 per transport; '286 percent above documented costs' compares it with Huntington Beach's ~$676 cost. 911 Alliance (1916-0943) puts the pending public rate at >$1,600."
57,corrected,"Report called $339 'the private ambulance supplemental'. It is the total Medi-Cal payment per transport to private providers, not a supplemental.",comment field,CMS-2026-1916-0101,Center for a Free Economy,$339,report,comment field,Same figure as 911 Alliance r3574.
87,confirmed,,docx,CMS-2026-1916-0128,American Academy of Family Physicians,$510 billion,report,text layer (docx),"CMS RIA, federal, over 10 years (RIA: $510.1B, 2026-2035)."
116,confirmed,,comment field,CMS-2026-1916-0162,Pasadena Fire Department,$1.5M,report,comment field,Annual shortfall if GEMT capped at Medicare AFS; same text in attachment p1.
117,corrected,"Not a figure: '9164' is the last four digits of Pasadena FD's fax number in the page footer ((626) 585-9164), joined by OCR to the next page's '…ambulances'. Row removed from the ledger.",p1,CMS-2026-1916-0162,Pasadena Fire Department,9164 ambulances,OCR-only,OCR-only: page image read visually,
146,confirmed,,comment field,CMS-2026-1916-0204,Shane Aguirre,$800 billion,report,comment field,Individual (state legislator) comment; 'nearly $800 billion' vs '$149 billion Congress'.
173,confirmed,,p1,CMS-2026-1916-0230,South Elgin & Countryside Fire Protection District,$1.65 million,report,text layer (PDF),Annual operating revenue loss.
338,confirmed,,p5,CMS-2026-1916-0305,"Rainbow Pediatrics, Little Oaks Pediatrics, PAK Pediatrics, Cornerstone Medical Associates, Cobb Pediatrics, Kids Kare","$2,610",report,text layer (PDF),"Illustrative example: total cost of care $2,610 -> $700 for one child."
339,confirmed,,p5,CMS-2026-1916-0305,"Rainbow Pediatrics, Little Oaks Pediatrics, PAK Pediatrics, Cornerstone Medical Associates, Cobb Pediatrics, Kids Kare",$700,report,text layer (PDF),Illustrative example (see r338).
395,confirmed,,p3,CMS-2026-1916-0323,Denver Health,$322 million,report,text layer (PDF),"Additional Colorado impact of an accelerated phase-down, over 7 years."
398,confirmed,,p1,CMS-2026-1916-0333,CENCAL FIRE & EMS AUTHORITY,$10 million,report,text layer (PDF),"PPGEMT ~ $10M a year, ~15% of CENCAL's annual operating budget."
399,confirmed,,p2,CMS-2026-1916-0333,CENCAL FIRE & EMS AUTHORITY,$10 million,report,text layer (PDF),'A $10 million dollar reduction annually'.
407,corrected,Report stated 'Louisiana' as read; the sentence does not name the state. Louisiana is inferred from the following heading and FMOL's Louisiana footprint; now marked [inferred].,p2,CMS-2026-1916-0338,FMOL Health,$11.7 billion,report,text layer (PDF),Cumulative statewide reductions over the implementation period.
463,confirmed,,p2,CMS-2026-1916-0362,Louisiana Hospital Association,1.4 million,OCR-only,OCR-only: page image read visually,Louisiana hospitals with SDPs serve 1.4M Medicaid beneficiaries (~30% of state population).
543,confirmed,,p5,CMS-2026-1916-0387,North Carolina Department of Health and Human Services,2 million,report,text layer (PDF),Nearly 2 million unique Medicaid-to-Medicare rate comparisons.
582,corrected,"-$1,362 is the median ALL-PAYER revenue shortfall per transport for public-safety-based EMS, from RAND's analysis of CMS GADCS Year 1-4 cohort data (Dec 2025), not a Medicare-only shortfall. For Medicare alone PWW gives mean -$3,216 (91%) and median -$1,640 (83%).",p6,CMS-2026-1916-0396,"Page, Wolfberg & Wirth, LLC","$1,362",report,text layer (PDF),69 percent below cost.
635,confirmed,,p14,CMS-2026-1916-0396,"Page, Wolfberg & Wirth, LLC",$795,OCR-only,OCR-only: page image read visually,"PWW Table X, GADCS Year 1-2 cohort (CMS, Dec 2024), All NPIs row; per response, mean revenue"
636,confirmed,,p14,CMS-2026-1916-0396,"Page, Wolfberg & Wirth, LLC","$1,845",OCR-only,OCR-only: page image read visually,"PWW Table X, GADCS Year 1-2 cohort (CMS, Dec 2024), All NPIs row; per response, mean cost"
637,confirmed,,p14,CMS-2026-1916-0396,"Page, Wolfberg & Wirth, LLC","$1,050",OCR-only,OCR-only: page image read visually,"PWW Table X, GADCS Year 1-2 cohort (CMS, Dec 2024), All NPIs row; per response, mean $ shortfall (-$1,050)"
638,confirmed,,p14,CMS-2026-1916-0396,"Page, Wolfberg & Wirth, LLC",$447,OCR-only,OCR-only: page image read visually,"PWW Table X, GADCS Year 1-2 cohort (CMS, Dec 2024), All NPIs row; per response, median revenue"
639,confirmed,,p14,CMS-2026-1916-0396,"Page, Wolfberg & Wirth, LLC",$959,OCR-only,OCR-only: page image read visually,"PWW Table X, GADCS Year 1-2 cohort (CMS, Dec 2024), All NPIs row; per response, median cost"
640,confirmed,,p14,CMS-2026-1916-0396,"Page, Wolfberg & Wirth, LLC",$512,OCR-only,OCR-only: page image read visually,"PWW Table X, GADCS Year 1-2 cohort (CMS, Dec 2024), All NPIs row; per response, median $ shortfall (-$512)"
641,confirmed,,p14,CMS-2026-1916-0396,"Page, Wolfberg & Wirth, LLC","$1,147",OCR-only,OCR-only: page image read visually,"PWW Table X, GADCS Year 1-2 cohort (CMS, Dec 2024), All NPIs row; per transport, mean revenue"
642,confirmed,,p14,CMS-2026-1916-0396,"Page, Wolfberg & Wirth, LLC","$2,673",OCR-only,OCR-only: page image read visually,"PWW Table X, GADCS Year 1-2 cohort (CMS, Dec 2024), All NPIs row; per transport, mean cost"
643,confirmed,,p14,CMS-2026-1916-0396,"Page, Wolfberg & Wirth, LLC","$1,526",OCR-only,OCR-only: page image read visually,"PWW Table X, GADCS Year 1-2 cohort (CMS, Dec 2024), All NPIs row; per transport, mean $ shortfall (-$1,526)"
644,confirmed,,p14,CMS-2026-1916-0396,"Page, Wolfberg & Wirth, LLC",56.9%,OCR-only,OCR-only: page image read visually,"PWW Table X, GADCS Year 1-2 cohort (CMS, Dec 2024), All NPIs row; per response, mean % shortfall (-56.9%)"
645,confirmed,,p14,CMS-2026-1916-0396,"Page, Wolfberg & Wirth, LLC",53.4%,OCR-only,OCR-only: page image read visually,"PWW Table X, GADCS Year 1-2 cohort (CMS, Dec 2024), All NPIs row; per response, median % shortfall (-53.4%)"
646,confirmed,,p14,CMS-2026-1916-0396,"Page, Wolfberg & Wirth, LLC",57.1%,OCR-only,OCR-only: page image read visually,"PWW Table X, GADCS Year 1-2 cohort (CMS, Dec 2024), All NPIs row; per transport, mean % shortfall (-57.1%)"
814,confirmed,,p15,CMS-2026-1916-0396,"Page, Wolfberg & Wirth, LLC",$840,OCR-only,OCR-only: page image read visually,"PWW table, GADCS 'Cohort 2 Years 1-4' (CMS, Dec 2025), All NPIs row; per response, mean revenue. Table note says 'Year 1 through Year 5'; link and header say Years 1-4."
815,confirmed,,p15,CMS-2026-1916-0396,"Page, Wolfberg & Wirth, LLC","$1,907",OCR-only,OCR-only: page image read visually,"PWW table, GADCS 'Cohort 2 Years 1-4' (CMS, Dec 2025), All NPIs row; per response, mean cost. Table note says 'Year 1 through Year 5'; link and header say Years 1-4."
816,confirmed,,p15,CMS-2026-1916-0396,"Page, Wolfberg & Wirth, LLC","$1,067",OCR-only,OCR-only: page image read visually,"PWW table, GADCS 'Cohort 2 Years 1-4' (CMS, Dec 2025), All NPIs row; per response, mean $ shortfall (-$1,067). Table note says 'Year 1 through Year 5'; link and header say Years 1-4."
817,confirmed,,p15,CMS-2026-1916-0396,"Page, Wolfberg & Wirth, LLC",$464,OCR-only,OCR-only: page image read visually,"PWW table, GADCS 'Cohort 2 Years 1-4' (CMS, Dec 2025), All NPIs row; per response, median revenue. Table note says 'Year 1 through Year 5'; link and header say Years 1-4."
818,confirmed,,p15,CMS-2026-1916-0396,"Page, Wolfberg & Wirth, LLC",$999,OCR-only,OCR-only: page image read visually,"PWW table, GADCS 'Cohort 2 Years 1-4' (CMS, Dec 2025), All NPIs row; per response, median cost. Table note says 'Year 1 through Year 5'; link and header say Years 1-4."
819,confirmed,,p15,CMS-2026-1916-0396,"Page, Wolfberg & Wirth, LLC",$535,OCR-only,OCR-only: page image read visually,"PWW table, GADCS 'Cohort 2 Years 1-4' (CMS, Dec 2025), All NPIs row; per response, median $ shortfall (-$535). Table note says 'Year 1 through Year 5'; link and header say Years 1-4."
820,confirmed,,p15,CMS-2026-1916-0396,"Page, Wolfberg & Wirth, LLC","$1,268",OCR-only,OCR-only: page image read visually,"PWW table, GADCS 'Cohort 2 Years 1-4' (CMS, Dec 2025), All NPIs row; per transport, mean revenue. Table note says 'Year 1 through Year 5'; link and header say Years 1-4."
821,confirmed,,p15,CMS-2026-1916-0396,"Page, Wolfberg & Wirth, LLC","$2,763",OCR-only,OCR-only: page image read visually,"PWW table, GADCS 'Cohort 2 Years 1-4' (CMS, Dec 2025), All NPIs row; per transport, mean cost. Table note says 'Year 1 through Year 5'; link and header say Years 1-4."
822,confirmed,,p15,CMS-2026-1916-0396,"Page, Wolfberg & Wirth, LLC","$1,495",OCR-only,OCR-only: page image read visually,"PWW table, GADCS 'Cohort 2 Years 1-4' (CMS, Dec 2025), All NPIs row; per transport, mean $ shortfall (-$1,495). Table note says 'Year 1 through Year 5'; link and header say Years 1-4."
823,confirmed,,p15,CMS-2026-1916-0396,"Page, Wolfberg & Wirth, LLC",$613,OCR-only,OCR-only: page image read visually,"PWW table, GADCS 'Cohort 2 Years 1-4' (CMS, Dec 2025), All NPIs row; per transport, median revenue. Table note says 'Year 1 through Year 5'; link and header say Years 1-4."
824,confirmed,,p15,CMS-2026-1916-0396,"Page, Wolfberg & Wirth, LLC","$1,335",OCR-only,OCR-only: page image read visually,"PWW table, GADCS 'Cohort 2 Years 1-4' (CMS, Dec 2025), All NPIs row; per transport, median cost. Table note says 'Year 1 through Year 5'; link and header say Years 1-4."
825,confirmed,,p15,CMS-2026-1916-0396,"Page, Wolfberg & Wirth, LLC",$722,OCR-only,OCR-only: page image read visually,"PWW table, GADCS 'Cohort 2 Years 1-4' (CMS, Dec 2025), All NPIs row; per transport, median $ shortfall (-$722). Table note says 'Year 1 through Year 5'; link and header say Years 1-4."
826,confirmed,,p15,CMS-2026-1916-0396,"Page, Wolfberg & Wirth, LLC",56.0%,OCR-only,OCR-only: page image read visually,"PWW table, GADCS 'Cohort 2 Years 1-4' (CMS, Dec 2025), All NPIs row; per response, mean % shortfall (-56.0%). Table note says 'Year 1 through Year 5'; link and header say Years 1-4."
827,confirmed,,p15,CMS-2026-1916-0396,"Page, Wolfberg & Wirth, LLC",53.6%,OCR-only,OCR-only: page image read visually,"PWW table, GADCS 'Cohort 2 Years 1-4' (CMS, Dec 2025), All NPIs row; per response, median % shortfall (-53.6%). Table note says 'Year 1 through Year 5'; link and header say Years 1-4."
828,confirmed,,p15,CMS-2026-1916-0396,"Page, Wolfberg & Wirth, LLC",54.1%,OCR-only,OCR-only: page image read visually,"PWW table, GADCS 'Cohort 2 Years 1-4' (CMS, Dec 2025), All NPIs row; -54.1% appears twice: per transport mean AND median % shortfall. Table note says 'Year 1 through Year 5'; link and header say Years 1-4."
1220,confirmed,,p2,CMS-2026-1916-0399,Tennessee Hospital Association,"$320,411,458",report,text layer (PDF),"Per year, from the grandfathered amount for the rating period beginning Jan 1 2025, until the Medicare limit is reached."
1245,confirmed,,p15,CMS-2026-1916-0399,Tennessee Hospital Association,$2.4 billion,report,text layer (PDF),"Sentence starts on p14; figure on p15. 2025, counterfactual without the SDP."
1265,confirmed,,p1,CMS-2026-1916-0404,Children's Hospital Association,40%,report,text layer (PDF),Over 40% by 2036.
1299,corrected,Report implied the rule causes it. TEHP attributes the >$4.3B annual reduction to the WFTC statute's SDP provisions once the phase-down is complete (DHR 1916-0814 says the same).,p2,CMS-2026-1916-0415,Texas Essential Healthcare Partnerships,$4.3 billion,report,text layer (PDF),"Annual, after full phase-down."
1303,confirmed,,p1,CMS-2026-1916-0417,Florida Essential Healthcare Partnerships,$4.4 billion,report,text layer (PDF),"Florida DPP, when fully implemented (rule)."
1418,corrected,"Illustrative hypothetical in a docx table. Value is right but the ledger excerpt was garbled: the extractor drops a cell whose text repeats one already in the row (State A's Medicare rate $1.9B, State B's SDP $1B). Claim rewritten from the table. $2B = State A total payment rate.",docx table 1,CMS-2026-1916-0437,Midland County Hospital District,$2B,not re-located,not re-located: docx table read directly,
1419,corrected,"Illustrative hypothetical in a docx table. Value is right but the ledger excerpt was garbled: the extractor drops a cell whose text repeats one already in the row (State A's Medicare rate $1.9B, State B's SDP $1B). Claim rewritten from the table. $10M = State A annual phasedown cut under CMS's method (10 years).",docx table 1,CMS-2026-1916-0437,Midland County Hospital District,$10M,not re-located,not re-located: docx table read directly,
1420,corrected,"Illustrative hypothetical in a docx table. Value is right but the ledger excerpt was garbled: the extractor drops a cell whose text repeats one already in the row (State A's Medicare rate $1.9B, State B's SDP $1B). Claim rewritten from the table. $1B = State B base rate (State B SDP is also $1B).",docx table 1,CMS-2026-1916-0437,Midland County Hospital District,$1B,not re-located,not re-located: docx table read directly,
1632,confirmed,,p5,CMS-2026-1916-0519,Woman's Hospital,$66.3 million,report,text layer (PDF),Annual; WFTC full implementation; FY2023 data.
1633,confirmed,,p5,CMS-2026-1916-0519,Woman's Hospital,57.7%,report,text layer (PDF),57.7% annual decrease.
1723,confirmed,,p2,CMS-2026-1916-0555,Virginia Hospital & Healthcare Association,$30 billion,report,text layer (PDF),Projected reductions associated with the H.R. 1 SDP provisions.
1808,confirmed,,p1,CMS-2026-1916-0596,Cordell Memorial Hospital,"$1,262,703,035",OCR-only,OCR-only: page image read visually,"Cordell Memorial Hospital (Oklahoma CAH). Letter header says 'CMS-2439-P' (sic) but it is filed in, and addresses, CMS-2449-P (section 71116). Statewide SHOPP approved authority, rating period Apr 1 2024-Jun 30 2025."
1809,confirmed,,p1,CMS-2026-1916-0596,Cordell Memorial Hospital,"$224,181",OCR-only,OCR-only: page image read visually,"Cordell Memorial Hospital (Oklahoma CAH). Letter header says 'CMS-2439-P' (sic) but it is filed in, and addresses, CMS-2449-P (section 71116). Facility share for that 15-month rating period."
1810,confirmed,,p2,CMS-2026-1916-0596,Cordell Memorial Hospital,"$1,262,703,035",OCR-only,OCR-only: page image read visually,"Cordell Memorial Hospital (Oklahoma CAH). Letter header says 'CMS-2439-P' (sic) but it is filed in, and addresses, CMS-2449-P (section 71116). Tool reported p1 (figure-only match); sentence is on p2."
1811,confirmed,,p2,CMS-2026-1916-0596,Cordell Memorial Hospital,"$126,270,000",OCR-only,OCR-only: page image read visually,"Cordell Memorial Hospital (Oklahoma CAH). Letter header says 'CMS-2439-P' (sic) but it is filed in, and addresses, CMS-2449-P (section 71116). 10% of $1,262,703,035. Commenter calls it 'per year' though the base is a 15-month rating-period amount [inferred note]."
1812,confirmed,,p2,CMS-2026-1916-0596,Cordell Memorial Hospital,"$22,418",OCR-only,OCR-only: page image read visually,"Cordell Memorial Hospital (Oklahoma CAH). Letter header says 'CMS-2439-P' (sic) but it is filed in, and addresses, CMS-2449-P (section 71116). 10% of $224,181; per year from the first rating period after Jan 1 2028."
1813,confirmed,,p2,CMS-2026-1916-0596,Cordell Memorial Hospital,50 beds,OCR-only,OCR-only: page image read visually,"Cordell Memorial Hospital (Oklahoma CAH). Letter header says 'CMS-2439-P' (sic) but it is filed in, and addresses, CMS-2449-P (section 71116). Bed threshold in a requested slower phase-down for CAHs and rural PPS hospitals <50 beds; not an impact."
1814,confirmed,,p2,CMS-2026-1916-0596,Cordell Memorial Hospital,$149.4 billion,OCR-only,OCR-only: page image read visually,"Cordell Memorial Hospital (Oklahoma CAH). Letter header says 'CMS-2439-P' (sic) but it is filed in, and addresses, CMS-2449-P (section 71116). CBO estimate of $149.4B in savings, cited."
1815,confirmed,,p3,CMS-2026-1916-0596,Cordell Memorial Hospital,"$127,410,566",OCR-only,OCR-only: page image read visually,"Cordell Memorial Hospital (Oklahoma CAH). Letter header says 'CMS-2439-P' (sic) but it is filed in, and addresses, CMS-2449-P (section 71116). OK AMC preprint approved total, Apr 2024-Jun 2025."
1816,confirmed,,p4,CMS-2026-1916-0596,Cordell Memorial Hospital,"$2,090,800,621",OCR-only,OCR-only: page image read visually,"Cordell Memorial Hospital (Oklahoma CAH). Letter header says 'CMS-2439-P' (sic) but it is filed in, and addresses, CMS-2449-P (section 71116). Combined approved SDP authority, six preprints, Apr 2024-Jun 2025; equals the sum of the five distinct amounts in the p5-6 table (the SHOPP amendment repeats the same $1,262,703,035)."
1817,confirmed,,p4,CMS-2026-1916-0596,Cordell Memorial Hospital,"$1,262,703,035",OCR-only,OCR-only: page image read visually,"Cordell Memorial Hospital (Oklahoma CAH). Letter header says 'CMS-2439-P' (sic) but it is filed in, and addresses, CMS-2449-P (section 71116). Tool reported p1 (figure-only match)."
1818,confirmed,,p4,CMS-2026-1916-0596,Cordell Memorial Hospital,"$224,181",OCR-only,OCR-only: page image read visually,"Cordell Memorial Hospital (Oklahoma CAH). Letter header says 'CMS-2439-P' (sic) but it is filed in, and addresses, CMS-2449-P (section 71116). Tool reported p1 (figure-only match)."
1819,confirmed,,p5,CMS-2026-1916-0596,Cordell Memorial Hospital,"$1,262,703,035",OCR-only,OCR-only: page image read visually,"Cordell Memorial Hospital (Oklahoma CAH). Letter header says 'CMS-2439-P' (sic) but it is filed in, and addresses, CMS-2449-P (section 71116). Preprint table, SHOPP renewal row (approved Sep 25 2023). Tool reported p1 (figure-only match)."
1820,confirmed,,p6,CMS-2026-1916-0596,Cordell Memorial Hospital,"$127,410,566",OCR-only,OCR-only: page image read visually,"Cordell Memorial Hospital (Oklahoma CAH). Letter header says 'CMS-2439-P' (sic) but it is filed in, and addresses, CMS-2449-P (section 71116). Preprint table, AMC row (approved Nov 27 2023). Tool reported p3 (figure-only match)."
1821,confirmed,,p6,CMS-2026-1916-0596,Cordell Memorial Hospital,"$134,330,110",OCR-only,OCR-only: page image read visually,"Cordell Memorial Hospital (Oklahoma CAH). Letter header says 'CMS-2439-P' (sic) but it is filed in, and addresses, CMS-2449-P (section 71116). Preprint table, OK_Fee_Oth2 physicians/practitioners row (approved Mar 19 2024)."
1822,confirmed,,p6,CMS-2026-1916-0596,Cordell Memorial Hospital,"$46,316,476",OCR-only,OCR-only: page image read visually,"Cordell Memorial Hospital (Oklahoma CAH). Letter header says 'CMS-2439-P' (sic) but it is filed in, and addresses, CMS-2449-P (section 71116). Preprint table, OK_VBP_BHO community mental health centers row (approved Mar 19 2024)."
1851,confirmed,,docx,CMS-2026-1916-0608,"Mt. Graham Regional Medical Center, Inc.",$22.35 million,report,text layer (docx),FFY2026 HEALTHII payments.
1856,confirmed,,docx,CMS-2026-1916-0608,"Mt. Graham Regional Medical Center, Inc.",$6.21 million,report,text layer (docx),FFY2031; 72% reduction from FFY2026.
1969,corrected,Report said SPAN quoted the $0.13M RIA line 'as implausibly small'. SPAN asks CMS to clarify that line against the RIA's statement that benefits cannot be quantified; it does not call it implausibly small.,docx,CMS-2026-1916-0629,SPAN Parent Advocacy Network (SPAN),$0.13 million,report,text layer (docx),
1977,confirmed,,p3,CMS-2026-1916-0634,"Children's Health, Dallas",$340 million,report,text layer (PDF),Under a facility-wide cost-to-charge method.
2016,confirmed,,p4,CMS-2026-1916-0648,Paragon Health Institute,$192 billion,report,text layer (PDF),Over the next decade; excess burden of taxation.
2017,confirmed,,p4,CMS-2026-1916-0648,Paragon Health Institute,$385 billion,report,text layer (PDF),See r2016.
2032,confirmed,,p3,CMS-2026-1916-0650,Baptist Memorial Health Care,$160 million,report,text layer (PDF),"Annual, under the phase-down."
2499,confirmed,,p2,CMS-2026-1916-0751,New Jersey Hospital Association,$3.4 billion,report,text layer (PDF),"Section 71116 alone, through 2032."
2532,confirmed,,p2,CMS-2026-1916-0756,Allegheny Health Network,$510 billion,report,text layer (PDF),AHN: 'Congress initially projected' $149.4B.
2533,confirmed,,p2,CMS-2026-1916-0756,Allegheny Health Network,$149.4 billion,report,text layer (PDF),CBO score of section 71116.
2894,confirmed,,p3,CMS-2026-1916-0781,Tufts Medicine,$600 million,report,text layer (PDF),Cumulative by year 3 of the phase-down.
2903,confirmed,,p9,CMS-2026-1916-0785,Minnesota Hospital Association,200 percent,report,text layer (PDF),Illustrative 200% -> 190% -> 180% of Medicare.
3047,confirmed,,p6,CMS-2026-1916-0817,Competitive Enterprise Institute,$5.5 billion,report,text layer (PDF),CEI's own estimate under its stated assumption.
3048,confirmed,,p6,CMS-2026-1916-0817,Competitive Enterprise Institute,$26 billion,report,text layer (PDF),"Annual SDP spending, 2020."
3049,confirmed,,p6,CMS-2026-1916-0817,Competitive Enterprise Institute,$137 billion,report,text layer (PDF),"Annual SDP spending, 2026."
3051,confirmed,,p8,CMS-2026-1916-0817,Competitive Enterprise Institute,"$ 16,149,570",OCR-only,OCR-only: page image read visually,CEI appendix Table 1 'Data and calculations for Federal SDP spending per capita' (no year stated on the page). Minnesota federal SDP spending.
3052,confirmed,,p8,CMS-2026-1916-0817,Competitive Enterprise Institute,$2.77,OCR-only,OCR-only: page image read visually,"CEI appendix Table 1 'Data and calculations for Federal SDP spending per capita' (no year stated on the page). Minnesota SDP spending per capita ($16,149,570 / 5,830,405 = $2.77)."
3054,confirmed,,p8,CMS-2026-1916-0817,Competitive Enterprise Institute,$ 8.40,OCR-only,OCR-only: page image read visually,"CEI appendix Table 1 'Data and calculations for Federal SDP spending per capita' (no year stated on the page). Maryland per capita. Source-table inconsistency: Vermont shows $12,376,153 but '$ -' per capita (should be ~$19.20)."
3151,confirmed,,p2,CMS-2026-1916-0822,Greater New York Hospital Association,$2 billion,report,text layer (PDF),NY hospital Medicaid revenue lost to H.R. 1 SDP changes.
3179,confirmed,,p1,CMS-2026-1916-0835,New Mexico Health Care Authority,$1.8 billion,report,text layer (PDF),Annual SDP total funds.
3180,confirmed,,p1,CMS-2026-1916-0835,New Mexico Health Care Authority,$1.2 billion,report,text layer (PDF),Annual reduction.
3182,confirmed,,p1,CMS-2026-1916-0835,New Mexico Health Care Authority,$600 million,report,text layer (PDF),Remaining annual SDP funding.
3183,confirmed,,p1,CMS-2026-1916-0835,New Mexico Health Care Authority,66.7%,report,text layer (PDF),66.7% reduction to the SDPs.
3237,confirmed,,p1,CMS-2026-1916-0842,UVA Health,$600 million,OCR-only,OCR-only: page image read visually,"UVA Health. Charity and indigent care, Fiscal Year 2025."
3238,confirmed,,p2,CMS-2026-1916-0842,UVA Health,$149.4 billion,OCR-only,OCR-only: page image read visually,"UVA Health. CBO estimate of section 71116, over 10 years."
3239,confirmed,,p2,CMS-2026-1916-0842,UVA Health,$510 billion,OCR-only,OCR-only: page image read visually,"UVA Health. CMS proposed-rule estimate, over 10 years (RIA $510.1B)."
3240,confirmed,,p3,CMS-2026-1916-0842,UVA Health,"$1,000,000",OCR-only,OCR-only: page image read visually,UVA Health. Illustrative phase-down example.
3241,confirmed,,p3,CMS-2026-1916-0842,UVA Health,"$900,000",OCR-only,OCR-only: page image read visually,UVA Health. Illustrative phase-down example.
3242,corrected,"Figure field had a trailing comma ('$810,000,'); now '$810,000'.",p3,CMS-2026-1916-0842,UVA Health,"$810,000,",OCR-only,OCR-only: page image read visually,UVA Health. Illustrative: 10% of prior-year value.
3243,corrected,"Figure field had a trailing comma ('$800,000,'); now '$800,000'.",p3,CMS-2026-1916-0842,UVA Health,"$800,000,",OCR-only,OCR-only: page image read visually,"UVA Health. Illustrative: CMS's method, 10% of base-year value."
3244,confirmed,,p3,CMS-2026-1916-0842,UVA Health,200%,OCR-only,OCR-only: page image read visually,UVA Health. Illustrative: 200% of Medicare.
3245,confirmed,,p3,CMS-2026-1916-0842,UVA Health,190%,OCR-only,OCR-only: page image read visually,UVA Health. Illustrative: 190% of Medicare.
3246,confirmed,,p3,CMS-2026-1916-0842,UVA Health,180%,OCR-only,OCR-only: page image read visually,UVA Health. Illustrative: 180% of Medicare.
3250,confirmed,,docx,CMS-2026-1916-0844,Bath Community Hospital,"$892,374",report,text layer (docx),Up to 93% of SDP.
3252,confirmed,,docx,CMS-2026-1916-0844,Bath Community Hospital,93%,report,text layer (docx),See r3250.
3313,confirmed,,p3,CMS-2026-1916-0885,Texas Health Resources,$915 million,report,text layer (PDF),Per year from SFY 2029.
3363,confirmed,,p2,CMS-2026-1916-0890,Commonwealth of Virginia,$6.6 million,report,text layer (PDF),"Annual personnel cost of ~68 FTEs (DMAS, 141,000 hours)."
3411,confirmed,,docx,CMS-2026-1916-0902,Lee County Community Hospital,$360.7 billion,report,text layer (docx),CMS $510.1B vs CBO $149.4B; also confirms $774.8B total.
3453,confirmed,,p2,CMS-2026-1916-0909,Parkwest Medical Center,$320 million,report,text layer (PDF),Over $320 million annually (campaign letter).
3454,confirmed,,p2,CMS-2026-1916-0909,Parkwest Medical Center,$320 million,report,text layer (PDF),"Same sentence, second extraction ('wiH' OCR typo in source text)."
3574,corrected,"Report called $339 the private ambulance 'supplemental'. It is private 911 providers' total Medi-Cal payment per transport (2022 table: base $118.20 + $220.80 add-on). The pending public rate per 911 Alliance is >$1,600; $2,609 is CFE's figure.",p1,CMS-2026-1916-0943,911 Ambulance Provider’s Medi-Cal Alliance,$339,report,text layer (PDF),
3618,confirmed,,docx,CMS-2026-1916-0955,City of Anaheim Fire & Rescue Department,$5 million,report,text layer (docx),No time period stated by the commenter.
3648,confirmed,,p1,CMS-2026-2476-0029,Georgetown University Center for Children and Families,$191.1 billion,report,text layer (PDF),"Reduced federal spending, 2025-2034 (CBO, section 71115)."
3655,confirmed,,p4,CMS-2026-2476-0029,Georgetown University Center for Children and Families,1.1 million,report,text layer (PDF),"Section 71115 per CBO, by 2034."
3691,confirmed,,p9,CMS-2026-2476-0033,Center on Budget and Policy Priorities,$601 billion,report,text layer (PDF),"CMS combined federal reduction for both rules, as reported by CBPP."
3698,confirmed,,p1,CMS-2026-2476-0035,Missouri Hospital Association,$1.25 billion,report,text layer (PDF),Full phasedown to 3.5%.
3706,confirmed,,p2,CMS-2026-2476-0035,Missouri Hospital Association,$55.6 million,report,text layer (PDF),Per 0.1% decrease in the provider tax.
3707,confirmed,,p2,CMS-2026-2476-0035,Missouri Hospital Association,0.1%,report,text layer (PDF),See r3706.
3712,confirmed,,p3,CMS-2026-2476-0035,Missouri Hospital Association,$1.25 billion,report,text layer (PDF),Ongoing annual impact once threshold reaches 3.5%.
3757,confirmed,,p2,CMS-2026-2476-0056,Kentucky Health Collaborative (KHC),$774.8 billion,report,text layer (PDF),"$774.8B total (federal $510.1B), 2026-2035."
3772,confirmed,,p3,CMS-2026-2476-0068,American Network of Community Options and Resources (ANCOR),55%,report,text layer (PDF),Share of surveyed providers that turned away new referrals.
3779,corrected,"Report said the NY MCO tax yields $1.5B less 'than projected' without a cause. Iroquois attributes the shortfall to CMS's February 2026 uniformity-waiver final rule, not to CMS-2452-P. The tax was originally projected at $3.7B over two years.",p1,CMS-2026-2476-0072,Iroquois Healthcare Association,$1.5 billion,report,text layer (PDF),
3789,confirmed,,p2,CMS-2026-2476-0077,Arizona Hospital & Healthcare Association,$50 million,report,text layer (PDF),Swing in grandfathered amount depending on the 12-month window.
3853,confirmed,,docx,CMS-2026-2476-0089,The Hospital + Healthsystem Association of Pennsylvania,$246 billion,report,text layer (docx),CMS RIA federal savings.
3854,corrected,"HAP does not name the source of $183B ('the estimated $183 billion associated with the statutory changes enacted by Congress'). Calling it CBO's comes from other commenters (UHA 2476-0097, AHCCCS 2476-0201, PA DHS 2476-0126). Report now says so.",docx,CMS-2026-2476-0089,The Hospital + Healthsystem Association of Pennsylvania,$183 billion,report,text layer (docx),
3863,confirmed,,docx,CMS-2026-2476-0089,The Hospital + Healthsystem Association of Pennsylvania,"$1,000,000,000.29",report,text layer (docx),Illustrative cliff example.
3864,confirmed,,docx,CMS-2026-2476-0089,The Hospital + Healthsystem Association of Pennsylvania,$0.29,report,text layer (docx),See r3863.
3869,confirmed,,p27,CMS-2026-2476-0091,Blue Cross Blue Shield Association (BCBSA),$9.1 billion,report,text layer (PDF),Net federal savings range including the section 71117 rule interaction.
3870,confirmed,,p27,CMS-2026-2476-0091,Blue Cross Blue Shield Association (BCBSA),$90.9 billion,report,text layer (PDF),See r3869.
3881,confirmed,,p1,CMS-2026-2476-0094,Orlando Health,9.9 million,OCR-only,OCR-only: page image read visually,Orlando Health; outpatient visits annually.
3882,confirmed,,p1,CMS-2026-2476-0095,Idaho Hospital Association,2 percent,OCR-only,OCR-only: page image read visually,Idaho Hospital Association; projected combined effective assessment once the phase-down is complete (class-by-class).
3900,confirmed,,p7,CMS-2026-2476-0099,Families USA,16%,report,text layer (PDF),"State reinsurance programs, 2023, average for unsubsidized enrollees."
3926,confirmed,,p2,CMS-2026-2476-0107,OpenSky Policy Institute,$68 million,report,text layer (PDF),"Combined, starting October 2027."
3931,confirmed,,p2,CMS-2026-2476-0108,Center for Civil Justice,$245.8 billion,report,text layer (PDF),"Federal, 2026-2035."
3932,confirmed,,p2,CMS-2026-2476-0108,Center for Civil Justice,$138.2 billion,report,text layer (PDF),"State, 2026-2035."
3933,confirmed,,p2,CMS-2026-2476-0108,Center for Civil Justice,$384 billion,report,text layer (PDF),Combined.
3939,confirmed,,p6,CMS-2026-2476-0109,Texas Hospital Association (THA),30 percent,report,text layer (PDF),CMS RIA assumption: states offset 30% of cuts.
3941,confirmed,,p7,CMS-2026-2476-0109,Texas Hospital Association (THA),30 percent,report,text layer (PDF),THA's reply to the 30% assumption.
3954,confirmed,,p2,CMS-2026-2476-0115,Massachusetts Medical Society,$198.7 billion,report,text layer (PDF),"Ten years, 2026-2035."
3958,confirmed,,p2,CMS-2026-2476-0115,Massachusetts Medical Society,27 percent,report,text layer (PDF),27% relative to current law.
3987,confirmed,,p2,CMS-2026-2476-0130,Paragon Health Institute,$502 billion,report,text layer (PDF),2025-2034; derived from an ASPE estimate.
3988,confirmed,,p2,CMS-2026-2476-0130,Paragon Health Institute,$875 billion,report,text layer (PDF),See r3987.
3991,confirmed,,p12,CMS-2026-2476-0130,Paragon Health Institute,$61.5 billion,report,text layer (PDF),Over the next decade; equals 0.25-0.5 x $246B.
3992,confirmed,,p12,CMS-2026-2476-0130,Paragon Health Institute,$123 billion,report,text layer (PDF),See r3991.
4028,confirmed,,p2,CMS-2026-2476-0156,State of Colorado (Office of the Governor),$120 million,report,text layer (PDF),Annual Health Insurance Affordability Enterprise fee.
4040,confirmed,,docx,CMS-2026-2476-0165,University of Mississippi Medical Center (UMMC),$150 million,report,text layer (docx),"Immediate decrease from Oct 1, 2026."
4044,confirmed,,p2,CMS-2026-2476-0172,Texas Essential Healthcare Partnerships,$1.7 billion,report,text layer (PDF),"Annual; effect of the statutory freeze, 2024 data."
4050,confirmed,,p2,CMS-2026-2476-0176,Florida Essential Healthcare Partnerships,$272 million,report,text layer (PDF),"Annual; effect of the statutory freeze, 2024 data."
4052,confirmed,,comment field,CMS-2026-2476-0178,Colorado Fiscal Institute,$2.5 billion,report,comment field,Up to $2.5B a year.
4054,confirmed,,p10,CMS-2026-2476-0179,Jason Levitis,$250 billion,report,text layer (PDF),'almost $250 billion'.
4070,confirmed,,p5,CMS-2026-2476-0184,Greater New York Hospital Association,$4.2 billion,report,text layer (PDF),"When fully implemented, three proposals combined."
4079,confirmed,,p2,CMS-2026-2476-0186,New Mexico Health Care Authority,$125M,report,text layer (PDF),"Annual, once fully implemented by FFY 2032."
4080,confirmed,,p2,CMS-2026-2476-0186,New Mexico Health Care Authority,$8.5B,report,text layer (PDF),Over the next decade.
4091,confirmed,,p2,CMS-2026-2476-0186,New Mexico Health Care Authority,"21,600 jobs",report,text layer (PDF),Scaled from a published study.
4145,confirmed,,p1,CMS-2026-2476-0201,Arizona Health Care Cost Containment System (AHCCCS),$220.3 billion,report,text layer (PDF),CMS RIA net reduction in provider payments; AHCCCS also cites CBO $183-191B.
4183,confirmed,,docx,CMS-2026-2476-0212,Hospital Los Angeles Medical Group,$220.3 billion,report,text layer (docx),Labeled by the commenter as illustrative.
4184,confirmed,,docx,CMS-2026-2476-0212,Hospital Los Angeles Medical Group,$138 billion,report,text layer (docx),"Labeled by the commenter as 'an illustrative allocation, not a CMS estimate'."
4200,confirmed,,p5,CMS-2026-2476-0215,Nevada Hospital Association (NHA),2.2 million,OCR-only,OCR-only: page image read visually,Nevada Hospital Association; Nevadans living in primary care HPSAs.
4201,confirmed,,p5,CMS-2026-2476-0215,Nevada Hospital Association (NHA),3.1 million,OCR-only,OCR-only: page image read visually,Nevada Hospital Association; Nevadans living in mental health HPSAs.
4202,corrected,Added: the report cites this figure but the ledger had no row for it (percentages/counts are only extracted next to an impact word).,comment field,CMS-2026-1916-0009,(anonymous),50%,report,comment field,Share of a Houston pediatrician's patients covered by Medicaid; quoted in the report.
4203,corrected,Added: the report cites this figure but the ledger had no row for it (percentages/counts are only extracted next to an impact word).,p2,CMS-2026-1916-0890,Commonwealth of Virginia,68 full-time employees,report,text layer (PDF),Added staffing to administer claim-level compliance; cited in the report with r3363.
4204,corrected,Added: the report cites this figure but the ledger had no row for it (percentages/counts are only extracted next to an impact word).,p1,CMS-2026-1916-0333,CENCAL FIRE & EMS AUTHORITY,15%,report,text layer (PDF),Share of annual operating budget; cited in the report with r398.
4205,corrected,Added: the report cites this figure but the ledger had no row for it (percentages/counts are only extracted next to an impact word).,comment field,CMS-2026-1916-0101,Center for a Free Economy,286 percent,report,comment field,"($2,609 - $676) / $676 = 286%, against Huntington Beach's reported ~$676 cost per transport; cited in the report with r55."
