tin_type,tin_value,business_names,rates_95924_26,service_codes,n_files,files,npi_count,npis
ein,04-2807148,MGPO INC DBA BENSON HENRY INSTITU,238.33,11,4,Blue-Care-Elect-Fully-Insured | HMO-Blue-Fully-Insured | New-England-Managed-Care-Fully-Insured | PAR-Providers,154,1003101056|1003340159|1003892449|1013038454|1013998160|1023340940|1043201502|1053447771|1063755981|1093760027|1104096353|1114247582|1114314127|1114992831|1124009881|1124052170|1124154836|1124347448|1134395767|1134533664|1144211640|1144496324|1144668781|1164885919|1174908594|1184614356|1184615700|1184949224|1194715524|1194956706|1194984054|1194988659|1205135571|1215105820|1215258751|1225475478|1255313359|1255394730|1255580031|1265415616|1275523615|1275940801|1285048439|1295774057|1295880508|1306810015|1306827241|1306969605|1326038043|1326314998|1326577685|1336139948|1346221322|1346230075|1366423733|1366641706|1366861353|1376517078|1376863266|1386770022|1396125217|1396727327|1396735601|1396834446|1407261605|1407846686|1407977473|1417184904|1417235557|1417947912|1427214386|1437124583|1437186327|1447315650|1477575413|1487636429|1497075964|1497840177|1508847310|1508971565|1518957422|1528167822|1528472875|1528556446|1558348037|1568663789|1578529798|1578590873|1588855928|1598027898|1598972382|1609069111|1619101136|1629059084|1629069109|1629365234|1639105513|1639160534|1639344583|1649475179|1649737222|1659355238|1659664373|1659944296|1669815486|1679869135|1689801979|1689929333|1699156687|1699749390|1699924670|1700867975|1710336003|1720060916|1720108400|1720295124|1730610056|1740262021|1750333605|1750525291|1760459176|1770800146|1780674945|1780814723|1801123997|1821088337|1831124486|1841263159|1841310646|1861620247|1871549089|1871583930|1871819094|1871910711|1881607588|1891280707|1912345414|1912932906|1922081553|1922082858|1922597012|1932605474|1942595608|1952181042|1952391260|1952437600|1952664443|1952696429|1952861148|1962638197|1972762326|1982054581|1982670535|1982874046
ein,04-3466314,BRIGHAM AND WOMENS PHYSICIANS ORGANI,238.33,11,4,Blue-Care-Elect-Fully-Insured | HMO-Blue-Fully-Insured | New-England-Managed-Care-Fully-Insured | PAR-Providers,119,1003101056|1013038454|1013971290|1023340940|1033176359|1033347281|1043272198|1043276306|1053446013|1053447771|1063755981|1083782981|1114247582|1114373339|1114992831|1124009881|1124062195|1124347448|1134395767|1134533664|1144496324|1164885919|1184086654|1184614356|1184615700|1184949224|1194956706|1194988659|1205000148|1205496635|1225076771|1225477953|1235491903|1245495050|1245554708|1255394730|1265415616|1265422638|1285048439|1295029353|1295880508|1366641706|1366691354|1366861353|1376517078|1376640094|1376863266|1396957064|1407977473|1427012822|1437186327|1437592268|1437689833|1447315650|1457341083|1477535953|1508971565|1518225952|1528167822|1528472875|1548227911|1558348037|1588626568|1598064883|1598722274|1609075175|1619101136|1619986759|1629040282|1629059084|1629365234|1639105513|1639344583|1649475179|1649737222|1659463339|1659512838|1669462578|1669622908|1669815486|1679981864|1689663338|1689801979|1699136598|1699156687|1699749390|1699766238|1700867975|1710243332|1720060916|1720108400|1730610056|1740262021|1750810040|1770674723|1780814723|1790742096|1801278734|1801879150|1811346711|1831502798|1841263159|1841545142|1861620247|1871549089|1912345414|1912932906|1922081553|1922093863|1922597012|1932339025|1932561099|1932605474|1952181042|1952391260|1952669509|1952861148|1972802122|1982054581
ein,22-2768204,HARVARD MEDICAL FACULTY PHYS AT BIDM HMFP AT BIDMC DBA HEALTH,166.24,11,4,Blue-Care-Elect-Fully-Insured | HMO-Blue-Fully-Insured | New-England-Managed-Care-Fully-Insured | PAR-Providers,74,1023571361|1053603522|1053699918|1083654289|1093109563|1093762601|1093960783|1124063235|1124069448|1124223318|1134103799|1144457755|1154348043|1154697589|1184086654|1184653487|1194042895|1194762724|1205253218|1215236476|1235185539|1245271881|1245298298|1245325513|1255578332|1275981433|1326040197|1346200698|1346279890|1356538417|1356760821|1366496440|1386811032|1396232427|1396788972|1407119373|1427016658|1467493809|1467508283|1518905876|1528224987|1528596145|1619358371|1629066113|1629429543|1659715944|1699041780|1699169599|1710206248|1710516232|1720068661|1730353939|1730455734|1730541186|1760440564|1760635338|1780646349|1790705648|1811201940|1821031527|1821261702|1831332535|1851325427|1851339154|1851911689|1902126154|1912326000|1922361997|1932466943|1942560941|1952557423|1952589590|1972584167|1992321350
ein,04-2774441,THE CHILDRENS HOSPITAL CORP,572.67,11,4,Blue-Care-Elect-Fully-Insured | HMO-Blue-Fully-Insured | New-England-Managed-Care-Fully-Insured | PAR-Providers,72,1003305012|1003970328|1013174804|1023042785|1033772579|1073820247|1073975579|1073994216|1124044920|1124210968|1134305071|1134337249|1134495435|1154348043|1154716850|1164507539|1194762724|1194851832|1215507520|1225494958|1235123381|1235303678|1255658209|1275568487|1295718625|1295901619|1295901858|1316232705|1336414531|1356560155|1366860173|1386006997|1386087807|1396790788|1417135385|1427004902|1447410311|1457397770|1457541625|1467696138|1477877033|1487049680|1487671269|1487928735|1497149900|1518087303|1548720014|1578299020|1609403153|1609647619|1619201472|1619247608|1619361672|1619498425|1629217641|1659790384|1669868550|1679967590|1700867975|1720295686|1750822003|1801138201|1821053133|1881636017|1891254041|1891962171|1902983257|1912400748|1912927377|1922272350|1922307172|1932637709
ein,22-2678594,CHILDRENS HOSPITAL NEUROLOGY FNDT,572.67,11,4,Blue-Care-Elect-Fully-Insured | HMO-Blue-Fully-Insured | New-England-Managed-Care-Fully-Insured | PAR-Providers,72,1003305012|1003970328|1013174804|1023042785|1033772579|1073820247|1073975579|1073994216|1124044920|1124210968|1134305071|1134337249|1134495435|1154348043|1154716850|1164507539|1194762724|1194851832|1215507520|1225494958|1235123381|1235303678|1255658209|1265639389|1275568487|1295718625|1295901619|1295901858|1316232705|1336414531|1336631217|1356560155|1366860173|1386006997|1386087807|1396790788|1417135385|1427004902|1447410311|1457397770|1457541625|1467696138|1477877033|1487049680|1487671269|1487928735|1497149900|1548720014|1578299020|1609403153|1609647619|1619201472|1619247608|1619361672|1619498425|1629217641|1659790384|1669868550|1679967590|1700867975|1720295686|1750822003|1801138201|1881636017|1891254041|1891962171|1902983257|1912400748|1912927377|1922272350|1922307172|1932637709
ein,04-2911067,UMASS MEMORIAL MEDICAL GROUP INC,209.73 | 219.73,11,4,Blue-Care-Elect-Fully-Insured | HMO-Blue-Fully-Insured | New-England-Managed-Care-Fully-Insured | PAR-Providers,65,1013990084|1023218914|1023437340|1023579349|1033347240|1043421845|1053608182|1083118574|1144376831|1144514688|1164776449|1174611008|1184644536|1184658825|1184687618|1205824356|1235303678|1255866232|1285945543|1295267466|1295932374|1316951718|1346737301|1376643478|1386650190|1396782108|1417277047|1427552835|1467868711|1518399443|1528492279|1538664990|1548602436|1568135903|1568994580|1588646905|1598025207|1609800267|1619455318|1629637988|1649474644|1669618187|1669767539|1669792636|1679069900|1740712173|1760809743|1801877329|1811920762|1821067141|1831264571|1831267798|1831283118|1841853926|1861923773|1871880906|1881057198|1881745826|1902034531|1922273200|1932561099|1962908798|1962931543|1982231304|1992798797
ein,04-2704683,LAHEY CLINIC INC,166.25,11,4,Blue-Care-Elect-Fully-Insured | HMO-Blue-Fully-Insured | New-England-Managed-Care-Fully-Insured | PAR-Providers,43,1023291556|1033202353|1033438031|1043486632|1063510048|1063806453|1093761587|1134337249|1174083703|1194162768|1255642286|1295891109|1306133293|1326362880|1336403930|1366963258|1386707370|1407370083|1437725504|1447263272|1477998789|1528353679|1528472073|1548433030|1568563245|1649733775|1689093270|1700314234|1710184627|1740276658|1760809743|1770894107|1790103299|1790103794|1801273859|1811934813|1861564346|1881089548|1922162221|1942662366|1952895948|1972769818|1982620837
ein,04-3428462,BOSTON UNIVERSITY NEUROLOGY,143.66,11,4,Blue-Care-Elect-Fully-Insured | HMO-Blue-Fully-Insured | New-England-Managed-Care-Fully-Insured | PAR-Providers,42,1003376039|1003807215|1013979277|1033646575|1063775013|1093135048|1104091107|1194952523|1205899846|1215236476|1215458369|1245293851|1245468636|1265675292|1295177830|1316200355|1336645332|1407290133|1437787298|1457732125|1477084713|1497737456|1508356809|1538663539|1548228935|1548238967|1548433030|1568637981|1619316650|1629112073|1659735330|1700413176|1720045123|1730141326|1811083066|1841390952|1871819094|1912340654|1912391491|1912495813|1922162221|1962899906
ein,04-2697983,THE GENERAL HOSPITAL CORPORATION DBA MASS GENERAL HOSPITAL,238.33 | 254.89,11,4,Blue-Care-Elect-Fully-Insured | HMO-Blue-Fully-Insured | New-England-Managed-Care-Fully-Insured | PAR-Providers,40,1003340159|1013038454|1023340940|1063755981|1114247582|1114992831|1124009881|1134395767|1144496324|1164885919|1184614356|1194988659|1285048439|1295880508|1326577685|1366861353|1376863266|1396125217|1487636429|1528472875|1528556446|1649475179|1659944296|1699749390|1699924670|1710336003|1720108400|1730610056|1740262021|1750810040|1770800146|1861620247|1871819094|1891280707|1922081553|1922597012|1932605474|1952181042|1952861148|1982054581
ein,04-2888373,BAYSTATE MEDICAL PRACTICES INC,97.07 | 128.23 | 137.17,11,4,Blue-Care-Elect-Fully-Insured | HMO-Blue-Fully-Insured | New-England-Managed-Care-Fully-Insured | PAR-Providers,30,1013179761|1033505821|1043771165|1124210968|1174674295|1194998005|1235303678|1245585678|1275503666|1295805075|1366582769|1457628786|1518040724|1568406858|1578299020|1588822787|1629099486|1629655378|1639581515|1659790384|1689675761|1700146792|1710934450|1730170994|1841619236|1881696813|1891228821|1891254041|1912135336|1912326000
ein,04-3148384,PRATT NEUROLOGY ASSOCIATES,167.83 | 167.85 | 180.20 | 180.21,11,4,Blue-Care-Elect-Fully-Insured | HMO-Blue-Fully-Insured | New-England-Managed-Care-Fully-Insured | PAR-Providers,27,1023570991|1083865257|1093967283|1124219589|1144334038|1144484619|1174758130|1184914277|1245415330|1255419396|1285695205|1336280569|1346747268|1396060141|1568406858|1629415195|1710934450|1740668334|1760619209|1770870396|1790217248|1801094719|1871804922|1881794873|1912439787|1922598762|1962436873
ein,04-3148394,PRATT PEDIATRIC ASSOCIATES,180.20 | 180.21,11,4,Blue-Care-Elect-Fully-Insured | HMO-Blue-Fully-Insured | New-England-Managed-Care-Fully-Insured | PAR-Providers,25,1013174804|1023042785|1023570991|1124210968|1134495435|1154348043|1295901858|1326314998|1346744661|1386087807|1417135385|1447410311|1457541625|1467696138|1487049680|1578299020|1619498425|1629217641|1679701486|1679967590|1750822003|1801138201|1902983257|1922272350|1932637709
ein,04-2103881,BETH ISRAEL DEACONESS MEDICAL CENTER,166.24,11,4,Blue-Care-Elect-Fully-Insured | HMO-Blue-Fully-Insured | New-England-Managed-Care-Fully-Insured | PAR-Providers,24,1023571361|1053603522|1053699918|1093109563|1154697589|1194042895|1275981433|1356760821|1396232427|1528596145|1659715944|1699169599|1710516232|1720068661|1730455734|1730541186|1780646349|1811201940|1851911689|1912326000|1922361997|1942560941|1972584167|1992321350
ein,04-3211342,BOSTON VAMC DBA BEDFORD VA CLINIC,97.07,11,4,Blue-Care-Elect-Fully-Insured | HMO-Blue-Fully-Insured | New-England-Managed-Care-Fully-Insured | PAR-Providers,20,1003903188|1134599095|1154748036|1225050305|1265404461|1306898762|1366498016|1447784228|1497837595|1548452170|1659309516|1669283966|1750542023|1770598286|1780613075|1831543537|1841390200|1851481626|1851719454|1861889974
ein,04-3306782,SIGNATURE HEALTHCARE MEDICAL GRP INC,163.16 | 167.97,11,4,Blue-Care-Elect-Fully-Insured | HMO-Blue-Fully-Insured | New-England-Managed-Care-Fully-Insured | PAR-Providers,20,1053699918|1073951539|1083065148|1093109563|1316255870|1356538417|1508170820|1528229184|1528596145|1639433907|1689806846|1699758334|1740265354|1801385034|1811352396|1831610815|1851911689|1912326000|1922448653|1942560941
ein,04-2995053,BERKSHIRE FACULTY SERVICES INC,127.55,11,4,Blue-Care-Elect-Fully-Insured | HMO-Blue-Fully-Insured | New-England-Managed-Care-Fully-Insured | PAR-Providers,17,1104020791|1164405080|1568457695|1568663789|1649585944|1699758334|1730150947|1730542606|1760585061|1801385034|1831610815|1881114759|1881794873|1902295165|1932170156|1952806390|1982667747
ein,04-2263040,DANA FARBER CANCER INSTITUTE,193.75,11,4,Blue-Care-Elect-Fully-Insured | HMO-Blue-Fully-Insured | New-England-Managed-Care-Fully-Insured | PAR-Providers,15,1053393496|1083009559|1205253218|1235265919|1326338559|1619504669|1730648775|1891250981|1891953196|1902300494|1912927377|1922307172|1932563574|1952391260|1952589590
ein,04-3170333,COASTAL MEDICAL ASSOCIATES,147.93 | 172.11,11,4,Blue-Care-Elect-Fully-Insured | HMO-Blue-Fully-Insured | New-England-Managed-Care-Fully-Insured | PAR-Providers,14,1053447771|1114247582|1154841351|1154950574|1194284356|1285048439|1376863266|1437689833|1477535953|1528472875|1649475179|1720108400|1750810040|1932605474
ein,04-3218267,BMC AFFILIATED PHYSICIANS INC,158.90 | 165.50,11,4,Blue-Care-Elect-Fully-Insured | HMO-Blue-Fully-Insured | New-England-Managed-Care-Fully-Insured | PAR-Providers,14,1003807215|1013295716|1184855314|1356336275|1457732125|1497744163|1649227356|1689960197|1710307798|1821382011|1861507956|1881822021|1922162221|1972561942
ein,04-3397450,ATRIUS HEALTH INC,146.71 | 169.92,11,4,Blue-Care-Elect-Fully-Insured | HMO-Blue-Fully-Insured | New-England-Managed-Care-Fully-Insured | PAR-Providers,14,1164911061|1245495050|1275580912|1326205790|1407479223|1417044553|1467680017|1548485741|1649417924|1699069559|1710172903|1881213858|1902015266|1912988486
ein,20-5671277,LGH MEDICAL GROUP LLC,169.65,11,4,Blue-Care-Elect-Fully-Insured | HMO-Blue-Fully-Insured | New-England-Managed-Care-Fully-Insured | PAR-Providers,14,1013070523|1154717130|1184006017|1255774162|1336331727|1447786694|1477563088|1619964392|1720101843|1811142979|1851694889|1861735839|1881794873|1891148854
ein,04-3320571,CAMBRIDGE PUBLIC HEALTH COMMISSION,166.24,11,4,Blue-Care-Elect-Fully-Insured | HMO-Blue-Fully-Insured | New-England-Managed-Care-Fully-Insured | PAR-Providers,13,1053577197|1225475478|1245890912|1346747268|1396857066|1528224987|1578529798|1588898050|1649585944|1699733469|1760893325|1962899906|1982868683
ein,04-3187299,MEDICAL AFFILIATES OF CAPE COD INC,155.99 | 162.40,11,4,Blue-Care-Elect-Fully-Insured | HMO-Blue-Fully-Insured | New-England-Managed-Care-Fully-Insured | PAR-Providers,12,1184855314|1245337963|1295774057|1306888953|1316255870|1366005860|1629231832|1659933505|1720050073|1821140351|1871687038|1912908229
ein,47-3773873,COMMUNITY NEUROSCIENCE SERVICES LLC,209.73 | 219.73,11,4,Blue-Care-Elect-Fully-Insured | HMO-Blue-Fully-Insured | New-England-Managed-Care-Fully-Insured | PAR-Providers,11,1023218914|1144490533|1164573283|1174611008|1215198692|1528235447|1558712992|1669767539|1790103794|1881745826|1902034531
ein,77-0605382,NEWTON WELLESLEY NEUROLOGY ASSOC PC,221.43,11,4,Blue-Care-Elect-Fully-Insured | HMO-Blue-Fully-Insured | New-England-Managed-Care-Fully-Insured | PAR-Providers,11,1194958488|1235185968|1235494048|1376863266|1437115177|1487005377|1740241736|1912345414|1922064674|1932605474|1982660619
ein,04-3208311,NORTHAMPTON VA MEDICAL CENTER,97.07,11,4,Blue-Care-Elect-Fully-Insured | HMO-Blue-Fully-Insured | New-England-Managed-Care-Fully-Insured | PAR-Providers,10,1104866524|1285925016|1295155117|1497060826|1619181674|1659434447|1912907197|1932358009|1952622045|1962769661
ein,04-3029929,MERCY INPATIENT MEDICAL ASSOC DBA TRINITY HEALTH OF NE,140.56,11,4,Blue-Care-Elect-Fully-Insured | HMO-Blue-Fully-Insured | New-England-Managed-Care-Fully-Insured | PAR-Providers,8,1407219371|1528590395|1659614931|1669625174|1821303959|1902339153|1922481902|1982126512
ein,04-3485648,SEACOAST AFFILIATED GROUP PRACTICE,166.24,11,4,Blue-Care-Elect-Fully-Insured | HMO-Blue-Fully-Insured | New-England-Managed-Care-Fully-Insured | PAR-Providers,8,1053699918|1093109563|1144457755|1356538417|1528596145|1851911689|1912326000|1942560941
ein,04-2104691,MARTHAS VINEYARD HOSPITAL,72.75% | 221.43,11,4,Blue-Care-Elect-Fully-Insured | HMO-Blue-Fully-Insured | New-England-Managed-Care-Fully-Insured | PAR-Providers,7,1255580031|1396125217|1417235557|1629365234|1639344583|1699156687|1861620247
ein,22-2472997,BROCKTON HOSPITAL INC,163.16 | 167.97,11,4,Blue-Care-Elect-Fully-Insured | HMO-Blue-Fully-Insured | New-England-Managed-Care-Fully-Insured | PAR-Providers,7,1073951539|1083065148|1528229184|1639433907|1801385034|1831610815|1922448653
ein,22-2658209,MASS EYE AND EAR ASSOCIATES,238.33,11,4,Blue-Care-Elect-Fully-Insured | HMO-Blue-Fully-Insured | New-England-Managed-Care-Fully-Insured | PAR-Providers,7,1033347281|1053390625|1578725685|1629365234|1649261751|1700865375|1952181042
ein,32-0367841,PHYSICIANS OF CAPE COD HOSPITAL,155.99 | 162.40,11,4,Blue-Care-Elect-Fully-Insured | HMO-Blue-Fully-Insured | New-England-Managed-Care-Fully-Insured | PAR-Providers,7,1245337963|1306888953|1366005860|1629231832|1659933505|1821140351|1871687038
ein,04-2472266,RELIANT MEDICAL GROUP,173.81 | 184.33,11,4,Blue-Care-Elect-Fully-Insured | HMO-Blue-Fully-Insured | New-England-Managed-Care-Fully-Insured | PAR-Providers,6,1336609775|1477537520|1508494436|1508857707|1518930486|1578792842
ein,04-3201853,NORTHEAST MEDICAL PRACTICE INC,166.25,11,4,Blue-Care-Elect-Fully-Insured | HMO-Blue-Fully-Insured | New-England-Managed-Care-Fully-Insured | PAR-Providers,6,1033438031|1043314198|1043504798|1700314234|1811934813|1972769818
ein,27-2777455,STEWARD MEDICAL GROUP INC,158.90 | 165.50,11,4,Blue-Care-Elect-Fully-Insured | HMO-Blue-Fully-Insured | New-England-Managed-Care-Fully-Insured | PAR-Providers,6,1003875196|1528062858|1548433030|1851694889|1861441891|1912135336
ein,32-0058309,ASSOCIATED PHYSICIANS OF HMFP OF,166.24,11,4,Blue-Care-Elect-Fully-Insured | HMO-Blue-Fully-Insured | New-England-Managed-Care-Fully-Insured | PAR-Providers,6,1144457755|1386811032|1649546367|1699838334|1730353939|1730743394
ein,45-1196793,NORTH SHORE NEUROLOGY EMG LLC,166.25,11,4,Blue-Care-Elect-Fully-Insured | HMO-Blue-Fully-Insured | New-England-Managed-Care-Fully-Insured | PAR-Providers,6,1023216827|1043314198|1245401678|1508072398|1508170820|1518116250
ein,04-2472758,CHILD HEALTH FOUNDATION OF BOSTON,143.66,11,4,Blue-Care-Elect-Fully-Insured | HMO-Blue-Fully-Insured | New-England-Managed-Care-Fully-Insured | PAR-Providers,5,1184644536|1265790810|1366860173|1689120818|1922374925
ein,04-3286529,PRIMA CARE PC DBA PRIMACARE PC,158.90 | 165.50,11,4,Blue-Care-Elect-Fully-Insured | HMO-Blue-Fully-Insured | New-England-Managed-Care-Fully-Insured | PAR-Providers,5,1003222167|1225382740|1235115361|1497757561|1922090596
ein,46-1420654,NEUROLOGY CENTER OF NEW ENGLAND PC,158.90 | 165.50,11,4,Blue-Care-Elect-Fully-Insured | HMO-Blue-Fully-Insured | New-England-Managed-Care-Fully-Insured | PAR-Providers,5,1518911767|1588715882|1740613371|1780246736|1932467040
ein,04-2312909,BRIGHAM AND WOMENS HOSPITAL INC,238.33,11,4,Blue-Care-Elect-Fully-Insured | HMO-Blue-Fully-Insured | New-England-Managed-Care-Fully-Insured | PAR-Providers,4,1205496635|1437592268|1639344583|1922597012
ein,04-2629543,ESSEX NEUROLOGICAL ASSOC PC,221.43,11,4,Blue-Care-Elect-Fully-Insured | HMO-Blue-Fully-Insured | New-England-Managed-Care-Fully-Insured | PAR-Providers,4,1093784688|1336710052|1730594243|1922233360
ein,04-3026897,MT AUBURN PROFESSIONAL SERVICES,166.24,11,4,Blue-Care-Elect-Fully-Insured | HMO-Blue-Fully-Insured | New-England-Managed-Care-Fully-Insured | PAR-Providers,4,1003875196|1215154430|1508170820|1891283867
ein,04-3111240,EMERSON PRACTICE ASSOCIATES INC,221.43,11,4,Blue-Care-Elect-Fully-Insured | HMO-Blue-Fully-Insured | New-England-Managed-Care-Fully-Insured | PAR-Providers,4,1013295716|1184614414|1497773584|1952711830
ein,04-3228556,JORDAN PHYSICIAN ASSOCIATES INC,166.24,11,4,Blue-Care-Elect-Fully-Insured | HMO-Blue-Fully-Insured | New-England-Managed-Care-Fully-Insured | PAR-Providers,4,1538131479|1558388389|1730277914|1861507956
ein,22-2703314,SOUTHCOAST PHYSICIANS GROUP INC,173.66,11,4,Blue-Care-Elect-Fully-Insured | HMO-Blue-Fully-Insured | New-England-Managed-Care-Fully-Insured | PAR-Providers,4,1336107150|1588287502|1699333740|1760945604
ein,47-1122331,GREATER MILFORD NEUROLOGY,209.73 | 219.73,11,4,Blue-Care-Elect-Fully-Insured | HMO-Blue-Fully-Insured | New-England-Managed-Care-Fully-Insured | PAR-Providers,4,1174611008|1184658825|1376643478|1831283118
ein,33-1237732,LIFESPAN PHYSICIAN GROUP OF,158.90 | 165.50,11,4,Blue-Care-Elect-Fully-Insured | HMO-Blue-Fully-Insured | New-England-Managed-Care-Fully-Insured | PAR-Providers,3,1437179199|1528062858|1861441891
ein,43-1987409,CHILDRENS HOSPITAL PEDIATRICS ASSOC,572.67,11,4,Blue-Care-Elect-Fully-Insured | HMO-Blue-Fully-Insured | New-England-Managed-Care-Fully-Insured | PAR-Providers,3,1518087303|1700867975|1821053133
ein,45-4884805,MERCY MEDICAL GROUP INC DBA TRINITY HEALTH OF NE MED GROUP,140.56,11,4,Blue-Care-Elect-Fully-Insured | HMO-Blue-Fully-Insured | New-England-Managed-Care-Fully-Insured | PAR-Providers,3,1134570377|1174028963|1558543686
ein,04-2103823,NANTUCKET COTTAGE HOSPITAL,221.43,11,4,Blue-Care-Elect-Fully-Insured | HMO-Blue-Fully-Insured | New-England-Managed-Care-Fully-Insured | PAR-Providers,2,1255580031|1598027898
ein,04-2743894,PRATT MEDICAL GROUP INC,180.20 | 180.21,11,4,Blue-Care-Elect-Fully-Insured | HMO-Blue-Fully-Insured | New-England-Managed-Care-Fully-Insured | PAR-Providers,2,1710934450|1881794873
ein,04-2810972,MEDICAL CARE OF BOSTON MANAGEMENT CO DBA BIDHC EXTENDED COMM,166.24,11,4,Blue-Care-Elect-Fully-Insured | HMO-Blue-Fully-Insured | New-England-Managed-Care-Fully-Insured | PAR-Providers,2,1245298298|1952557423
ein,04-3080484,MASS GENERAL BRIGHAM MEDICAL GROUP,221.43,11,4,Blue-Care-Elect-Fully-Insured | HMO-Blue-Fully-Insured | New-England-Managed-Care-Fully-Insured | PAR-Providers,2,1093784688|1609069111
ein,04-3140938,HALLMARK HEALTH MED ASSOC INC,167.83 | 167.85,11,4,Blue-Care-Elect-Fully-Insured | HMO-Blue-Fully-Insured | New-England-Managed-Care-Fully-Insured | PAR-Providers,2,1376640094|1922143296
ein,04-3194547,MASS GENERAL BRIGHAM MEDICAL GROUP,135.70,11,4,Blue-Care-Elect-Fully-Insured | HMO-Blue-Fully-Insured | New-England-Managed-Care-Fully-Insured | PAR-Providers,2,1417932542|1912267972
ein,04-3481427,ANGELS NEUROLOGICAL CENTERS PC,158.90 | 165.50,11,4,Blue-Care-Elect-Fully-Insured | HMO-Blue-Fully-Insured | New-England-Managed-Care-Fully-Insured | PAR-Providers,2,1326012766|1417908021
ein,22-2520073,HOLYOKE MEDICAL CENTER INC,112.02,11,4,Blue-Care-Elect-Fully-Insured | HMO-Blue-Fully-Insured | New-England-Managed-Care-Fully-Insured | PAR-Providers,2,1114000734|1578551966
ein,22-2560501,MASS GENERAL BRIGHAM MEDICAL GROUP,221.43,11,4,Blue-Care-Elect-Fully-Insured | HMO-Blue-Fully-Insured | New-England-Managed-Care-Fully-Insured | PAR-Providers,2,1376863266|1932605474
ein,33-1080070,NEUROLOGICAL ASSOCS OF WESTERN MASS,112.02,11,4,Blue-Care-Elect-Fully-Insured | HMO-Blue-Fully-Insured | New-England-Managed-Care-Fully-Insured | PAR-Providers,2,1235126061|1578551966
ein,47-5593426,ELLIOT LEWIS CENTER FOR MULTIPLE,158.90 | 165.50,11,4,Blue-Care-Elect-Fully-Insured | HMO-Blue-Fully-Insured | New-England-Managed-Care-Fully-Insured | PAR-Providers,2,1659367522|1831539519
ein,51-0172171,EVANS MEDICAL FOUNDATION INC,143.66,11,4,Blue-Care-Elect-Fully-Insured | HMO-Blue-Fully-Insured | New-England-Managed-Care-Fully-Insured | PAR-Providers,2,1801879150|1922374925
ein,86-2833892,CORTICA DEVELOPMENTAL THERAPIES PA,135.90,11,4,Blue-Care-Elect-Fully-Insured | HMO-Blue-Fully-Insured | New-England-Managed-Care-Fully-Insured | PAR-Providers,2,1194974600|1760827646
ein,02-0496636,JOAN C BREEN MD,97.07,11,4,Blue-Care-Elect-Fully-Insured | HMO-Blue-Fully-Insured | New-England-Managed-Care-Fully-Insured | PAR-Providers,1,1104816156
ein,04-2593677,STEPHEN W PARKER MD,97.07,11,4,Blue-Care-Elect-Fully-Insured | HMO-Blue-Fully-Insured | New-England-Managed-Care-Fully-Insured | PAR-Providers,1,1366432536
ein,04-2682152,SOUTH BOSTON COMMUNITY HEALTH CENTER,143.66,11,4,Blue-Care-Elect-Fully-Insured | HMO-Blue-Fully-Insured | New-England-Managed-Care-Fully-Insured | PAR-Providers,1,1184644536
ein,04-2702169,CHMC ANESTHESIA FOUNDATION INC,459.63,11,4,Blue-Care-Elect-Fully-Insured | HMO-Blue-Fully-Insured | New-England-Managed-Care-Fully-Insured | PAR-Providers,1,1235123381
ein,04-2709501,STURDY MEMORIAL ASSOCIATES INC DBA N ATTLEBOROUGH MED,125.32,11,4,Blue-Care-Elect-Fully-Insured | HMO-Blue-Fully-Insured | New-England-Managed-Care-Fully-Insured | PAR-Providers,1,1477040558
ein,04-2768252,STURDY MEMORIAL HOSPITAL,125.32,11,4,Blue-Care-Elect-Fully-Insured | HMO-Blue-Fully-Insured | New-England-Managed-Care-Fully-Insured | PAR-Providers,1,1205000148
ein,04-2933202,GARY STANTON MD PC,221.43,11,4,Blue-Care-Elect-Fully-Insured | HMO-Blue-Fully-Insured | New-England-Managed-Care-Fully-Insured | PAR-Providers,1,1598749939
ein,04-2979891,GIGI N GIRGIS MD,97.07,11,4,Blue-Care-Elect-Fully-Insured | HMO-Blue-Fully-Insured | New-England-Managed-Care-Fully-Insured | PAR-Providers,1,1053387316
ein,04-3096445,PRATT NEUROSURGICAL ASSOC,180.20 | 180.21,11,4,Blue-Care-Elect-Fully-Insured | HMO-Blue-Fully-Insured | New-England-Managed-Care-Fully-Insured | PAR-Providers,1,1922162221
ein,04-3116485,AMIN SABRA MD PC,166.24,11,4,Blue-Care-Elect-Fully-Insured | HMO-Blue-Fully-Insured | New-England-Managed-Care-Fully-Insured | PAR-Providers,1,1538274808
ein,04-3148392,PRATT OPHTHALMOLOGY ASSOCIATES,180.20 | 180.21,11,4,Blue-Care-Elect-Fully-Insured | HMO-Blue-Fully-Insured | New-England-Managed-Care-Fully-Insured | PAR-Providers,1,1376929893
ein,04-3163589,HEYWOOD AFFILIATED MEDICAL GROUP INC DBA HEYWOOD URGENT CARE,209.73 | 219.73,11,4,Blue-Care-Elect-Fully-Insured | HMO-Blue-Fully-Insured | New-England-Managed-Care-Fully-Insured | PAR-Providers,1,1093944332
ein,04-3214787,EDITH NOURSE ROGERS MEMORIAL,97.07,11,4,Blue-Care-Elect-Fully-Insured | HMO-Blue-Fully-Insured | New-England-Managed-Care-Fully-Insured | PAR-Providers,1,1881600120
ein,04-3280466,RIZKALLA MOUCHATI MD,97.07,11,4,Blue-Care-Elect-Fully-Insured | HMO-Blue-Fully-Insured | New-England-Managed-Care-Fully-Insured | PAR-Providers,1,1093748360
ein,04-3283573,BOSTON UNIV MED CTR RADIOLOGISTS INC,143.66,11,4,Blue-Care-Elect-Fully-Insured | HMO-Blue-Fully-Insured | New-England-Managed-Care-Fully-Insured | PAR-Providers,1,1922162221
ein,04-3430578,BOSTON NEURO BEHAVIORAL ASSOCIATES,158.90 | 165.50,11,4,Blue-Care-Elect-Fully-Insured | HMO-Blue-Fully-Insured | New-England-Managed-Care-Fully-Insured | PAR-Providers,1,1891903712
ein,04-3447765,WINCHESTER PHYSICIAN ASSOCIATE GROUP,167.83 | 167.85,11,4,Blue-Care-Elect-Fully-Insured | HMO-Blue-Fully-Insured | New-England-Managed-Care-Fully-Insured | PAR-Providers,1,1033438031
ein,04-3582485,NERHC INC,209.73 | 219.73,11,4,Blue-Care-Elect-Fully-Insured | HMO-Blue-Fully-Insured | New-England-Managed-Care-Fully-Insured | PAR-Providers,1,1043251598
ein,05-0373438,BARRY L LEVIN MD,221.43,11,4,Blue-Care-Elect-Fully-Insured | HMO-Blue-Fully-Insured | New-England-Managed-Care-Fully-Insured | PAR-Providers,1,1497773584
npi,1003146879,,97.07,11,4,Blue-Care-Elect-Fully-Insured | HMO-Blue-Fully-Insured | New-England-Managed-Care-Fully-Insured | PAR-Providers,1,1003146879
npi,1003532060,,97.07,11,4,Blue-Care-Elect-Fully-Insured | HMO-Blue-Fully-Insured | New-England-Managed-Care-Fully-Insured | PAR-Providers,1,1003532060
npi,1003807215,,97.07,11,4,Blue-Care-Elect-Fully-Insured | HMO-Blue-Fully-Insured | New-England-Managed-Care-Fully-Insured | PAR-Providers,1,1003807215
npi,1013070523,,97.07,11,4,Blue-Care-Elect-Fully-Insured | HMO-Blue-Fully-Insured | New-England-Managed-Care-Fully-Insured | PAR-Providers,1,1013070523
npi,1013179761,,97.07,11,4,Blue-Care-Elect-Fully-Insured | HMO-Blue-Fully-Insured | New-England-Managed-Care-Fully-Insured | PAR-Providers,1,1013179761
npi,1013295716,,97.07,11,4,Blue-Care-Elect-Fully-Insured | HMO-Blue-Fully-Insured | New-England-Managed-Care-Fully-Insured | PAR-Providers,1,1013295716
npi,1013302744,,97.07,11,4,Blue-Care-Elect-Fully-Insured | HMO-Blue-Fully-Insured | New-England-Managed-Care-Fully-Insured | PAR-Providers,1,1013302744
npi,1013599372,,97.07,11,4,Blue-Care-Elect-Fully-Insured | HMO-Blue-Fully-Insured | New-England-Managed-Care-Fully-Insured | PAR-Providers,1,1013599372
npi,1013979277,,97.07,11,4,Blue-Care-Elect-Fully-Insured | HMO-Blue-Fully-Insured | New-England-Managed-Care-Fully-Insured | PAR-Providers,1,1013979277
npi,1023218914,,97.07,11,4,Blue-Care-Elect-Fully-Insured | HMO-Blue-Fully-Insured | New-England-Managed-Care-Fully-Insured | PAR-Providers,1,1023218914
npi,1023340940,,97.07,11,4,Blue-Care-Elect-Fully-Insured | HMO-Blue-Fully-Insured | New-England-Managed-Care-Fully-Insured | PAR-Providers,1,1023340940
npi,1023644952,,97.07,11,4,Blue-Care-Elect-Fully-Insured | HMO-Blue-Fully-Insured | New-England-Managed-Care-Fully-Insured | PAR-Providers,1,1023644952
npi,1033347240,,97.07,11,4,Blue-Care-Elect-Fully-Insured | HMO-Blue-Fully-Insured | New-England-Managed-Care-Fully-Insured | PAR-Providers,1,1033347240
npi,1033505821,,97.07,11,4,Blue-Care-Elect-Fully-Insured | HMO-Blue-Fully-Insured | New-England-Managed-Care-Fully-Insured | PAR-Providers,1,1033505821
npi,1043201502,,97.07,11,4,Blue-Care-Elect-Fully-Insured | HMO-Blue-Fully-Insured | New-England-Managed-Care-Fully-Insured | PAR-Providers,1,1043201502
npi,1043421845,,97.07,11,4,Blue-Care-Elect-Fully-Insured | HMO-Blue-Fully-Insured | New-England-Managed-Care-Fully-Insured | PAR-Providers,1,1043421845
npi,1043771165,,97.07,11,4,Blue-Care-Elect-Fully-Insured | HMO-Blue-Fully-Insured | New-England-Managed-Care-Fully-Insured | PAR-Providers,1,1043771165
npi,1053446013,,97.07,11,4,Blue-Care-Elect-Fully-Insured | HMO-Blue-Fully-Insured | New-England-Managed-Care-Fully-Insured | PAR-Providers,1,1053446013
npi,1073076915,,97.07,11,4,Blue-Care-Elect-Fully-Insured | HMO-Blue-Fully-Insured | New-England-Managed-Care-Fully-Insured | PAR-Providers,1,1073076915
npi,1073591228,,97.07,11,4,Blue-Care-Elect-Fully-Insured | HMO-Blue-Fully-Insured | New-England-Managed-Care-Fully-Insured | PAR-Providers,1,1073591228
npi,1073804431,,97.07,11,4,Blue-Care-Elect-Fully-Insured | HMO-Blue-Fully-Insured | New-England-Managed-Care-Fully-Insured | PAR-Providers,1,1073804431
npi,1083118574,,97.07,11,4,Blue-Care-Elect-Fully-Insured | HMO-Blue-Fully-Insured | New-England-Managed-Care-Fully-Insured | PAR-Providers,1,1083118574
npi,1083654289,,97.07,11,4,Blue-Care-Elect-Fully-Insured | HMO-Blue-Fully-Insured | New-England-Managed-Care-Fully-Insured | PAR-Providers,1,1083654289
npi,1083789556,,97.07,11,4,Blue-Care-Elect-Fully-Insured | HMO-Blue-Fully-Insured | New-England-Managed-Care-Fully-Insured | PAR-Providers,1,1083789556
npi,1083848477,,97.07,11,4,Blue-Care-Elect-Fully-Insured | HMO-Blue-Fully-Insured | New-England-Managed-Care-Fully-Insured | PAR-Providers,1,1083848477
npi,1083976757,,97.07,11,4,Blue-Care-Elect-Fully-Insured | HMO-Blue-Fully-Insured | New-England-Managed-Care-Fully-Insured | PAR-Providers,1,1083976757
npi,1093798852,,97.07,11,4,Blue-Care-Elect-Fully-Insured | HMO-Blue-Fully-Insured | New-England-Managed-Care-Fully-Insured | PAR-Providers,1,1093798852
npi,1093944332,,97.07,11,4,Blue-Care-Elect-Fully-Insured | HMO-Blue-Fully-Insured | New-England-Managed-Care-Fully-Insured | PAR-Providers,1,1093944332
npi,1093967283,,97.07,11,4,Blue-Care-Elect-Fully-Insured | HMO-Blue-Fully-Insured | New-England-Managed-Care-Fully-Insured | PAR-Providers,1,1093967283
npi,1104020791,,97.07,11,4,Blue-Care-Elect-Fully-Insured | HMO-Blue-Fully-Insured | New-England-Managed-Care-Fully-Insured | PAR-Providers,1,1104020791
npi,1104091107,,97.07,11,4,Blue-Care-Elect-Fully-Insured | HMO-Blue-Fully-Insured | New-England-Managed-Care-Fully-Insured | PAR-Providers,1,1104091107
npi,1104807767,,97.07,11,4,Blue-Care-Elect-Fully-Insured | HMO-Blue-Fully-Insured | New-England-Managed-Care-Fully-Insured | PAR-Providers,1,1104807767
npi,1114000734,,97.07,11,4,Blue-Care-Elect-Fully-Insured | HMO-Blue-Fully-Insured | New-England-Managed-Care-Fully-Insured | PAR-Providers,1,1114000734
npi,1114314127,,97.07,11,4,Blue-Care-Elect-Fully-Insured | HMO-Blue-Fully-Insured | New-England-Managed-Care-Fully-Insured | PAR-Providers,1,1114314127
npi,1114555323,,97.07,11,4,Blue-Care-Elect-Fully-Insured | HMO-Blue-Fully-Insured | New-England-Managed-Care-Fully-Insured | PAR-Providers,1,1114555323
npi,1124090691,,97.07,11,4,Blue-Care-Elect-Fully-Insured | HMO-Blue-Fully-Insured | New-England-Managed-Care-Fully-Insured | PAR-Providers,1,1124090691
npi,1134116270,,97.07,11,4,Blue-Care-Elect-Fully-Insured | HMO-Blue-Fully-Insured | New-England-Managed-Care-Fully-Insured | PAR-Providers,1,1134116270
npi,1134182769,,97.07,11,4,Blue-Care-Elect-Fully-Insured | HMO-Blue-Fully-Insured | New-England-Managed-Care-Fully-Insured | PAR-Providers,1,1134182769
npi,1134705072,,97.07,11,4,Blue-Care-Elect-Fully-Insured | HMO-Blue-Fully-Insured | New-England-Managed-Care-Fully-Insured | PAR-Providers,1,1134705072
npi,1144256090,,97.07,11,4,Blue-Care-Elect-Fully-Insured | HMO-Blue-Fully-Insured | New-England-Managed-Care-Fully-Insured | PAR-Providers,1,1144256090
npi,1144490533,,97.07,11,4,Blue-Care-Elect-Fully-Insured | HMO-Blue-Fully-Insured | New-England-Managed-Care-Fully-Insured | PAR-Providers,1,1144490533
npi,1144496324,,97.07,11,4,Blue-Care-Elect-Fully-Insured | HMO-Blue-Fully-Insured | New-England-Managed-Care-Fully-Insured | PAR-Providers,1,1144496324
npi,1144514688,,97.07,11,4,Blue-Care-Elect-Fully-Insured | HMO-Blue-Fully-Insured | New-England-Managed-Care-Fully-Insured | PAR-Providers,1,1144514688
npi,1154303170,,97.07,11,4,Blue-Care-Elect-Fully-Insured | HMO-Blue-Fully-Insured | New-England-Managed-Care-Fully-Insured | PAR-Providers,1,1154303170
npi,1154338028,,97.07,11,4,Blue-Care-Elect-Fully-Insured | HMO-Blue-Fully-Insured | New-England-Managed-Care-Fully-Insured | PAR-Providers,1,1154338028
npi,1164041612,,97.07,11,4,Blue-Care-Elect-Fully-Insured | HMO-Blue-Fully-Insured | New-England-Managed-Care-Fully-Insured | PAR-Providers,1,1164041612
npi,1164488128,,97.07,11,4,Blue-Care-Elect-Fully-Insured | HMO-Blue-Fully-Insured | New-England-Managed-Care-Fully-Insured | PAR-Providers,1,1164488128
npi,1164545299,,97.07,11,4,Blue-Care-Elect-Fully-Insured | HMO-Blue-Fully-Insured | New-England-Managed-Care-Fully-Insured | PAR-Providers,1,1164545299
npi,1164573283,,97.07,11,4,Blue-Care-Elect-Fully-Insured | HMO-Blue-Fully-Insured | New-England-Managed-Care-Fully-Insured | PAR-Providers,1,1164573283
npi,1164611612,,97.07,11,4,Blue-Care-Elect-Fully-Insured | HMO-Blue-Fully-Insured | New-England-Managed-Care-Fully-Insured | PAR-Providers,1,1164611612
npi,1164776449,,97.07,11,4,Blue-Care-Elect-Fully-Insured | HMO-Blue-Fully-Insured | New-England-Managed-Care-Fully-Insured | PAR-Providers,1,1164776449
npi,1174638407,,97.07,11,4,Blue-Care-Elect-Fully-Insured | HMO-Blue-Fully-Insured | New-England-Managed-Care-Fully-Insured | PAR-Providers,1,1174638407
npi,1174758130,,97.07,11,4,Blue-Care-Elect-Fully-Insured | HMO-Blue-Fully-Insured | New-England-Managed-Care-Fully-Insured | PAR-Providers,1,1174758130
npi,1174898118,,97.07,11,4,Blue-Care-Elect-Fully-Insured | HMO-Blue-Fully-Insured | New-England-Managed-Care-Fully-Insured | PAR-Providers,1,1174898118
npi,1184614414,,97.07,11,4,Blue-Care-Elect-Fully-Insured | HMO-Blue-Fully-Insured | New-England-Managed-Care-Fully-Insured | PAR-Providers,1,1184614414
npi,1184635633,,97.07,11,4,Blue-Care-Elect-Fully-Insured | HMO-Blue-Fully-Insured | New-England-Managed-Care-Fully-Insured | PAR-Providers,1,1184635633
npi,1184776510,,97.07,11,4,Blue-Care-Elect-Fully-Insured | HMO-Blue-Fully-Insured | New-England-Managed-Care-Fully-Insured | PAR-Providers,1,1184776510
npi,1184910689,,97.07,11,4,Blue-Care-Elect-Fully-Insured | HMO-Blue-Fully-Insured | New-England-Managed-Care-Fully-Insured | PAR-Providers,1,1184910689
npi,1184949224,,97.07,11,4,Blue-Care-Elect-Fully-Insured | HMO-Blue-Fully-Insured | New-England-Managed-Care-Fully-Insured | PAR-Providers,1,1184949224
npi,1194106609,,97.07,11,4,Blue-Care-Elect-Fully-Insured | HMO-Blue-Fully-Insured | New-England-Managed-Care-Fully-Insured | PAR-Providers,1,1194106609
npi,1194762724,,97.07,11,4,Blue-Care-Elect-Fully-Insured | HMO-Blue-Fully-Insured | New-England-Managed-Care-Fully-Insured | PAR-Providers,1,1194762724
npi,1205464518,,97.07,11,4,Blue-Care-Elect-Fully-Insured | HMO-Blue-Fully-Insured | New-England-Managed-Care-Fully-Insured | PAR-Providers,1,1205464518
npi,1205824356,,97.07,11,4,Blue-Care-Elect-Fully-Insured | HMO-Blue-Fully-Insured | New-England-Managed-Care-Fully-Insured | PAR-Providers,1,1205824356
npi,1215008693,,97.07,11,4,Blue-Care-Elect-Fully-Insured | HMO-Blue-Fully-Insured | New-England-Managed-Care-Fully-Insured | PAR-Providers,1,1215008693
npi,1215198692,,97.07,11,4,Blue-Care-Elect-Fully-Insured | HMO-Blue-Fully-Insured | New-England-Managed-Care-Fully-Insured | PAR-Providers,1,1215198692
npi,1215236476,,97.07,11,4,Blue-Care-Elect-Fully-Insured | HMO-Blue-Fully-Insured | New-England-Managed-Care-Fully-Insured | PAR-Providers,1,1215236476
npi,1225065394,,97.07,11,4,Blue-Care-Elect-Fully-Insured | HMO-Blue-Fully-Insured | New-England-Managed-Care-Fully-Insured | PAR-Providers,1,1225065394
npi,1225477953,,97.07,11,4,Blue-Care-Elect-Fully-Insured | HMO-Blue-Fully-Insured | New-England-Managed-Care-Fully-Insured | PAR-Providers,1,1225477953
npi,1225487036,,97.07,11,4,Blue-Care-Elect-Fully-Insured | HMO-Blue-Fully-Insured | New-England-Managed-Care-Fully-Insured | PAR-Providers,1,1225487036
npi,1235126061,,97.07,11,4,Blue-Care-Elect-Fully-Insured | HMO-Blue-Fully-Insured | New-England-Managed-Care-Fully-Insured | PAR-Providers,1,1235126061
npi,1235510645,,97.07,11,4,Blue-Care-Elect-Fully-Insured | HMO-Blue-Fully-Insured | New-England-Managed-Care-Fully-Insured | PAR-Providers,1,1235510645
npi,1235627373,,97.07,11,4,Blue-Care-Elect-Fully-Insured | HMO-Blue-Fully-Insured | New-England-Managed-Care-Fully-Insured | PAR-Providers,1,1235627373
npi,1235751462,,97.07,11,4,Blue-Care-Elect-Fully-Insured | HMO-Blue-Fully-Insured | New-England-Managed-Care-Fully-Insured | PAR-Providers,1,1235751462
npi,1245271881,,97.07,11,4,Blue-Care-Elect-Fully-Insured | HMO-Blue-Fully-Insured | New-England-Managed-Care-Fully-Insured | PAR-Providers,1,1245271881
npi,1245554708,,97.07,11,4,Blue-Care-Elect-Fully-Insured | HMO-Blue-Fully-Insured | New-England-Managed-Care-Fully-Insured | PAR-Providers,1,1245554708
npi,1255079703,,97.07,11,4,Blue-Care-Elect-Fully-Insured | HMO-Blue-Fully-Insured | New-England-Managed-Care-Fully-Insured | PAR-Providers,1,1255079703
npi,1255394730,,97.07,11,4,Blue-Care-Elect-Fully-Insured | HMO-Blue-Fully-Insured | New-England-Managed-Care-Fully-Insured | PAR-Providers,1,1255394730
npi,1255454393,,97.07,11,4,Blue-Care-Elect-Fully-Insured | HMO-Blue-Fully-Insured | New-England-Managed-Care-Fully-Insured | PAR-Providers,1,1255454393
npi,1255580031,,97.07,11,4,Blue-Care-Elect-Fully-Insured | HMO-Blue-Fully-Insured | New-England-Managed-Care-Fully-Insured | PAR-Providers,1,1255580031
npi,1255787214,,97.07,11,4,Blue-Care-Elect-Fully-Insured | HMO-Blue-Fully-Insured | New-England-Managed-Care-Fully-Insured | PAR-Providers,1,1255787214
npi,1255866232,,97.07,11,4,Blue-Care-Elect-Fully-Insured | HMO-Blue-Fully-Insured | New-England-Managed-Care-Fully-Insured | PAR-Providers,1,1255866232
npi,1265056758,,97.07,11,4,Blue-Care-Elect-Fully-Insured | HMO-Blue-Fully-Insured | New-England-Managed-Care-Fully-Insured | PAR-Providers,1,1265056758
npi,1265415616,,97.07,11,4,Blue-Care-Elect-Fully-Insured | HMO-Blue-Fully-Insured | New-England-Managed-Care-Fully-Insured | PAR-Providers,1,1265415616
npi,1265675292,,97.07,11,4,Blue-Care-Elect-Fully-Insured | HMO-Blue-Fully-Insured | New-England-Managed-Care-Fully-Insured | PAR-Providers,1,1265675292
npi,1265920888,,97.07,11,4,Blue-Care-Elect-Fully-Insured | HMO-Blue-Fully-Insured | New-England-Managed-Care-Fully-Insured | PAR-Providers,1,1265920888
npi,1275040891,,97.07,11,4,Blue-Care-Elect-Fully-Insured | HMO-Blue-Fully-Insured | New-England-Managed-Care-Fully-Insured | PAR-Providers,1,1275040891
npi,1275516296,,97.07,11,4,Blue-Care-Elect-Fully-Insured | HMO-Blue-Fully-Insured | New-England-Managed-Care-Fully-Insured | PAR-Providers,1,1275516296
npi,1275528192,,158.90 | 165.50,11,4,Blue-Care-Elect-Fully-Insured | HMO-Blue-Fully-Insured | New-England-Managed-Care-Fully-Insured | PAR-Providers,1,1275528192
npi,1275630212,,97.07,11,4,Blue-Care-Elect-Fully-Insured | HMO-Blue-Fully-Insured | New-England-Managed-Care-Fully-Insured | PAR-Providers,1,1275630212
npi,1275731952,,97.07,11,4,Blue-Care-Elect-Fully-Insured | HMO-Blue-Fully-Insured | New-England-Managed-Care-Fully-Insured | PAR-Providers,1,1275731952
npi,1275734659,,97.07,11,4,Blue-Care-Elect-Fully-Insured | HMO-Blue-Fully-Insured | New-England-Managed-Care-Fully-Insured | PAR-Providers,1,1275734659
npi,1275940801,,97.07,11,4,Blue-Care-Elect-Fully-Insured | HMO-Blue-Fully-Insured | New-England-Managed-Care-Fully-Insured | PAR-Providers,1,1275940801
npi,1285048439,,97.07,11,4,Blue-Care-Elect-Fully-Insured | HMO-Blue-Fully-Insured | New-England-Managed-Care-Fully-Insured | PAR-Providers,1,1285048439
npi,1285945543,,97.07,11,4,Blue-Care-Elect-Fully-Insured | HMO-Blue-Fully-Insured | New-England-Managed-Care-Fully-Insured | PAR-Providers,1,1285945543
npi,1295149185,,97.07,11,4,Blue-Care-Elect-Fully-Insured | HMO-Blue-Fully-Insured | New-England-Managed-Care-Fully-Insured | PAR-Providers,1,1295149185
npi,1295805075,,97.07,11,4,Blue-Care-Elect-Fully-Insured | HMO-Blue-Fully-Insured | New-England-Managed-Care-Fully-Insured | PAR-Providers,1,1295805075
npi,1295932374,,97.07,11,4,Blue-Care-Elect-Fully-Insured | HMO-Blue-Fully-Insured | New-England-Managed-Care-Fully-Insured | PAR-Providers,1,1295932374
npi,1316146871,,97.07,11,4,Blue-Care-Elect-Fully-Insured | HMO-Blue-Fully-Insured | New-England-Managed-Care-Fully-Insured | PAR-Providers,1,1316146871
npi,1316202906,,97.07,11,4,Blue-Care-Elect-Fully-Insured | HMO-Blue-Fully-Insured | New-England-Managed-Care-Fully-Insured | PAR-Providers,1,1316202906
npi,1316255870,,97.07,11,4,Blue-Care-Elect-Fully-Insured | HMO-Blue-Fully-Insured | New-England-Managed-Care-Fully-Insured | PAR-Providers,1,1316255870
npi,1316343734,,97.07,11,4,Blue-Care-Elect-Fully-Insured | HMO-Blue-Fully-Insured | New-England-Managed-Care-Fully-Insured | PAR-Providers,1,1316343734
npi,1316964182,,97.07,11,4,Blue-Care-Elect-Fully-Insured | HMO-Blue-Fully-Insured | New-England-Managed-Care-Fully-Insured | PAR-Providers,1,1316964182
npi,1326006453,,97.07,11,4,Blue-Care-Elect-Fully-Insured | HMO-Blue-Fully-Insured | New-England-Managed-Care-Fully-Insured | PAR-Providers,1,1326006453
npi,1326038506,,97.07,11,4,Blue-Care-Elect-Fully-Insured | HMO-Blue-Fully-Insured | New-England-Managed-Care-Fully-Insured | PAR-Providers,1,1326038506
npi,1326071911,,97.07,11,4,Blue-Care-Elect-Fully-Insured | HMO-Blue-Fully-Insured | New-England-Managed-Care-Fully-Insured | PAR-Providers,1,1326071911
npi,1326362880,,97.07,11,4,Blue-Care-Elect-Fully-Insured | HMO-Blue-Fully-Insured | New-England-Managed-Care-Fully-Insured | PAR-Providers,1,1326362880
npi,1336135649,,97.07,11,4,Blue-Care-Elect-Fully-Insured | HMO-Blue-Fully-Insured | New-England-Managed-Care-Fully-Insured | PAR-Providers,1,1336135649
npi,1336182260,,97.07,11,4,Blue-Care-Elect-Fully-Insured | HMO-Blue-Fully-Insured | New-England-Managed-Care-Fully-Insured | PAR-Providers,1,1336182260
npi,1336722529,,97.07,11,4,Blue-Care-Elect-Fully-Insured | HMO-Blue-Fully-Insured | New-England-Managed-Care-Fully-Insured | PAR-Providers,1,1336722529
npi,1346227006,,97.07,11,4,Blue-Care-Elect-Fully-Insured | HMO-Blue-Fully-Insured | New-England-Managed-Care-Fully-Insured | PAR-Providers,1,1346227006
npi,1346279890,,97.07,11,4,Blue-Care-Elect-Fully-Insured | HMO-Blue-Fully-Insured | New-England-Managed-Care-Fully-Insured | PAR-Providers,1,1346279890
npi,1346625886,,97.07,11,4,Blue-Care-Elect-Fully-Insured | HMO-Blue-Fully-Insured | New-England-Managed-Care-Fully-Insured | PAR-Providers,1,1346625886
npi,1356477038,,97.07,11,4,Blue-Care-Elect-Fully-Insured | HMO-Blue-Fully-Insured | New-England-Managed-Care-Fully-Insured | PAR-Providers,1,1356477038
npi,1356530349,,97.07,11,4,Blue-Care-Elect-Fully-Insured | HMO-Blue-Fully-Insured | New-England-Managed-Care-Fully-Insured | PAR-Providers,1,1356530349
npi,1356538417,,97.07,11,4,Blue-Care-Elect-Fully-Insured | HMO-Blue-Fully-Insured | New-England-Managed-Care-Fully-Insured | PAR-Providers,1,1356538417
npi,1366609315,,97.07,11,4,Blue-Care-Elect-Fully-Insured | HMO-Blue-Fully-Insured | New-England-Managed-Care-Fully-Insured | PAR-Providers,1,1366609315
npi,1366691354,,97.07,11,4,Blue-Care-Elect-Fully-Insured | HMO-Blue-Fully-Insured | New-England-Managed-Care-Fully-Insured | PAR-Providers,1,1366691354
npi,1366837668,,97.07,11,4,Blue-Care-Elect-Fully-Insured | HMO-Blue-Fully-Insured | New-England-Managed-Care-Fully-Insured | PAR-Providers,1,1366837668
npi,1366861353,,97.07,11,4,Blue-Care-Elect-Fully-Insured | HMO-Blue-Fully-Insured | New-England-Managed-Care-Fully-Insured | PAR-Providers,1,1366861353
npi,1376073528,,97.07,11,4,Blue-Care-Elect-Fully-Insured | HMO-Blue-Fully-Insured | New-England-Managed-Care-Fully-Insured | PAR-Providers,1,1376073528
npi,1376170548,,97.07,11,4,Blue-Care-Elect-Fully-Insured | HMO-Blue-Fully-Insured | New-England-Managed-Care-Fully-Insured | PAR-Providers,1,1376170548
npi,1376548081,,97.07,11,4,Blue-Care-Elect-Fully-Insured | HMO-Blue-Fully-Insured | New-England-Managed-Care-Fully-Insured | PAR-Providers,1,1376548081
npi,1376599415,,97.07,11,4,Blue-Care-Elect-Fully-Insured | HMO-Blue-Fully-Insured | New-England-Managed-Care-Fully-Insured | PAR-Providers,1,1376599415
npi,1376640094,,97.07,11,4,Blue-Care-Elect-Fully-Insured | HMO-Blue-Fully-Insured | New-England-Managed-Care-Fully-Insured | PAR-Providers,1,1376640094
npi,1376863266,,97.07,11,4,Blue-Care-Elect-Fully-Insured | HMO-Blue-Fully-Insured | New-England-Managed-Care-Fully-Insured | PAR-Providers,1,1376863266
npi,1386063808,,97.07,11,4,Blue-Care-Elect-Fully-Insured | HMO-Blue-Fully-Insured | New-England-Managed-Care-Fully-Insured | PAR-Providers,1,1386063808
npi,1386270239,,97.07,11,4,Blue-Care-Elect-Fully-Insured | HMO-Blue-Fully-Insured | New-England-Managed-Care-Fully-Insured | PAR-Providers,1,1386270239
npi,1386792307,,97.07,11,4,Blue-Care-Elect-Fully-Insured | HMO-Blue-Fully-Insured | New-England-Managed-Care-Fully-Insured | PAR-Providers,1,1386792307
npi,1396205514,,97.07,11,4,Blue-Care-Elect-Fully-Insured | HMO-Blue-Fully-Insured | New-England-Managed-Care-Fully-Insured | PAR-Providers,1,1396205514
npi,1396727327,,97.07,11,4,Blue-Care-Elect-Fully-Insured | HMO-Blue-Fully-Insured | New-England-Managed-Care-Fully-Insured | PAR-Providers,1,1396727327
npi,1396735601,,97.07,11,4,Blue-Care-Elect-Fully-Insured | HMO-Blue-Fully-Insured | New-England-Managed-Care-Fully-Insured | PAR-Providers,1,1396735601
npi,1396788972,,97.07,11,4,Blue-Care-Elect-Fully-Insured | HMO-Blue-Fully-Insured | New-England-Managed-Care-Fully-Insured | PAR-Providers,1,1396788972
npi,1396957064,,97.07,11,4,Blue-Care-Elect-Fully-Insured | HMO-Blue-Fully-Insured | New-England-Managed-Care-Fully-Insured | PAR-Providers,1,1396957064
npi,1407070964,,97.07,11,4,Blue-Care-Elect-Fully-Insured | HMO-Blue-Fully-Insured | New-England-Managed-Care-Fully-Insured | PAR-Providers,1,1407070964
npi,1407234131,,97.07,11,4,Blue-Care-Elect-Fully-Insured | HMO-Blue-Fully-Insured | New-England-Managed-Care-Fully-Insured | PAR-Providers,1,1407234131
npi,1417049107,,97.07,11,4,Blue-Care-Elect-Fully-Insured | HMO-Blue-Fully-Insured | New-England-Managed-Care-Fully-Insured | PAR-Providers,1,1417049107
npi,1417235557,,97.07,11,4,Blue-Care-Elect-Fully-Insured | HMO-Blue-Fully-Insured | New-England-Managed-Care-Fully-Insured | PAR-Providers,1,1417235557
npi,1417277047,,97.07,11,4,Blue-Care-Elect-Fully-Insured | HMO-Blue-Fully-Insured | New-England-Managed-Care-Fully-Insured | PAR-Providers,1,1417277047
npi,1417908021,,97.07,11,4,Blue-Care-Elect-Fully-Insured | HMO-Blue-Fully-Insured | New-England-Managed-Care-Fully-Insured | PAR-Providers,1,1417908021
npi,1427012822,,97.07,11,4,Blue-Care-Elect-Fully-Insured | HMO-Blue-Fully-Insured | New-England-Managed-Care-Fully-Insured | PAR-Providers,1,1427012822
npi,1427292861,,97.07,11,4,Blue-Care-Elect-Fully-Insured | HMO-Blue-Fully-Insured | New-England-Managed-Care-Fully-Insured | PAR-Providers,1,1427292861
npi,1437112067,,97.07,11,4,Blue-Care-Elect-Fully-Insured | HMO-Blue-Fully-Insured | New-England-Managed-Care-Fully-Insured | PAR-Providers,1,1437112067
npi,1437115177,,97.07,11,4,Blue-Care-Elect-Fully-Insured | HMO-Blue-Fully-Insured | New-England-Managed-Care-Fully-Insured | PAR-Providers,1,1437115177
npi,1437247293,,97.07,11,4,Blue-Care-Elect-Fully-Insured | HMO-Blue-Fully-Insured | New-England-Managed-Care-Fully-Insured | PAR-Providers,1,1437247293
npi,1437592268,,97.07,11,4,Blue-Care-Elect-Fully-Insured | HMO-Blue-Fully-Insured | New-England-Managed-Care-Fully-Insured | PAR-Providers,1,1437592268
npi,1437735867,,97.07,11,4,Blue-Care-Elect-Fully-Insured | HMO-Blue-Fully-Insured | New-England-Managed-Care-Fully-Insured | PAR-Providers,1,1437735867
npi,1437787330,,97.07,11,4,Blue-Care-Elect-Fully-Insured | HMO-Blue-Fully-Insured | New-England-Managed-Care-Fully-Insured | PAR-Providers,1,1437787330
npi,1447273511,,97.07,11,4,Blue-Care-Elect-Fully-Insured | HMO-Blue-Fully-Insured | New-England-Managed-Care-Fully-Insured | PAR-Providers,1,1447273511
npi,1447315650,,97.07,11,4,Blue-Care-Elect-Fully-Insured | HMO-Blue-Fully-Insured | New-England-Managed-Care-Fully-Insured | PAR-Providers,1,1447315650
npi,1447770441,,97.07,11,4,Blue-Care-Elect-Fully-Insured | HMO-Blue-Fully-Insured | New-England-Managed-Care-Fully-Insured | PAR-Providers,1,1447770441
npi,1447786694,,97.07,11,4,Blue-Care-Elect-Fully-Insured | HMO-Blue-Fully-Insured | New-England-Managed-Care-Fully-Insured | PAR-Providers,1,1447786694
npi,1457341083,,97.07,11,4,Blue-Care-Elect-Fully-Insured | HMO-Blue-Fully-Insured | New-England-Managed-Care-Fully-Insured | PAR-Providers,1,1457341083
npi,1457628786,,97.07,11,4,Blue-Care-Elect-Fully-Insured | HMO-Blue-Fully-Insured | New-England-Managed-Care-Fully-Insured | PAR-Providers,1,1457628786
npi,1457757254,,97.07,11,4,Blue-Care-Elect-Fully-Insured | HMO-Blue-Fully-Insured | New-England-Managed-Care-Fully-Insured | PAR-Providers,1,1457757254
npi,1467457127,,97.07,11,4,Blue-Care-Elect-Fully-Insured | HMO-Blue-Fully-Insured | New-England-Managed-Care-Fully-Insured | PAR-Providers,1,1467457127
npi,1467846402,,97.07,11,4,Blue-Care-Elect-Fully-Insured | HMO-Blue-Fully-Insured | New-England-Managed-Care-Fully-Insured | PAR-Providers,1,1467846402
npi,1467868711,,97.07,11,4,Blue-Care-Elect-Fully-Insured | HMO-Blue-Fully-Insured | New-England-Managed-Care-Fully-Insured | PAR-Providers,1,1467868711
npi,1467912808,,97.07,11,4,Blue-Care-Elect-Fully-Insured | HMO-Blue-Fully-Insured | New-England-Managed-Care-Fully-Insured | PAR-Providers,1,1467912808
npi,1477222594,,97.07,11,4,Blue-Care-Elect-Fully-Insured | HMO-Blue-Fully-Insured | New-England-Managed-Care-Fully-Insured | PAR-Providers,1,1477222594
npi,1477535953,,97.07,11,4,Blue-Care-Elect-Fully-Insured | HMO-Blue-Fully-Insured | New-England-Managed-Care-Fully-Insured | PAR-Providers,1,1477535953
npi,1477537520,,97.07,11,4,Blue-Care-Elect-Fully-Insured | HMO-Blue-Fully-Insured | New-England-Managed-Care-Fully-Insured | PAR-Providers,1,1477537520
npi,1477563088,,97.07,11,4,Blue-Care-Elect-Fully-Insured | HMO-Blue-Fully-Insured | New-England-Managed-Care-Fully-Insured | PAR-Providers,1,1477563088
npi,1477718153,,97.07,11,4,Blue-Care-Elect-Fully-Insured | HMO-Blue-Fully-Insured | New-England-Managed-Care-Fully-Insured | PAR-Providers,1,1477718153
npi,1487635504,,97.07,11,4,Blue-Care-Elect-Fully-Insured | HMO-Blue-Fully-Insured | New-England-Managed-Care-Fully-Insured | PAR-Providers,1,1487635504
npi,1497040315,,97.07,11,4,Blue-Care-Elect-Fully-Insured | HMO-Blue-Fully-Insured | New-England-Managed-Care-Fully-Insured | PAR-Providers,1,1497040315
npi,1497275622,,97.07,11,4,Blue-Care-Elect-Fully-Insured | HMO-Blue-Fully-Insured | New-England-Managed-Care-Fully-Insured | PAR-Providers,1,1497275622
npi,1497853972,,97.07,11,4,Blue-Care-Elect-Fully-Insured | HMO-Blue-Fully-Insured | New-England-Managed-Care-Fully-Insured | PAR-Providers,1,1497853972
npi,1508270596,,97.07,11,4,Blue-Care-Elect-Fully-Insured | HMO-Blue-Fully-Insured | New-England-Managed-Care-Fully-Insured | PAR-Providers,1,1508270596
npi,1508396748,,97.07,11,4,Blue-Care-Elect-Fully-Insured | HMO-Blue-Fully-Insured | New-England-Managed-Care-Fully-Insured | PAR-Providers,1,1508396748
npi,1508478793,,97.07,11,4,Blue-Care-Elect-Fully-Insured | HMO-Blue-Fully-Insured | New-England-Managed-Care-Fully-Insured | PAR-Providers,1,1508478793
npi,1518905876,,97.07,11,4,Blue-Care-Elect-Fully-Insured | HMO-Blue-Fully-Insured | New-England-Managed-Care-Fully-Insured | PAR-Providers,1,1518905876
npi,1518932524,,97.07,11,4,Blue-Care-Elect-Fully-Insured | HMO-Blue-Fully-Insured | New-England-Managed-Care-Fully-Insured | PAR-Providers,1,1518932524
npi,1518957422,,97.07,11,4,Blue-Care-Elect-Fully-Insured | HMO-Blue-Fully-Insured | New-England-Managed-Care-Fully-Insured | PAR-Providers,1,1518957422
npi,1528059813,,97.07,11,4,Blue-Care-Elect-Fully-Insured | HMO-Blue-Fully-Insured | New-England-Managed-Care-Fully-Insured | PAR-Providers,1,1528059813
npi,1528404076,,97.07,11,4,Blue-Care-Elect-Fully-Insured | HMO-Blue-Fully-Insured | New-England-Managed-Care-Fully-Insured | PAR-Providers,1,1528404076
npi,1528406170,,97.07,11,4,Blue-Care-Elect-Fully-Insured | HMO-Blue-Fully-Insured | New-England-Managed-Care-Fully-Insured | PAR-Providers,1,1528406170
npi,1528472073,,97.07,11,4,Blue-Care-Elect-Fully-Insured | HMO-Blue-Fully-Insured | New-England-Managed-Care-Fully-Insured | PAR-Providers,1,1528472073
npi,1528473527,,97.07,11,4,Blue-Care-Elect-Fully-Insured | HMO-Blue-Fully-Insured | New-England-Managed-Care-Fully-Insured | PAR-Providers,1,1528473527
npi,1528550043,,97.07,11,4,Blue-Care-Elect-Fully-Insured | HMO-Blue-Fully-Insured | New-England-Managed-Care-Fully-Insured | PAR-Providers,1,1528550043
npi,1528558772,,97.07,11,4,Blue-Care-Elect-Fully-Insured | HMO-Blue-Fully-Insured | New-England-Managed-Care-Fully-Insured | PAR-Providers,1,1528558772
npi,1528562758,,97.07,11,4,Blue-Care-Elect-Fully-Insured | HMO-Blue-Fully-Insured | New-England-Managed-Care-Fully-Insured | PAR-Providers,1,1528562758
npi,1538131479,,97.07,11,4,Blue-Care-Elect-Fully-Insured | HMO-Blue-Fully-Insured | New-England-Managed-Care-Fully-Insured | PAR-Providers,1,1538131479
npi,1538664990,,97.07,11,4,Blue-Care-Elect-Fully-Insured | HMO-Blue-Fully-Insured | New-England-Managed-Care-Fully-Insured | PAR-Providers,1,1538664990
npi,1548207764,,97.07,11,4,Blue-Care-Elect-Fully-Insured | HMO-Blue-Fully-Insured | New-England-Managed-Care-Fully-Insured | PAR-Providers,1,1548207764
npi,1548433030,,97.07,11,4,Blue-Care-Elect-Fully-Insured | HMO-Blue-Fully-Insured | New-England-Managed-Care-Fully-Insured | PAR-Providers,1,1548433030
npi,1558343962,,97.07,11,4,Blue-Care-Elect-Fully-Insured | HMO-Blue-Fully-Insured | New-England-Managed-Care-Fully-Insured | PAR-Providers,1,1558343962
npi,1558348037,,97.07,11,4,Blue-Care-Elect-Fully-Insured | HMO-Blue-Fully-Insured | New-England-Managed-Care-Fully-Insured | PAR-Providers,1,1558348037
npi,1558615799,,97.07,11,4,Blue-Care-Elect-Fully-Insured | HMO-Blue-Fully-Insured | New-England-Managed-Care-Fully-Insured | PAR-Providers,1,1558615799
npi,1558947077,,97.07,11,4,Blue-Care-Elect-Fully-Insured | HMO-Blue-Fully-Insured | New-England-Managed-Care-Fully-Insured | PAR-Providers,1,1558947077
npi,1568733608,,97.07,11,4,Blue-Care-Elect-Fully-Insured | HMO-Blue-Fully-Insured | New-England-Managed-Care-Fully-Insured | PAR-Providers,1,1568733608
npi,1568957595,,97.07,11,4,Blue-Care-Elect-Fully-Insured | HMO-Blue-Fully-Insured | New-England-Managed-Care-Fully-Insured | PAR-Providers,1,1568957595
npi,1588011183,,97.07,11,4,Blue-Care-Elect-Fully-Insured | HMO-Blue-Fully-Insured | New-England-Managed-Care-Fully-Insured | PAR-Providers,1,1588011183
npi,1598749459,,97.07,11,4,Blue-Care-Elect-Fully-Insured | HMO-Blue-Fully-Insured | New-England-Managed-Care-Fully-Insured | PAR-Providers,1,1598749459
npi,1598751521,,97.07,11,4,Blue-Care-Elect-Fully-Insured | HMO-Blue-Fully-Insured | New-England-Managed-Care-Fully-Insured | PAR-Providers,1,1598751521
npi,1598972382,,97.07,11,4,Blue-Care-Elect-Fully-Insured | HMO-Blue-Fully-Insured | New-England-Managed-Care-Fully-Insured | PAR-Providers,1,1598972382
npi,1609069111,,97.07,11,4,Blue-Care-Elect-Fully-Insured | HMO-Blue-Fully-Insured | New-England-Managed-Care-Fully-Insured | PAR-Providers,1,1609069111
npi,1609118967,,97.07,11,4,Blue-Care-Elect-Fully-Insured | HMO-Blue-Fully-Insured | New-England-Managed-Care-Fully-Insured | PAR-Providers,1,1609118967
npi,1609397348,,97.07,11,4,Blue-Care-Elect-Fully-Insured | HMO-Blue-Fully-Insured | New-England-Managed-Care-Fully-Insured | PAR-Providers,1,1609397348
npi,1609894104,,97.07,11,4,Blue-Care-Elect-Fully-Insured | HMO-Blue-Fully-Insured | New-England-Managed-Care-Fully-Insured | PAR-Providers,1,1609894104
npi,1619472305,,97.07,11,4,Blue-Care-Elect-Fully-Insured | HMO-Blue-Fully-Insured | New-England-Managed-Care-Fully-Insured | PAR-Providers,1,1619472305
npi,1619968179,,97.07,11,4,Blue-Care-Elect-Fully-Insured | HMO-Blue-Fully-Insured | New-England-Managed-Care-Fully-Insured | PAR-Providers,1,1619968179
npi,1629015219,,97.07,11,4,Blue-Care-Elect-Fully-Insured | HMO-Blue-Fully-Insured | New-England-Managed-Care-Fully-Insured | PAR-Providers,1,1629015219
npi,1629069109,,97.07,11,4,Blue-Care-Elect-Fully-Insured | HMO-Blue-Fully-Insured | New-England-Managed-Care-Fully-Insured | PAR-Providers,1,1629069109
npi,1629099486,,97.07,11,4,Blue-Care-Elect-Fully-Insured | HMO-Blue-Fully-Insured | New-England-Managed-Care-Fully-Insured | PAR-Providers,1,1629099486
npi,1629654728,,97.07,11,4,Blue-Care-Elect-Fully-Insured | HMO-Blue-Fully-Insured | New-England-Managed-Care-Fully-Insured | PAR-Providers,1,1629654728
npi,1639674385,,97.07,11,4,Blue-Care-Elect-Fully-Insured | HMO-Blue-Fully-Insured | New-England-Managed-Care-Fully-Insured | PAR-Providers,1,1639674385
npi,1639828270,,97.07,11,4,Blue-Care-Elect-Fully-Insured | HMO-Blue-Fully-Insured | New-England-Managed-Care-Fully-Insured | PAR-Providers,1,1639828270
npi,1649251281,,97.07,11,4,Blue-Care-Elect-Fully-Insured | HMO-Blue-Fully-Insured | New-England-Managed-Care-Fully-Insured | PAR-Providers,1,1649251281
npi,1649414681,,97.07,11,4,Blue-Care-Elect-Fully-Insured | HMO-Blue-Fully-Insured | New-England-Managed-Care-Fully-Insured | PAR-Providers,1,1649414681
npi,1649474644,,97.07,11,4,Blue-Care-Elect-Fully-Insured | HMO-Blue-Fully-Insured | New-England-Managed-Care-Fully-Insured | PAR-Providers,1,1649474644
npi,1659908929,,97.07,11,4,Blue-Care-Elect-Fully-Insured | HMO-Blue-Fully-Insured | New-England-Managed-Care-Fully-Insured | PAR-Providers,1,1659908929
npi,1669792636,,97.07,11,4,Blue-Care-Elect-Fully-Insured | HMO-Blue-Fully-Insured | New-England-Managed-Care-Fully-Insured | PAR-Providers,1,1669792636
npi,1669823803,,97.07,11,4,Blue-Care-Elect-Fully-Insured | HMO-Blue-Fully-Insured | New-England-Managed-Care-Fully-Insured | PAR-Providers,1,1669823803
npi,1679718290,,97.07,11,4,Blue-Care-Elect-Fully-Insured | HMO-Blue-Fully-Insured | New-England-Managed-Care-Fully-Insured | PAR-Providers,1,1679718290
npi,1679981864,,97.07,11,4,Blue-Care-Elect-Fully-Insured | HMO-Blue-Fully-Insured | New-England-Managed-Care-Fully-Insured | PAR-Providers,1,1679981864
npi,1689136368,,97.07,11,4,Blue-Care-Elect-Fully-Insured | HMO-Blue-Fully-Insured | New-England-Managed-Care-Fully-Insured | PAR-Providers,1,1689136368
npi,1689646606,,97.07,11,4,Blue-Care-Elect-Fully-Insured | HMO-Blue-Fully-Insured | New-England-Managed-Care-Fully-Insured | PAR-Providers,1,1689646606
npi,1689929333,,97.07,11,4,Blue-Care-Elect-Fully-Insured | HMO-Blue-Fully-Insured | New-England-Managed-Care-Fully-Insured | PAR-Providers,1,1689929333
npi,1689960197,,97.07,11,4,Blue-Care-Elect-Fully-Insured | HMO-Blue-Fully-Insured | New-England-Managed-Care-Fully-Insured | PAR-Providers,1,1689960197
npi,1699327007,,97.07,11,4,Blue-Care-Elect-Fully-Insured | HMO-Blue-Fully-Insured | New-England-Managed-Care-Fully-Insured | PAR-Providers,1,1699327007
npi,1699758334,,97.07,11,4,Blue-Care-Elect-Fully-Insured | HMO-Blue-Fully-Insured | New-England-Managed-Care-Fully-Insured | PAR-Providers,1,1699758334
npi,1700043833,,97.07,11,4,Blue-Care-Elect-Fully-Insured | HMO-Blue-Fully-Insured | New-England-Managed-Care-Fully-Insured | PAR-Providers,1,1700043833
npi,1700813789,,97.07,11,4,Blue-Care-Elect-Fully-Insured | HMO-Blue-Fully-Insured | New-England-Managed-Care-Fully-Insured | PAR-Providers,1,1700813789
npi,1710206248,,97.07,11,4,Blue-Care-Elect-Fully-Insured | HMO-Blue-Fully-Insured | New-England-Managed-Care-Fully-Insured | PAR-Providers,1,1710206248
npi,1720050073,,97.07,11,4,Blue-Care-Elect-Fully-Insured | HMO-Blue-Fully-Insured | New-England-Managed-Care-Fully-Insured | PAR-Providers,1,1720050073
npi,1720101843,,97.07,11,4,Blue-Care-Elect-Fully-Insured | HMO-Blue-Fully-Insured | New-England-Managed-Care-Fully-Insured | PAR-Providers,1,1720101843
npi,1720108400,,97.07,11,4,Blue-Care-Elect-Fully-Insured | HMO-Blue-Fully-Insured | New-England-Managed-Care-Fully-Insured | PAR-Providers,1,1720108400
npi,1720247943,,97.07,11,4,Blue-Care-Elect-Fully-Insured | HMO-Blue-Fully-Insured | New-England-Managed-Care-Fully-Insured | PAR-Providers,1,1720247943
npi,1720463342,,97.07,11,4,Blue-Care-Elect-Fully-Insured | HMO-Blue-Fully-Insured | New-England-Managed-Care-Fully-Insured | PAR-Providers,1,1720463342
npi,1720581515,,97.07,11,4,Blue-Care-Elect-Fully-Insured | HMO-Blue-Fully-Insured | New-England-Managed-Care-Fully-Insured | PAR-Providers,1,1720581515
npi,1720607542,,97.07,11,4,Blue-Care-Elect-Fully-Insured | HMO-Blue-Fully-Insured | New-England-Managed-Care-Fully-Insured | PAR-Providers,1,1720607542
npi,1730150947,,97.07,11,4,Blue-Care-Elect-Fully-Insured | HMO-Blue-Fully-Insured | New-England-Managed-Care-Fully-Insured | PAR-Providers,1,1730150947
npi,1730476680,,97.07,11,4,Blue-Care-Elect-Fully-Insured | HMO-Blue-Fully-Insured | New-England-Managed-Care-Fully-Insured | PAR-Providers,1,1730476680
npi,1730542606,,97.07,11,4,Blue-Care-Elect-Fully-Insured | HMO-Blue-Fully-Insured | New-England-Managed-Care-Fully-Insured | PAR-Providers,1,1730542606
npi,1730609389,,97.07,11,4,Blue-Care-Elect-Fully-Insured | HMO-Blue-Fully-Insured | New-England-Managed-Care-Fully-Insured | PAR-Providers,1,1730609389
npi,1730766684,,97.07,11,4,Blue-Care-Elect-Fully-Insured | HMO-Blue-Fully-Insured | New-England-Managed-Care-Fully-Insured | PAR-Providers,1,1730766684
npi,1740276658,,97.07,11,4,Blue-Care-Elect-Fully-Insured | HMO-Blue-Fully-Insured | New-England-Managed-Care-Fully-Insured | PAR-Providers,1,1740276658
npi,1750623245,,97.07,11,4,Blue-Care-Elect-Fully-Insured | HMO-Blue-Fully-Insured | New-England-Managed-Care-Fully-Insured | PAR-Providers,1,1750623245
npi,1750724571,,97.07,11,4,Blue-Care-Elect-Fully-Insured | HMO-Blue-Fully-Insured | New-England-Managed-Care-Fully-Insured | PAR-Providers,1,1750724571
npi,1760809743,,97.07,11,4,Blue-Care-Elect-Fully-Insured | HMO-Blue-Fully-Insured | New-England-Managed-Care-Fully-Insured | PAR-Providers,1,1760809743
npi,1770894107,,97.07,11,4,Blue-Care-Elect-Fully-Insured | HMO-Blue-Fully-Insured | New-England-Managed-Care-Fully-Insured | PAR-Providers,1,1770894107
npi,1770900128,,97.07,11,4,Blue-Care-Elect-Fully-Insured | HMO-Blue-Fully-Insured | New-England-Managed-Care-Fully-Insured | PAR-Providers,1,1770900128
npi,1780022723,,97.07,11,4,Blue-Care-Elect-Fully-Insured | HMO-Blue-Fully-Insured | New-England-Managed-Care-Fully-Insured | PAR-Providers,1,1780022723
npi,1780642611,,97.07,11,4,Blue-Care-Elect-Fully-Insured | HMO-Blue-Fully-Insured | New-England-Managed-Care-Fully-Insured | PAR-Providers,1,1780642611
npi,1780646349,,97.07,11,4,Blue-Care-Elect-Fully-Insured | HMO-Blue-Fully-Insured | New-England-Managed-Care-Fully-Insured | PAR-Providers,1,1780646349
npi,1780973255,,97.07,11,4,Blue-Care-Elect-Fully-Insured | HMO-Blue-Fully-Insured | New-England-Managed-Care-Fully-Insured | PAR-Providers,1,1780973255
npi,1790103794,,97.07,11,4,Blue-Care-Elect-Fully-Insured | HMO-Blue-Fully-Insured | New-England-Managed-Care-Fully-Insured | PAR-Providers,1,1790103794
npi,1790273951,,97.07,11,4,Blue-Care-Elect-Fully-Insured | HMO-Blue-Fully-Insured | New-England-Managed-Care-Fully-Insured | PAR-Providers,1,1790273951
npi,1790361400,,97.07,11,4,Blue-Care-Elect-Fully-Insured | HMO-Blue-Fully-Insured | New-England-Managed-Care-Fully-Insured | PAR-Providers,1,1790361400
npi,1790742096,,97.07,11,4,Blue-Care-Elect-Fully-Insured | HMO-Blue-Fully-Insured | New-England-Managed-Care-Fully-Insured | PAR-Providers,1,1790742096
npi,1790742799,,97.07,11,4,Blue-Care-Elect-Fully-Insured | HMO-Blue-Fully-Insured | New-England-Managed-Care-Fully-Insured | PAR-Providers,1,1790742799
npi,1801123997,,97.07,11,4,Blue-Care-Elect-Fully-Insured | HMO-Blue-Fully-Insured | New-England-Managed-Care-Fully-Insured | PAR-Providers,1,1801123997
npi,1801273859,,97.07,11,4,Blue-Care-Elect-Fully-Insured | HMO-Blue-Fully-Insured | New-England-Managed-Care-Fully-Insured | PAR-Providers,1,1801273859
npi,1801278734,,97.07,11,4,Blue-Care-Elect-Fully-Insured | HMO-Blue-Fully-Insured | New-England-Managed-Care-Fully-Insured | PAR-Providers,1,1801278734
npi,1801877329,,97.07,11,4,Blue-Care-Elect-Fully-Insured | HMO-Blue-Fully-Insured | New-England-Managed-Care-Fully-Insured | PAR-Providers,1,1801877329
npi,1801882865,,97.07,11,4,Blue-Care-Elect-Fully-Insured | HMO-Blue-Fully-Insured | New-England-Managed-Care-Fully-Insured | PAR-Providers,1,1801882865
npi,1811083066,,97.07,11,4,Blue-Care-Elect-Fully-Insured | HMO-Blue-Fully-Insured | New-England-Managed-Care-Fully-Insured | PAR-Providers,1,1811083066
npi,1811142979,,97.07,11,4,Blue-Care-Elect-Fully-Insured | HMO-Blue-Fully-Insured | New-England-Managed-Care-Fully-Insured | PAR-Providers,1,1811142979
npi,1811201940,,97.07,11,4,Blue-Care-Elect-Fully-Insured | HMO-Blue-Fully-Insured | New-England-Managed-Care-Fully-Insured | PAR-Providers,1,1811201940
npi,1821061094,,97.07,11,4,Blue-Care-Elect-Fully-Insured | HMO-Blue-Fully-Insured | New-England-Managed-Care-Fully-Insured | PAR-Providers,1,1821061094
npi,1821406232,,97.07,11,4,Blue-Care-Elect-Fully-Insured | HMO-Blue-Fully-Insured | New-England-Managed-Care-Fully-Insured | PAR-Providers,1,1821406232
npi,1831264571,,97.07,11,4,Blue-Care-Elect-Fully-Insured | HMO-Blue-Fully-Insured | New-England-Managed-Care-Fully-Insured | PAR-Providers,1,1831264571
npi,1841429842,,97.07,11,4,Blue-Care-Elect-Fully-Insured | HMO-Blue-Fully-Insured | New-England-Managed-Care-Fully-Insured | PAR-Providers,1,1841429842
npi,1841619236,,97.07,11,4,Blue-Care-Elect-Fully-Insured | HMO-Blue-Fully-Insured | New-England-Managed-Care-Fully-Insured | PAR-Providers,1,1841619236
npi,1841853926,,97.07,11,4,Blue-Care-Elect-Fully-Insured | HMO-Blue-Fully-Insured | New-England-Managed-Care-Fully-Insured | PAR-Providers,1,1841853926
npi,1851325427,,97.07,11,4,Blue-Care-Elect-Fully-Insured | HMO-Blue-Fully-Insured | New-England-Managed-Care-Fully-Insured | PAR-Providers,1,1851325427
npi,1851339154,,97.07,11,4,Blue-Care-Elect-Fully-Insured | HMO-Blue-Fully-Insured | New-England-Managed-Care-Fully-Insured | PAR-Providers,1,1851339154
npi,1851483614,,97.07,11,4,Blue-Care-Elect-Fully-Insured | HMO-Blue-Fully-Insured | New-England-Managed-Care-Fully-Insured | PAR-Providers,1,1851483614
npi,1851928451,,97.07,11,4,Blue-Care-Elect-Fully-Insured | HMO-Blue-Fully-Insured | New-England-Managed-Care-Fully-Insured | PAR-Providers,1,1851928451
npi,1861507956,,97.07,11,4,Blue-Care-Elect-Fully-Insured | HMO-Blue-Fully-Insured | New-England-Managed-Care-Fully-Insured | PAR-Providers,1,1861507956
npi,1861735839,,97.07,11,4,Blue-Care-Elect-Fully-Insured | HMO-Blue-Fully-Insured | New-England-Managed-Care-Fully-Insured | PAR-Providers,1,1861735839
npi,1871150151,,97.07,11,4,Blue-Care-Elect-Fully-Insured | HMO-Blue-Fully-Insured | New-England-Managed-Care-Fully-Insured | PAR-Providers,1,1871150151
npi,1871539270,,97.07,11,4,Blue-Care-Elect-Fully-Insured | HMO-Blue-Fully-Insured | New-England-Managed-Care-Fully-Insured | PAR-Providers,1,1871539270
npi,1871549089,,97.07,11,4,Blue-Care-Elect-Fully-Insured | HMO-Blue-Fully-Insured | New-England-Managed-Care-Fully-Insured | PAR-Providers,1,1871549089
npi,1871577924,,97.07,11,4,Blue-Care-Elect-Fully-Insured | HMO-Blue-Fully-Insured | New-England-Managed-Care-Fully-Insured | PAR-Providers,1,1871577924
npi,1871583930,,97.07,11,4,Blue-Care-Elect-Fully-Insured | HMO-Blue-Fully-Insured | New-England-Managed-Care-Fully-Insured | PAR-Providers,1,1871583930
npi,1871687038,,97.07,11,4,Blue-Care-Elect-Fully-Insured | HMO-Blue-Fully-Insured | New-England-Managed-Care-Fully-Insured | PAR-Providers,1,1871687038
npi,1871880906,,97.07,11,4,Blue-Care-Elect-Fully-Insured | HMO-Blue-Fully-Insured | New-England-Managed-Care-Fully-Insured | PAR-Providers,1,1871880906
npi,1881057198,,97.07,11,4,Blue-Care-Elect-Fully-Insured | HMO-Blue-Fully-Insured | New-England-Managed-Care-Fully-Insured | PAR-Providers,1,1881057198
npi,1881184240,,97.07,11,4,Blue-Care-Elect-Fully-Insured | HMO-Blue-Fully-Insured | New-England-Managed-Care-Fully-Insured | PAR-Providers,1,1881184240
npi,1881696813,,97.07,11,4,Blue-Care-Elect-Fully-Insured | HMO-Blue-Fully-Insured | New-England-Managed-Care-Fully-Insured | PAR-Providers,1,1881696813
npi,1881759025,,97.07,11,4,Blue-Care-Elect-Fully-Insured | HMO-Blue-Fully-Insured | New-England-Managed-Care-Fully-Insured | PAR-Providers,1,1881759025
npi,1881794873,,97.07,11,4,Blue-Care-Elect-Fully-Insured | HMO-Blue-Fully-Insured | New-England-Managed-Care-Fully-Insured | PAR-Providers,1,1881794873
npi,1891080255,,97.07,11,4,Blue-Care-Elect-Fully-Insured | HMO-Blue-Fully-Insured | New-England-Managed-Care-Fully-Insured | PAR-Providers,1,1891080255
npi,1891280707,,97.07,11,4,Blue-Care-Elect-Fully-Insured | HMO-Blue-Fully-Insured | New-England-Managed-Care-Fully-Insured | PAR-Providers,1,1891280707
npi,1891777405,,97.07,11,4,Blue-Care-Elect-Fully-Insured | HMO-Blue-Fully-Insured | New-England-Managed-Care-Fully-Insured | PAR-Providers,1,1891777405
npi,1891927125,,97.07,11,4,Blue-Care-Elect-Fully-Insured | HMO-Blue-Fully-Insured | New-England-Managed-Care-Fully-Insured | PAR-Providers,1,1891927125
npi,1902295165,,97.07,11,4,Blue-Care-Elect-Fully-Insured | HMO-Blue-Fully-Insured | New-England-Managed-Care-Fully-Insured | PAR-Providers,1,1902295165
npi,1902913700,,97.07,11,4,Blue-Care-Elect-Fully-Insured | HMO-Blue-Fully-Insured | New-England-Managed-Care-Fully-Insured | PAR-Providers,1,1902913700
npi,1912002965,,97.07,11,4,Blue-Care-Elect-Fully-Insured | HMO-Blue-Fully-Insured | New-England-Managed-Care-Fully-Insured | PAR-Providers,1,1912002965
npi,1912009507,,97.07,11,4,Blue-Care-Elect-Fully-Insured | HMO-Blue-Fully-Insured | New-England-Managed-Care-Fully-Insured | PAR-Providers,1,1912009507
npi,1912135336,,97.07,11,4,Blue-Care-Elect-Fully-Insured | HMO-Blue-Fully-Insured | New-England-Managed-Care-Fully-Insured | PAR-Providers,1,1912135336
npi,1912267972,,97.07,11,4,Blue-Care-Elect-Fully-Insured | HMO-Blue-Fully-Insured | New-England-Managed-Care-Fully-Insured | PAR-Providers,1,1912267972
npi,1912388174,,97.07,11,4,Blue-Care-Elect-Fully-Insured | HMO-Blue-Fully-Insured | New-England-Managed-Care-Fully-Insured | PAR-Providers,1,1912388174
npi,1912908229,,97.07,11,4,Blue-Care-Elect-Fully-Insured | HMO-Blue-Fully-Insured | New-England-Managed-Care-Fully-Insured | PAR-Providers,1,1912908229
npi,1912932906,,97.07,11,4,Blue-Care-Elect-Fully-Insured | HMO-Blue-Fully-Insured | New-England-Managed-Care-Fully-Insured | PAR-Providers,1,1912932906
npi,1922273200,,97.07,11,4,Blue-Care-Elect-Fully-Insured | HMO-Blue-Fully-Insured | New-England-Managed-Care-Fully-Insured | PAR-Providers,1,1922273200
npi,1932339025,,97.07,11,4,Blue-Care-Elect-Fully-Insured | HMO-Blue-Fully-Insured | New-England-Managed-Care-Fully-Insured | PAR-Providers,1,1932339025
npi,1932605474,,97.07,11,4,Blue-Care-Elect-Fully-Insured | HMO-Blue-Fully-Insured | New-England-Managed-Care-Fully-Insured | PAR-Providers,1,1932605474
npi,1932696564,,97.07,11,4,Blue-Care-Elect-Fully-Insured | HMO-Blue-Fully-Insured | New-England-Managed-Care-Fully-Insured | PAR-Providers,1,1932696564
npi,1942664545,,97.07,11,4,Blue-Care-Elect-Fully-Insured | HMO-Blue-Fully-Insured | New-England-Managed-Care-Fully-Insured | PAR-Providers,1,1942664545
npi,1942697297,,97.07,11,4,Blue-Care-Elect-Fully-Insured | HMO-Blue-Fully-Insured | New-England-Managed-Care-Fully-Insured | PAR-Providers,1,1942697297
npi,1942829544,,97.07,11,4,Blue-Care-Elect-Fully-Insured | HMO-Blue-Fully-Insured | New-England-Managed-Care-Fully-Insured | PAR-Providers,1,1942829544
npi,1952664443,,97.07,11,4,Blue-Care-Elect-Fully-Insured | HMO-Blue-Fully-Insured | New-England-Managed-Care-Fully-Insured | PAR-Providers,1,1952664443
npi,1962842567,,97.07,11,4,Blue-Care-Elect-Fully-Insured | HMO-Blue-Fully-Insured | New-England-Managed-Care-Fully-Insured | PAR-Providers,1,1962842567
npi,1962908798,,97.07,11,4,Blue-Care-Elect-Fully-Insured | HMO-Blue-Fully-Insured | New-England-Managed-Care-Fully-Insured | PAR-Providers,1,1962908798
npi,1962931543,,97.07,11,4,Blue-Care-Elect-Fully-Insured | HMO-Blue-Fully-Insured | New-England-Managed-Care-Fully-Insured | PAR-Providers,1,1962931543
npi,1972588077,,97.07,11,4,Blue-Care-Elect-Fully-Insured | HMO-Blue-Fully-Insured | New-England-Managed-Care-Fully-Insured | PAR-Providers,1,1972588077
npi,1982262986,,97.07,11,4,Blue-Care-Elect-Fully-Insured | HMO-Blue-Fully-Insured | New-England-Managed-Care-Fully-Insured | PAR-Providers,1,1982262986
npi,1982266524,,97.07,11,4,Blue-Care-Elect-Fully-Insured | HMO-Blue-Fully-Insured | New-England-Managed-Care-Fully-Insured | PAR-Providers,1,1982266524
npi,1982280350,,97.07,11,4,Blue-Care-Elect-Fully-Insured | HMO-Blue-Fully-Insured | New-England-Managed-Care-Fully-Insured | PAR-Providers,1,1982280350
npi,1982620837,,97.07,11,4,Blue-Care-Elect-Fully-Insured | HMO-Blue-Fully-Insured | New-England-Managed-Care-Fully-Insured | PAR-Providers,1,1982620837
npi,1982658738,,97.07,11,4,Blue-Care-Elect-Fully-Insured | HMO-Blue-Fully-Insured | New-England-Managed-Care-Fully-Insured | PAR-Providers,1,1982658738
npi,1982666038,,97.07,11,4,Blue-Care-Elect-Fully-Insured | HMO-Blue-Fully-Insured | New-England-Managed-Care-Fully-Insured | PAR-Providers,1,1982666038
npi,1982667747,,97.07,11,4,Blue-Care-Elect-Fully-Insured | HMO-Blue-Fully-Insured | New-England-Managed-Care-Fully-Insured | PAR-Providers,1,1982667747
npi,1982680740,,97.07,11,4,Blue-Care-Elect-Fully-Insured | HMO-Blue-Fully-Insured | New-England-Managed-Care-Fully-Insured | PAR-Providers,1,1982680740
npi,1982809463,,97.07,11,4,Blue-Care-Elect-Fully-Insured | HMO-Blue-Fully-Insured | New-England-Managed-Care-Fully-Insured | PAR-Providers,1,1982809463
npi,1992798797,,97.07,11,4,Blue-Care-Elect-Fully-Insured | HMO-Blue-Fully-Insured | New-England-Managed-Care-Fully-Insured | PAR-Providers,1,1992798797
ein,20-1629205,NORTHAMPTON NEUROLOGY LLC,135.70,11,4,Blue-Care-Elect-Fully-Insured | HMO-Blue-Fully-Insured | New-England-Managed-Care-Fully-Insured | PAR-Providers,1,1417932542
ein,20-8220798,BOSTON PAIN CARE CENTER INC,167.83 | 167.85,11,4,Blue-Care-Elect-Fully-Insured | HMO-Blue-Fully-Insured | New-England-Managed-Care-Fully-Insured | PAR-Providers,1,1518225952
ein,22-2984590,JOSLIN CLINIC INC,166.24,11,4,Blue-Care-Elect-Fully-Insured | HMO-Blue-Fully-Insured | New-England-Managed-Care-Fully-Insured | PAR-Providers,1,1093762601
ein,23-7089746,NORTH END COMMUNITY HEALTH,238.33,11,4,Blue-Care-Elect-Fully-Insured | HMO-Blue-Fully-Insured | New-England-Managed-Care-Fully-Insured | PAR-Providers,1,1518957422
ein,23-7211732,UPHAMS CORNER HEALTH COMMITTEEINC,143.66,11,4,Blue-Care-Elect-Fully-Insured | HMO-Blue-Fully-Insured | New-England-Managed-Care-Fully-Insured | PAR-Providers,1,1801879150
ein,23-7425849,NEIGHBORHEALTH CORPORATION,143.66,11,4,Blue-Care-Elect-Fully-Insured | HMO-Blue-Fully-Insured | New-England-Managed-Care-Fully-Insured | PAR-Providers,1,1184644536
ein,26-1149064,NEUROLOGY AND REHABILITATION PC,166.24,11,4,Blue-Care-Elect-Fully-Insured | HMO-Blue-Fully-Insured | New-England-Managed-Care-Fully-Insured | PAR-Providers,1,1912988486
ein,26-4769083,AMAC NEUROLOGY AND SLEEP MEDICINE,173.66,11,4,Blue-Care-Elect-Fully-Insured | HMO-Blue-Fully-Insured | New-England-Managed-Care-Fully-Insured | PAR-Providers,1,1891903712
ein,27-1310998,NORTHEAST ALLERGY AND ASTHMA AND,209.73 | 219.73,11,4,Blue-Care-Elect-Fully-Insured | HMO-Blue-Fully-Insured | New-England-Managed-Care-Fully-Insured | PAR-Providers,1,1164573283
ein,27-2167790,PRIME MEDICAL ASSOCIATES LLC,158.90 | 165.50,11,4,Blue-Care-Elect-Fully-Insured | HMO-Blue-Fully-Insured | New-England-Managed-Care-Fully-Insured | PAR-Providers,1,1609825181
ein,30-0716804,PHYSICIANS OF FALMOUTH HOSPITAL,155.99 | 162.40,11,4,Blue-Care-Elect-Fully-Insured | HMO-Blue-Fully-Insured | New-England-Managed-Care-Fully-Insured | PAR-Providers,1,1720050073
ein,33-3744218,SUDBURY NEUROLOGY PLLC,221.43,11,4,Blue-Care-Elect-Fully-Insured | HMO-Blue-Fully-Insured | New-England-Managed-Care-Fully-Insured | PAR-Providers,1,1013295716
ein,42-1635707,NEUROLOGY CONSULTANTS OF CAPE COD PC,155.99 | 162.40,11,4,Blue-Care-Elect-Fully-Insured | HMO-Blue-Fully-Insured | New-England-Managed-Care-Fully-Insured | PAR-Providers,1,1124120613
ein,46-1641009,ROBERT F DONNELL MD,97.07,11,4,Blue-Care-Elect-Fully-Insured | HMO-Blue-Fully-Insured | New-England-Managed-Care-Fully-Insured | PAR-Providers,1,1265649974
ein,80-0482067,EMERSON PRACTICE ASSOCIATES II INC,221.43,11,4,Blue-Care-Elect-Fully-Insured | HMO-Blue-Fully-Insured | New-England-Managed-Care-Fully-Insured | PAR-Providers,1,1184614414
ein,81-1807730,RIVERBEND MEDICAL GROUP DBA TRINITY HEALTH OF NE MEDICAL GRP,140.56,11,4,Blue-Care-Elect-Fully-Insured | HMO-Blue-Fully-Insured | New-England-Managed-Care-Fully-Insured | PAR-Providers,1,1174028963
ein,81-1978165,ARCANGEL NEUROLOGICAL CONSULTANTS,158.90 | 165.50,11,4,Blue-Care-Elect-Fully-Insured | HMO-Blue-Fully-Insured | New-England-Managed-Care-Fully-Insured | PAR-Providers,1,1538131479
ein,82-2370807,HAMPSHIRE NEUROLOGY LLC,135.70,11,4,Blue-Care-Elect-Fully-Insured | HMO-Blue-Fully-Insured | New-England-Managed-Care-Fully-Insured | PAR-Providers,1,1689675761
ein,82-2527625,EMG LABORATORY LLC,155.99 | 162.40,11,4,Blue-Care-Elect-Fully-Insured | HMO-Blue-Fully-Insured | New-England-Managed-Care-Fully-Insured | PAR-Providers,1,1306844220
ein,82-4595311,ALBERT L FULLERTON MD LLC,166.25,11,4,Blue-Care-Elect-Fully-Insured | HMO-Blue-Fully-Insured | New-England-Managed-Care-Fully-Insured | PAR-Providers,1,1205822905
ein,85-4055013,MERRIMACK VALLEY NEUROLOGY LLC,143.74,11,4,Blue-Care-Elect-Fully-Insured | HMO-Blue-Fully-Insured | New-England-Managed-Care-Fully-Insured | PAR-Providers,1,1982691655
ein,86-1107709,FISCHER NEUROLOGY ASSOCIATES PC,167.83 | 167.85,11,4,Blue-Care-Elect-Fully-Insured | HMO-Blue-Fully-Insured | New-England-Managed-Care-Fully-Insured | PAR-Providers,1,1922143296
ein,92-0700918,MERRIMACK VALLEY NEUROLOGY,169.65,11,4,Blue-Care-Elect-Fully-Insured | HMO-Blue-Fully-Insured | New-England-Managed-Care-Fully-Insured | PAR-Providers,1,1093944332
