payer,file_description,location_url,number_of_reporting_plans,example_plan_names,plan_market_types,n_primary_tocs,n_employer_tocs,size_bytes,last_modified,content_type,content_encoding,head_method,head_status,head_error
Harvard Pilgrim Health Care,in-network file,https://eusprdtransparencymrfp32.blob.core.windows.net/hphc/2026-09-01_A001-FS_in-network-rates.zip,19,"BERKLEE COLLEGE OF MUSIC, INC. - Access America | Dudley-Charlton Reg Schl Dist - Access America | GROUP INSURANCE COMMISSION - Access America | Harvard Pilgrim Health Care - House Acct - Access America | LESLEY UNIVERSITY - Access America",group,0,19,107421636,"Sun, 06 Sep 2026 05:01:35 GMT",application/zip,,HEAD,200,
Harvard Pilgrim Health Care,in-network file,https://eusprdtransparencymrfp32.blob.core.windows.net/hphc/2026-09-01_A001-P1_in-network-rates.zip,1,Access America,group; individual,0,1,107987101,"Sun, 06 Sep 2026 05:01:36 GMT",application/zip,,HEAD,200,
Harvard Pilgrim Health Care,in-network file,https://eusprdtransparencymrfp32.blob.core.windows.net/hphc/2026-09-01_A002-FS_in-network-rates.zip,22,ASSUMPTION UNIVERSITY - Harvard Pilgrim PPO | BOSTON COLLEGE - Harvard Pilgrim PPO | BRANDEIS UNIVERSITY - Harvard Pilgrim PPO | Beth Israel Lahey Health (BILH) - Harvard Pilgrim PPO | CCMHG/Cape Cod Municipal Health Group - Harvard Pilgrim PPO,group,0,22,108083062,"Sun, 06 Sep 2026 05:01:34 GMT",application/zip,,HEAD,200,
Harvard Pilgrim Health Care,in-network file,https://eusprdtransparencymrfp32.blob.core.windows.net/hphc/2026-09-01_A002-P1_in-network-rates.zip,1,Harvard Pilgrim PPO,group; individual,1,0,108099754,"Sun, 06 Sep 2026 05:01:35 GMT",application/zip,,HEAD,200,
Harvard Pilgrim Health Care,in-network file,https://eusprdtransparencymrfp32.blob.core.windows.net/hphc/2026-09-01_A008-FS_in-network-rates.zip,37,"ASSUMPTION UNIVERSITY - HMO | BENTLEY UNIVERSITY - HMO | BERKLEE COLLEGE OF MUSIC, INC. - HMO | BOSTON COLLEGE - HMO | BRANDEIS UNIVERSITY - HMO",group,1,36,108389872,"Sun, 06 Sep 2026 05:01:34 GMT",application/zip,,HEAD,200,
Harvard Pilgrim Health Care,in-network file,https://eusprdtransparencymrfp32.blob.core.windows.net/hphc/2026-09-01_A008-P1_in-network-rates.zip,6,HMO,group; individual,2,0,108748364,"Sun, 06 Sep 2026 05:01:35 GMT",application/zip,,HEAD,200,
Harvard Pilgrim Health Care,in-network file,https://eusprdtransparencymrfp32.blob.core.windows.net/hphc/2026-09-01_A009-FS_in-network-rates.zip,1,Husson University - POS,group,0,1,107929509,"Sun, 06 Sep 2026 05:01:35 GMT",application/zip,,HEAD,200,
Harvard Pilgrim Health Care,in-network file,https://eusprdtransparencymrfp32.blob.core.windows.net/hphc/2026-09-01_A009-P1_in-network-rates.zip,3,POS,group; individual,2,0,108389408,"Sun, 06 Sep 2026 05:01:35 GMT",application/zip,,HEAD,200,
Harvard Pilgrim Health Care,in-network file,https://eusprdtransparencymrfp32.blob.core.windows.net/hphc/2026-09-01_A010-FS_in-network-rates.zip,16,BENTLEY UNIVERSITY - Best Buy PPO HSA | CCMHG/Cape Cod Municipal Health Group - Best Buy PPO HSA | CLARK UNIVERSITY - Best Buy PPO HSA | Cramer Production Company Inc. - Best Buy PPO HSA | DEAN COLLEGE - Best Buy PPO HSA,group,0,16,107859730,"Sun, 06 Sep 2026 05:01:36 GMT",application/zip,,HEAD,200,
Harvard Pilgrim Health Care,in-network file,https://eusprdtransparencymrfp32.blob.core.windows.net/hphc/2026-09-01_A010-P1_in-network-rates.zip,2,Best Buy PPO HSA,group; individual,1,1,108023758,"Sun, 06 Sep 2026 05:01:34 GMT",application/zip,,HEAD,200,
Harvard Pilgrim Health Care,in-network file,https://eusprdtransparencymrfp32.blob.core.windows.net/hphc/2026-09-01_A013-FS_in-network-rates.zip,12,ASSUMPTION UNIVERSITY - Focus Network - MA HMO | CITY OF WORCESTER - Focus Network - MA HMO | CLARK UNIVERSITY - Focus Network - MA HMO | EXCEL ACADEMY CHARTER SCHOOL - Focus Network - MA HMO | Fallon Health Plan - Focus Network - MA HMO,group,0,12,108384977,"Sun, 06 Sep 2026 05:01:36 GMT",application/zip,,HEAD,200,
Harvard Pilgrim Health Care,in-network file,https://eusprdtransparencymrfp32.blob.core.windows.net/hphc/2026-09-01_A013-P1_in-network-rates.zip,2,Focus Network - MA HMO,group; individual,1,0,108860794,"Sun, 06 Sep 2026 05:01:35 GMT",application/zip,,HEAD,200,
Harvard Pilgrim Health Care,in-network file,https://eusprdtransparencymrfp32.blob.core.windows.net/hphc/2026-09-01_A014-FS_in-network-rates.zip,13,CITY OF BEVERLY - ChoiceNet HMO | CITY OF BROCKTON - ChoiceNet HMO | CITY OF EVERETT - ChoiceNet HMO | CITY OF WORCESTER - ChoiceNet HMO | Harvard Pilgrim Health Care - House Acct - ChoiceNet HMO,group,1,12,108339952,"Sun, 06 Sep 2026 05:01:35 GMT",application/zip,,HEAD,200,
Harvard Pilgrim Health Care,in-network file,https://eusprdtransparencymrfp32.blob.core.windows.net/hphc/2026-09-01_A014-P1_in-network-rates.zip,1,ChoiceNet HMO,group; individual,1,0,109383368,"Sun, 06 Sep 2026 05:01:36 GMT",application/zip,,HEAD,200,
Harvard Pilgrim Health Care,in-network file,https://eusprdtransparencymrfp32.blob.core.windows.net/hphc/2026-09-01_A015-FS_in-network-rates.zip,6,TOWN OF ABINGTON - ChoiceNet PPO | TOWN OF AUBURN - ChoiceNet PPO | TOWN OF BELMONT - ChoiceNet PPO | TOWN OF WEBSTER - ChoiceNet PPO | Town of Merrimac - ChoiceNet PPO,group,0,6,133111152,"Sun, 06 Sep 2026 05:01:36 GMT",application/zip,,HEAD,200,
Harvard Pilgrim Health Care,in-network file,https://eusprdtransparencymrfp32.blob.core.windows.net/hphc/2026-09-01_A015-P1_in-network-rates.zip,1,ChoiceNet PPO,group; individual,0,1,135803266,"Sun, 06 Sep 2026 05:01:35 GMT",application/zip,,HEAD,200,
Harvard Pilgrim Health Care,in-network file,https://eusprdtransparencymrfp32.blob.core.windows.net/hphc/2026-09-01_A020-FS_in-network-rates.zip,18,ASSUMPTION UNIVERSITY - Best Buy HMO HSA | BRANDEIS UNIVERSITY - Best Buy HMO HSA | Brooke Charter School - Best Buy HMO HSA | CCMHG/Cape Cod Municipal Health Group - Best Buy HMO HSA | CITY OF MARLBOROUGH - Best Buy HMO HSA,group,1,17,108930598,"Sun, 06 Sep 2026 05:01:35 GMT",application/zip,,HEAD,200,
Harvard Pilgrim Health Care,in-network file,https://eusprdtransparencymrfp32.blob.core.windows.net/hphc/2026-09-01_A020-P1_in-network-rates.zip,2,Best Buy HMO HSA,group; individual,2,0,109347788,"Sun, 06 Sep 2026 05:01:35 GMT",application/zip,,HEAD,200,
Harvard Pilgrim Health Care,in-network file,https://eusprdtransparencymrfp32.blob.core.windows.net/hphc/2026-09-01_A025-P1_in-network-rates.zip,2,HMO - LP,group; individual,1,0,109358704,"Sun, 06 Sep 2026 05:01:36 GMT",application/zip,,HEAD,200,
Harvard Pilgrim Health Care,in-network file,https://eusprdtransparencymrfp32.blob.core.windows.net/hphc/2026-09-01_A027-FS_in-network-rates.zip,1,Grappone Management Company Inc - PPO - LP,group,0,1,108627892,"Sun, 06 Sep 2026 05:01:34 GMT",application/zip,,HEAD,200,
Harvard Pilgrim Health Care,in-network file,https://eusprdtransparencymrfp32.blob.core.windows.net/hphc/2026-09-01_A027-P1_in-network-rates.zip,1,PPO - LP,group; individual,0,1,108622196,"Sun, 06 Sep 2026 05:01:35 GMT",application/zip,,HEAD,200,
Harvard Pilgrim Health Care,in-network file,https://eusprdtransparencymrfp32.blob.core.windows.net/hphc/2026-09-01_A031-FS_in-network-rates.zip,4,Admiral Packaging Inc - HPHC Insurance Company PPO | Husson University - HPHC Insurance Company PPO | Saint Joseph's College - HPHC Insurance Company PPO | THE ARC OF BLACKSTONE VALLEY - HPHC Insurance Company PPO,group,0,4,108582086,"Sun, 06 Sep 2026 05:01:34 GMT",application/zip,,HEAD,200,
Harvard Pilgrim Health Care,in-network file,https://eusprdtransparencymrfp32.blob.core.windows.net/hphc/2026-09-01_A031-P1_in-network-rates.zip,1,HPHC Insurance Company PPO,group; individual,0,1,108648951,"Sun, 06 Sep 2026 05:01:36 GMT",application/zip,,HEAD,200,
Harvard Pilgrim Health Care,in-network file,https://eusprdtransparencymrfp32.blob.core.windows.net/hphc/2026-09-01_A035-P1_in-network-rates.zip,2,ElevateHealth HMO,group; individual,1,0,111070035,"Sun, 06 Sep 2026 05:01:35 GMT",application/zip,,HEAD,200,
Harvard Pilgrim Health Care,in-network file,https://eusprdtransparencymrfp32.blob.core.windows.net/hphc/2026-09-01_A043-FS_in-network-rates.zip,1,Harvard Pilgrim Health Care - House Acct - ElevateHealth HMO HSA,group,1,0,110423716,"Sun, 06 Sep 2026 05:01:36 GMT",application/zip,,HEAD,200,
Harvard Pilgrim Health Care,in-network file,https://eusprdtransparencymrfp32.blob.core.windows.net/hphc/2026-09-01_A043-P1_in-network-rates.zip,1,ElevateHealth HMO HSA,group; individual,1,0,111053595,"Sun, 06 Sep 2026 05:01:36 GMT",application/zip,,HEAD,200,
Harvard Pilgrim Health Care,in-network file,https://eusprdtransparencymrfp32.blob.core.windows.net/hphc/2026-09-01_A061-P1_in-network-rates.zip,2,ElevateHealth Options,group; individual,1,0,111088276,"Sun, 06 Sep 2026 05:01:36 GMT",application/zip,,HEAD,200,
Harvard Pilgrim Health Care,in-network file,https://eusprdtransparencymrfp32.blob.core.windows.net/hphc/2026-09-01_A067-P1_in-network-rates.zip,2,HMO - Flex,group; individual,1,0,109370647,"Sun, 06 Sep 2026 05:01:34 GMT",application/zip,,HEAD,200,
Harvard Pilgrim Health Care,in-network file,https://eusprdtransparencymrfp32.blob.core.windows.net/hphc/2026-09-01_A068-P1_in-network-rates.zip,2,PPO - Flex,group; individual,1,1,108650592,"Sun, 06 Sep 2026 05:01:35 GMT",application/zip,,HEAD,200,
Harvard Pilgrim Health Care,in-network file,https://eusprdtransparencymrfp32.blob.core.windows.net/hphc/2026-09-01_A074-FS_in-network-rates.zip,1,HMFP - HMFP/LSP Choice Network,group,0,1,109110204,"Sun, 06 Sep 2026 05:01:35 GMT",application/zip,,HEAD,200,
Harvard Pilgrim Health Care,in-network file,https://eusprdtransparencymrfp32.blob.core.windows.net/hphc/2026-09-01_A075-P1_in-network-rates.zip,1,POS - LP,group; individual,1,0,109426019,"Sun, 06 Sep 2026 05:01:34 GMT",application/zip,,HEAD,200,
Harvard Pilgrim Health Care,in-network file,https://eusprdtransparencymrfp32.blob.core.windows.net/hphc/2026-09-01_A077-FS_in-network-rates.zip,1,Beth Israel Lahey Health (BILH) - BILH Domestic and Community HMO,group,0,1,109665457,"Sun, 06 Sep 2026 05:01:35 GMT",application/zip,,HEAD,200,
Harvard Pilgrim Health Care,in-network file,https://eusprdtransparencymrfp32.blob.core.windows.net/hphc/2026-09-01_A078-FS_in-network-rates.zip,1,Beth Israel Lahey Health (BILH) - BILH HMO Plus,group,0,1,109650348,"Sun, 06 Sep 2026 05:01:36 GMT",application/zip,,HEAD,200,
Harvard Pilgrim Health Care,in-network file,https://eusprdtransparencymrfp32.blob.core.windows.net/hphc/2026-09-01_A079-FS_in-network-rates.zip,1,Beth Israel Lahey Health (BILH) - BILH Tiered POS,group,0,1,109606717,"Sun, 06 Sep 2026 05:01:36 GMT",application/zip,,HEAD,200,
Harvard Pilgrim Health Care,in-network file,https://eusprdtransparencymrfp32.blob.core.windows.net/hphc/2026-09-01_A081-FS_in-network-rates.zip,1,Husson University - Maines Choice Plus HMO,group,0,1,108960621,"Sun, 06 Sep 2026 05:01:35 GMT",application/zip,,HEAD,200,
Harvard Pilgrim Health Care,in-network file,https://eusprdtransparencymrfp32.blob.core.windows.net/hphc/2026-09-01_A081-P1_in-network-rates.zip,2,Maines Choice Plus HMO,group; individual,1,0,109484337,"Sun, 06 Sep 2026 05:01:34 GMT",application/zip,,HEAD,200,
Harvard Pilgrim Health Care,in-network file,https://eusprdtransparencymrfp32.blob.core.windows.net/hphc/2026-09-01_A087-P1_in-network-rates.zip,2,NH Local Choice HMO,group; individual,1,0,120588068,"Sun, 06 Sep 2026 05:01:36 GMT",application/zip,,HEAD,200,
Harvard Pilgrim Health Care,in-network file,https://eusprdtransparencymrfp32.blob.core.windows.net/hphc/2026-09-01_A088-P1_in-network-rates.zip,2,NH Local HMO,group; individual,1,0,120586497,"Sun, 06 Sep 2026 05:01:35 GMT",application/zip,,HEAD,200,
Harvard Pilgrim Health Care,in-network file,https://eusprdtransparencymrfp32.blob.core.windows.net/hphc/2026-09-01_A089-FS_in-network-rates.zip,1,GROUP INSURANCE COMMISSION - Harvard Pilgrim Quality HMO,group,0,1,109009565,"Sun, 06 Sep 2026 05:01:35 GMT",application/zip,,HEAD,200,
Harvard Pilgrim Health Care,in-network file,https://eusprdtransparencymrfp32.blob.core.windows.net/hphc/2026-09-01_A090-FS_in-network-rates.zip,1,GROUP INSURANCE COMMISSION - Harvard Pilgrim Explorer POS,group,0,1,108272233,"Sun, 06 Sep 2026 05:01:35 GMT",application/zip,,HEAD,200,
Harvard Pilgrim Health Care,in-network file,https://eusprdtransparencymrfp32.blob.core.windows.net/hphc/2026-09-01_A091-FS_in-network-rates.zip,1,SALVE REGINA UNIVERSITY - Ocean State Access America,group,0,1,108638020,"Sun, 06 Sep 2026 05:01:34 GMT",application/zip,,HEAD,200,
Harvard Pilgrim Health Care,in-network file,https://eusprdtransparencymrfp32.blob.core.windows.net/hphc/2026-09-01_A091-P1_in-network-rates.zip,1,Ocean State Access America,group; individual,0,1,108582991,"Sun, 06 Sep 2026 05:01:33 GMT",application/zip,,HEAD,200,
Harvard Pilgrim Health Care,in-network file,https://eusprdtransparencymrfp32.blob.core.windows.net/hphc/2026-09-01_A092-FS_in-network-rates.zip,1,"CAPE COD HEALTHCARE, INC. - CCHC DPO-GEO Plan (POS)",group,0,1,108962958,"Sun, 06 Sep 2026 05:01:35 GMT",application/zip,,HEAD,200,
Harvard Pilgrim Health Care,in-network file,https://eusprdtransparencymrfp32.blob.core.windows.net/hphc/2026-09-01_A093-FS_in-network-rates.zip,1,"CAPE COD HEALTHCARE, INC. - CCHC Out-of-Area Plan (PPO)",group,0,1,108556685,"Sun, 06 Sep 2026 05:01:34 GMT",application/zip,,HEAD,200,
Harvard Pilgrim Health Care,in-network file,https://eusprdtransparencymrfp32.blob.core.windows.net/hphc/2026-09-01_A094-P1_in-network-rates.zip,4,PPO Access,group; individual,0,1,108638155,"Sun, 06 Sep 2026 05:01:36 GMT",application/zip,,HEAD,200,
Harvard Pilgrim Health Care,in-network file,https://eusprdtransparencymrfp32.blob.core.windows.net/hphc/2026-09-01_A095-P1_in-network-rates.zip,4,PPO Access - Flex,group; individual,1,1,108669141,"Sun, 06 Sep 2026 05:01:35 GMT",application/zip,,HEAD,200,
Harvard Pilgrim Health Care,in-network file,https://eusprdtransparencymrfp32.blob.core.windows.net/hphc/2026-09-01_A096-P1_in-network-rates.zip,1,PPO Access - LP,group; individual,0,1,108602254,"Sun, 06 Sep 2026 05:01:34 GMT",application/zip,,HEAD,200,
Harvard Pilgrim Health Care,in-network file,https://eusprdtransparencymrfp32.blob.core.windows.net/hphc/2026-09-01_A097-FS_in-network-rates.zip,1,CLERGY MEDICAL HOSPITALIZATION PLAN - Clergy POS,group,0,1,108981403,"Sun, 06 Sep 2026 05:01:36 GMT",application/zip,,HEAD,200,
Harvard Pilgrim Health Care,in-network file,https://eusprdtransparencymrfp32.blob.core.windows.net/hphc/2026-09-01_A098-FS_in-network-rates.zip,1,"CAPE COD HEALTHCARE, INC. - CCHC DPO Plan (POS)",group,0,1,108978884,"Sun, 06 Sep 2026 05:01:36 GMT",application/zip,,HEAD,200,
Harvard Pilgrim Health Care,in-network file,https://eusprdtransparencymrfp32.blob.core.windows.net/hphc/2026-09-01_A099-FS_in-network-rates.zip,3,Beth Israel Lahey Health (BILH) - BILH Network Premier HMO | Exeter Health Resources - BILH Network Premier HMO | JOSLIN DIABETES CENTER - BILH Network Premier HMO,group,0,3,109852954,"Sun, 06 Sep 2026 05:01:35 GMT",application/zip,,HEAD,200,
Harvard Pilgrim Health Care,in-network file,https://eusprdtransparencymrfp32.blob.core.windows.net/hphc/2026-09-01_A100-FS_in-network-rates.zip,3,Beth Israel Lahey Health (BILH) - BILH Flex Network HMO | Exeter Health Resources - BILH Flex Network HMO | JOSLIN DIABETES CENTER - BILH Flex Network HMO,group,0,3,109731354,"Sun, 06 Sep 2026 05:01:36 GMT",application/zip,,HEAD,200,
Harvard Pilgrim Health Care,in-network file,https://eusprdtransparencymrfp32.blob.core.windows.net/hphc/2026-09-01_A101-FS_in-network-rates.zip,1,UNITE HERE HEALTHLOCAL 26 - UHH Local 26 Select,group,0,1,108808945,"Sun, 06 Sep 2026 05:01:36 GMT",application/zip,,HEAD,200,
Harvard Pilgrim Health Care,in-network file,https://eusprdtransparencymrfp32.blob.core.windows.net/hphc/2026-09-01_A102-P1_in-network-rates.zip,3,National Access EPO,group; individual,2,0,107975646,"Sun, 06 Sep 2026 05:01:35 GMT",application/zip,,HEAD,200,
Harvard Pilgrim Health Care,dental-network file,https://eusprdtransparencymrfp32.blob.core.windows.net/hphc/2026-09-01_Harvard-Pilgrim_Dental_0379_in-network-rates.zip,8,Focus Network - MA HMO | HMO | HMO - Flex | Maines Choice Plus HMO | National Access EPO,group; individual,1,0,,,application/xml,,RANGE,404,
Harvard Pilgrim Health Care,dental-network file,https://eusprdtransparencymrfp32.blob.core.windows.net/hphc/2026-09-01_Harvard-Pilgrim_Dental_0380_in-network-rates.zip,6,ElevateHealth HMO | ElevateHealth Options | HMO | HMO - LP | NH Local Choice HMO,group; individual,1,0,,,application/xml,,RANGE,404,
Harvard Pilgrim Health Care,dental-network file,https://eusprdtransparencymrfp32.blob.core.windows.net/hphc/2026-09-01_Harvard-Pilgrim_Dental_0381_in-network-rates.zip,5,PPO Access | PPO Access - Flex | PPO Access - LP,group; individual,0,1,,,application/xml,,RANGE,404,
Tufts Health Plan,Direct NonSubsidized Group in-network-rates,https://eusprdtransparencymrfp32.blob.core.windows.net/thp/2026-09-01_TuftsHealthPublicPlans_DirectNonSubsidizedGroup_in-network-rates.zip,27680,"B210 Direct Gold B210 Non Subsidized SG Darleen Pratt | DNU Direct Silver B370 HSA Non Subsidized SG Home Energy Efficiency Team, Inc. 001 | DO NOT USE | DO NOT USE Direct Bronze B400 Non Subsidized SG Christian Dumont Real Estate | DO NOT USE Direct Gold B200 Non Subsidized SG OZ WINE COMPANY",group,1,0,11654491,"Tue, 01 Sep 2026 13:30:23 GMT",application/octet-stream,,HEAD,200,
Tufts Health Plan,Direct NonSubsidized Individual in-network-rates,https://eusprdtransparencymrfp32.blob.core.windows.net/thp/2026-09-01_TuftsHealthPublicPlans_DirectNonSubsidizedIndividual_in-network-rates.zip,32,Direct Bronze Q400 Non Subsidized | Direct Bronze Q400 Off Exchange | Direct Bronze Q400 SBSB Off-Exchange | Direct Bronze Q410 Non Subsidized | Direct Catastrophic Q500,individual,1,0,11650090,"Tue, 01 Sep 2026 13:30:23 GMT",application/octet-stream,,HEAD,200,
Tufts Health Plan,Direct Subsidized Individual in-network-rates,https://eusprdtransparencymrfp32.blob.core.windows.net/thp/2026-09-01_TuftsHealthPublicPlans_DirectSubsidizedIndividual_in-network-rates.zip,39,Direct Bronze Q401 AI/AN Zero | Direct Bronze Q402 AI/AN Reduced Cost Share | Direct Bronze Q403 Subsidized | Direct Bronze Q411 AI/AN Zero | Direct Bronze Q412 AI/AN Reduced Cost Share,individual,1,0,11418100,"Tue, 01 Sep 2026 13:30:23 GMT",application/octet-stream,,HEAD,200,
Blue Cross Blue Shield of Massachusetts,Blue Care Elect Fully Insured In-Network Rates File,https://transparency-in-coverage.bluecrossma.com/2026-09-01_Blue-Cross-and-Blue-Shield-of-Massachusetts-Inc_Blue-Care-Elect-Fully-Insured_in-network-rates.json.gz,131,"	Advantage Blue Preferred EPO $2,000 Deductible - Blue Cross and Blue Shield of Massachusetts, Inc | 	Advantage Blue Preferred EPO Saver $3,000 - Blue Cross and Blue Shield of Massachusetts, Inc | Advantage Blue Pref Ded with Coins 80 - Blue Cross and Blue Shield of Massachusetts, Inc | Advantage Blue Pref Saver with Coins 80 - Blue Cross and Blue Shield of Massachusetts, Inc | Advantage Blue Pref Saver with Coins 90 - Blue Cross and Blue Shield of Massachusetts, Inc",group; individual,1,0,128036791,"Wed, 05 Aug 2026 13:01:34 GMT",application/json,,HEAD,200,
Blue Cross Blue Shield of Massachusetts,Blue Care Elect Self Insured In-Network Rates File,https://transparency-in-coverage.bluecrossma.com/2026-09-01_Blue-Cross-and-Blue-Shield-of-Massachusetts-Inc_Blue-Care-Elect-Self-Insured_Third-Party-in-network-rates.json.gz,689,"Advantage Blue $1500 Deductible 80 Coinsurance - MAPFRE U.S.A. Corp. | Advantage Blue $1500 Deductible 90 Coinsurance - Devoted Health, Inc. | Advantage Blue $2000 Deductible 90 Coinsurance - Duck Creek Technologies | Advantage Blue $500 Deductible 90 Coinsurance - Berkshire Group, LLC | Advantage Blue $750 Deductible 75 Coinsurance - Philips North America",group,1,0,127955078,"Mon, 24 Aug 2026 11:23:16 GMT",application/json,,HEAD,200,
Blue Cross Blue Shield of Massachusetts,Blue Care Elect Self Insured In-Network Rates File,https://transparency-in-coverage.bluecrossma.com/2026-09-01_Blue-Cross-and-Blue-Shield-of-Massachusetts-Inc_Blue-Care-Elect-Self-Insured_in-network-rates.json.gz,18,"Blue Care Elect Preferred 100 with Copay  - DJT - Blue Cross and Blue Shield of Massachusetts, Inc | Blue Care Elect Preferred 100 with Copay  - DNH - Blue Cross and Blue Shield of Massachusetts, Inc | Blue Care Elect Preferred 100 with Copay  - DPN - Blue Cross and Blue Shield of Massachusetts, Inc | Blue Care Elect Preferred 100 with Copay  - DSF - Blue Cross and Blue Shield of Massachusetts, Inc | Blue Care Elect Preferred 100 with Copay  - DWI - Blue Cross and Blue Shield of Massachusetts, Inc",group,1,0,127955221,"Wed, 05 Aug 2026 13:02:37 GMT",application/json,,HEAD,200,
Blue Cross Blue Shield of Massachusetts,Blue High Performance In-Network Rates File,https://transparency-in-coverage.bluecrossma.com/2026-09-01_Blue-Cross-and-Blue-Shield-of-Massachusetts-Inc_Blue-High-Performance_Third-Party-in-network-rates.json.gz,10,"Advantage Blue Perf $1250 Deductible - Hebrew SeniorLife, Inc. | Advantage Blue Perf $3000 Deductible - Agero, Inc. | Advantage Blue Perf $3000 Deductible - Roman Catholic Archdiocese of Boston Health Benefit Trust | Advantage Blue Perf $6000 Deductible - Agero, Inc. | Advantage Blue Perf Ded with Coins 70 - Ocean Spray Cranberries, Inc.",group,1,0,85218695,"Mon, 24 Aug 2026 11:24:17 GMT",application/json,,HEAD,200,
Blue Cross Blue Shield of Massachusetts,HMO Blue Fully Insured In-Network Rates File,https://transparency-in-coverage.bluecrossma.com/2026-09-01_Blue-Cross-and-Blue-Shield-of-Massachusetts-Inc_HMO-Blue-Fully-Insured_in-network-rates.json.gz,33,"HMO Blue Basic - Blue Cross and Blue Shield of Massachusetts, Inc | HMO Blue Basic Deductible - Blue Cross and Blue Shield of Massachusetts, Inc | HMO Blue Basic II - Blue Cross and Blue Shield of Massachusetts, Inc | HMO Blue Copayment - Blue Cross and Blue Shield of Massachusetts, Inc | HMO Blue Deductible with Copayment - Blue Cross and Blue Shield of Massachusetts, Inc",group; individual,1,0,128061514,"Wed, 05 Aug 2026 13:04:34 GMT",application/json,,HEAD,200,
Blue Cross Blue Shield of Massachusetts,HMO Blue Self Insured In-Network Rates File,https://transparency-in-coverage.bluecrossma.com/2026-09-01_Blue-Cross-and-Blue-Shield-of-Massachusetts-Inc_HMO-Blue-Self-Insured_Third-Party-in-network-rates.json.gz,112,"Blue Choice Plan 2 $20 Copay - Plymouth, Town of | Blue Choice Plan 2 $25 Copay w/o Rx  - XXS - Harvard University - HUGHP | Blue Choice Plan 2 $40 Copay w/o Rx  - XXS - Harvard University - HUGHP | Blue Choice Plan 2 w/o Copay - Mass Bay Health Care Trust | Network Blue $0 Deductible - Everett, City of",group,1,0,128047600,"Mon, 24 Aug 2026 11:25:47 GMT",application/json,,HEAD,200,
Blue Cross Blue Shield of Massachusetts,New England Managed Care Fully Insured In-Network Rates File,https://transparency-in-coverage.bluecrossma.com/2026-09-01_Blue-Cross-and-Blue-Shield-of-Massachusetts-Inc_New-England-Managed-Care-Fully-Insured_in-network-rates.json.gz,100,"Access Blue NE Basic $2000 Deductible - Blue Cross and Blue Shield of Massachusetts, Inc | Access Blue NE Basic Saver $2000 Deductible - Blue Cross and Blue Shield of Massachusetts, Inc | Access Blue NE Basic Saver $3000 Deductible - Blue Cross and Blue Shield of Massachusetts, Inc | Access Blue NE Basic Saver $3300 Deductible - Blue Cross and Blue Shield of Massachusetts, Inc | Access Blue NE Basic Saver $3400 Deductible - Blue Cross and Blue Shield of Massachusetts, Inc",group; individual,1,0,132997799,"Wed, 05 Aug 2026 13:06:45 GMT",application/json,,HEAD,200,
Blue Cross Blue Shield of Massachusetts,New England Managed Care Self Insured In-Network Rates File,https://transparency-in-coverage.bluecrossma.com/2026-09-01_Blue-Cross-and-Blue-Shield-of-Massachusetts-Inc_New-England-Managed-Care-Self-Insured_Third-Party-in-network-rates.json.gz,408,"Access Blue NE Basic Saver $3000 Deductible - Agawam, Town of | Access Blue NE Basic Saver $3000 Deductible - Granite City Electric Supply | Access Blue NE Basic Saver $3000 Deductible - West Springfield, Town of | Access Blue NE Basic Saver $3300 Deductible - Cimetrics, Inc. | Access Blue NE Basic Saver $3300 Deductible - GFM Enterprises",group,1,0,133295161,"Mon, 24 Aug 2026 11:27:12 GMT",application/json,,HEAD,200,
Blue Cross Blue Shield of Massachusetts,PAR Providers In-Network Rates File,https://transparency-in-coverage.bluecrossma.com/2026-09-01_Blue-Cross-and-Blue-Shield-of-Massachusetts-Inc_PAR-Providers_Third-Party-in-network-rates.json.gz,20,"Carve Out A & B - Beverly, City of | Carve Out A & B - National Grid | Carve Out A & B - Waltham, City of | Comprehensive Major Medical $200 - National Grid | Comprehensive Major Medical $400 - Philips North America",group,1,0,128059756,"Mon, 24 Aug 2026 11:28:34 GMT",application/json,,HEAD,200,
Blue Cross Blue Shield of Massachusetts,PAR Providers In-Network Rates File,https://transparency-in-coverage.bluecrossma.com/2026-09-01_Blue-Cross-and-Blue-Shield-of-Massachusetts-Inc_PAR-Providers_in-network-rates.json.gz,2,"Master Health Plus - Blue Cross and Blue Shield of Massachusetts, Inc | Master Medical - Blue Cross and Blue Shield of Massachusetts, Inc",group,1,0,128059732,"Wed, 05 Aug 2026 13:08:56 GMT",application/json,,HEAD,200,
Harvard Pilgrim Health Care,national-network file,https://transparency-in-coverage.uhc.com/api/v1/uhc/blobs/download/2026-09-01/2026-09-01_UMR--Inc-_Third-Party-Administrator_HPHC-FIVE-STATES_UNITEDHEALTHCARE-OPTIONS-PPO_-S_UCOQ_in-network-rates.json.gz,76,ASSUMPTION UNIVERSITY - Harvard Pilgrim PPO | Admiral Packaging Inc - HPHC Insurance Company PPO | BENTLEY UNIVERSITY - Best Buy PPO HSA | BOSTON COLLEGE - Harvard Pilgrim PPO | BRANDEIS UNIVERSITY - Harvard Pilgrim PPO,group; individual,1,50,10788566023,"Wed, 26 Aug 2026 13:00:51 GMT",application/octet-stream,,HEAD,200,
Harvard Pilgrim Health Care,national-network file,https://transparency-in-coverage.uhc.com/api/v1/uhc/blobs/download/2026-09-01/2026-09-01_UMR--Inc-_Third-Party-Administrator_HPHC-THREE-STATES_UNITEDHEALTHCARE-CHOICE-PLUS_-R_UCCH_in-network-rates.json.gz,20,"Access America | BERKLEE COLLEGE OF MUSIC, INC. - Access America | Dudley-Charlton Reg Schl Dist - Access America | GROUP INSURANCE COMMISSION - Access America | Harvard Pilgrim Health Care - House Acct - Access America",group; individual,0,20,10552558179,"Wed, 26 Aug 2026 12:14:58 GMT",application/octet-stream,,HEAD,200,
