payer,role,toc_url,entity,entity_type,structures,plan_rows,in_network_links,seconds,error
Harvard Pilgrim Health Care,primary,https://eusprdtransparencymrfp32.blob.core.windows.net/hphc/2026-09-01_Harvard-Pilgrim-Health-Care-Inc-HPHC_index.json,Harvard Pilgrim Health Care Inc.,HEALTH INSURANCE ISSUER,40,40,70,0.1,
Harvard Pilgrim Health Care,primary,https://eusprdtransparencymrfp32.blob.core.windows.net/hphc/2026-09-01_Harvard-Pilgrim-Health-Care-House-Acct-HPHC_index.json,Harvard Pilgrim Health Care Inc.,THIRD PARTY ADMINISTRATOR,3,3,3,0.0,
Harvard Pilgrim Health Care,primary,https://eusprdtransparencymrfp32.blob.core.windows.net/hphc/2026-09-01_Harvard-Pilgrim-Health-Care-House-Acct-HPHCNE_index.json,Harvard Pilgrim Health Care of New England,THIRD PARTY ADMINISTRATOR,1,1,1,0.0,
Harvard Pilgrim Health Care,primary,https://eusprdtransparencymrfp32.blob.core.windows.net/hphc/2026-09-01_Harvard-Pilgrim-Health-Care-of-New-England-HPHCNE_index.json,Harvard Pilgrim Health Care of New England,HEALTH INSURANCE ISSUER,36,36,48,0.0,
Tufts Health Plan,primary,https://eusprdtransparencymrfp32.blob.core.windows.net/thp/2026-09-01_TuftsHealthPublicPlansInc_index.json,"Tufts Health Public Plans, Inc.",Health Insurance Issuer,3,27751,3,0.3,
Harvard Pilgrim Health Care,employer,https://eusprdtransparencymrfp32.blob.core.windows.net/hphc/2026-09-01_ASSUMPTION-UNIVERSITY-HPHC_index.json,Harvard Pilgrim Health Care Inc.,THIRD PARTY ADMINISTRATOR,3,3,3,0.0,
Harvard Pilgrim Health Care,employer,https://eusprdtransparencymrfp32.blob.core.windows.net/hphc/2026-09-01_ASSUMPTION-UNIVERSITY-HPIC_index.json,Harvard Pilgrim Health Care Inc.,THIRD PARTY ADMINISTRATOR,1,1,2,0.0,
Harvard Pilgrim Health Care,employer,https://eusprdtransparencymrfp32.blob.core.windows.net/hphc/2026-09-01_Admiral-Packaging-Inc-HPIC_index.json,Harvard Pilgrim Health Care Inc.,THIRD PARTY ADMINISTRATOR,1,1,2,0.0,
Harvard Pilgrim Health Care,employer,https://eusprdtransparencymrfp32.blob.core.windows.net/hphc/2026-09-01_BENTLEY-UNIVERSITY-HPHC_index.json,Harvard Pilgrim Health Care Inc.,THIRD PARTY ADMINISTRATOR,1,1,1,0.0,
Harvard Pilgrim Health Care,employer,https://eusprdtransparencymrfp32.blob.core.windows.net/hphc/2026-09-01_BENTLEY-UNIVERSITY-HPIC_index.json,Harvard Pilgrim Health Care Inc.,THIRD PARTY ADMINISTRATOR,1,1,2,0.0,
Harvard Pilgrim Health Care,employer,https://eusprdtransparencymrfp32.blob.core.windows.net/hphc/2026-09-01_BERKLEE-COLLEGE-OF-MUSIC-INC-HPHC_index.json,Harvard Pilgrim Health Care Inc.,THIRD PARTY ADMINISTRATOR,1,1,1,0.0,
Harvard Pilgrim Health Care,employer,https://eusprdtransparencymrfp32.blob.core.windows.net/hphc/2026-09-01_BERKLEE-COLLEGE-OF-MUSIC-INC-HPIC_index.json,Harvard Pilgrim Health Care Inc.,THIRD PARTY ADMINISTRATOR,1,1,2,0.0,
Harvard Pilgrim Health Care,employer,https://eusprdtransparencymrfp32.blob.core.windows.net/hphc/2026-09-01_BOSTON-COLLEGE-HPHC_index.json,Harvard Pilgrim Health Care Inc.,THIRD PARTY ADMINISTRATOR,1,1,1,0.0,
Harvard Pilgrim Health Care,employer,https://eusprdtransparencymrfp32.blob.core.windows.net/hphc/2026-09-01_BOSTON-COLLEGE-HPIC_index.json,Harvard Pilgrim Health Care Inc.,THIRD PARTY ADMINISTRATOR,1,1,2,0.0,
Harvard Pilgrim Health Care,employer,https://eusprdtransparencymrfp32.blob.core.windows.net/hphc/2026-09-01_BRANDEIS-UNIVERSITY-HPHC_index.json,Harvard Pilgrim Health Care Inc.,THIRD PARTY ADMINISTRATOR,2,2,2,0.0,
Harvard Pilgrim Health Care,employer,https://eusprdtransparencymrfp32.blob.core.windows.net/hphc/2026-09-01_BRANDEIS-UNIVERSITY-HPIC_index.json,Harvard Pilgrim Health Care Inc.,THIRD PARTY ADMINISTRATOR,1,1,2,0.0,
Harvard Pilgrim Health Care,employer,https://eusprdtransparencymrfp32.blob.core.windows.net/hphc/2026-09-01_Beth-Israel-Lahey-Health-BILH-HPHC_index.json,Harvard Pilgrim Health Care Inc.,THIRD PARTY ADMINISTRATOR,6,6,7,0.0,
Harvard Pilgrim Health Care,employer,https://eusprdtransparencymrfp32.blob.core.windows.net/hphc/2026-09-01_Beth-Israel-Lahey-Health-BILH-HPIC_index.json,Harvard Pilgrim Health Care Inc.,THIRD PARTY ADMINISTRATOR,1,1,2,0.1,
Harvard Pilgrim Health Care,employer,https://eusprdtransparencymrfp32.blob.core.windows.net/hphc/2026-09-01_Brooke-Charter-School-HPHC_index.json,Harvard Pilgrim Health Care Inc.,THIRD PARTY ADMINISTRATOR,2,2,2,0.0,
Harvard Pilgrim Health Care,employer,https://eusprdtransparencymrfp32.blob.core.windows.net/hphc/2026-09-01_CAPE-COD-HEALTHCARE-INC-HPHC_index.json,Harvard Pilgrim Health Care Inc.,THIRD PARTY ADMINISTRATOR,2,2,4,0.0,
Harvard Pilgrim Health Care,employer,https://eusprdtransparencymrfp32.blob.core.windows.net/hphc/2026-09-01_CAPE-COD-HEALTHCARE-INC-HPIC_index.json,Harvard Pilgrim Health Care Inc.,THIRD PARTY ADMINISTRATOR,1,1,2,0.0,
Harvard Pilgrim Health Care,employer,https://eusprdtransparencymrfp32.blob.core.windows.net/hphc/2026-09-01_CCMHG-Cape-Cod-Municipal-Health-Group-HPHC_index.json,Harvard Pilgrim Health Care Inc.,THIRD PARTY ADMINISTRATOR,2,2,2,0.0,
Harvard Pilgrim Health Care,employer,https://eusprdtransparencymrfp32.blob.core.windows.net/hphc/2026-09-01_CCMHG-Cape-Cod-Municipal-Health-Group-HPIC_index.json,Harvard Pilgrim Health Care Inc.,THIRD PARTY ADMINISTRATOR,2,2,4,0.0,
Harvard Pilgrim Health Care,employer,https://eusprdtransparencymrfp32.blob.core.windows.net/hphc/2026-09-01_CITY-OF-BEVERLY-HPHC_index.json,Harvard Pilgrim Health Care Inc.,THIRD PARTY ADMINISTRATOR,1,1,1,0.0,
Harvard Pilgrim Health Care,employer,https://eusprdtransparencymrfp32.blob.core.windows.net/hphc/2026-09-01_CITY-OF-BROCKTON-HPHC_index.json,Harvard Pilgrim Health Care Inc.,THIRD PARTY ADMINISTRATOR,1,1,1,0.0,
Harvard Pilgrim Health Care,employer,https://eusprdtransparencymrfp32.blob.core.windows.net/hphc/2026-09-01_CITY-OF-CAMBRIDGE-HPHC_index.json,Harvard Pilgrim Health Care Inc.,THIRD PARTY ADMINISTRATOR,1,1,1,0.0,
Harvard Pilgrim Health Care,employer,https://eusprdtransparencymrfp32.blob.core.windows.net/hphc/2026-09-01_CITY-OF-CHELSEA-HPHC_index.json,Harvard Pilgrim Health Care Inc.,THIRD PARTY ADMINISTRATOR,1,1,1,0.0,
Harvard Pilgrim Health Care,employer,https://eusprdtransparencymrfp32.blob.core.windows.net/hphc/2026-09-01_CITY-OF-CHELSEA-HPIC_index.json,Harvard Pilgrim Health Care Inc.,THIRD PARTY ADMINISTRATOR,1,1,2,0.0,
Harvard Pilgrim Health Care,employer,https://eusprdtransparencymrfp32.blob.core.windows.net/hphc/2026-09-01_CITY-OF-EVERETT-HPHC_index.json,Harvard Pilgrim Health Care Inc.,THIRD PARTY ADMINISTRATOR,1,1,1,0.0,
Harvard Pilgrim Health Care,employer,https://eusprdtransparencymrfp32.blob.core.windows.net/hphc/2026-09-01_CITY-OF-LYNN-HPHC_index.json,Harvard Pilgrim Health Care Inc.,THIRD PARTY ADMINISTRATOR,1,1,1,0.0,
Harvard Pilgrim Health Care,employer,https://eusprdtransparencymrfp32.blob.core.windows.net/hphc/2026-09-01_CITY-OF-LYNN-HPIC_index.json,Harvard Pilgrim Health Care Inc.,THIRD PARTY ADMINISTRATOR,1,1,2,0.0,
Harvard Pilgrim Health Care,employer,https://eusprdtransparencymrfp32.blob.core.windows.net/hphc/2026-09-01_CITY-OF-MARLBOROUGH-HPHC_index.json,Harvard Pilgrim Health Care Inc.,THIRD PARTY ADMINISTRATOR,2,2,2,0.0,
Harvard Pilgrim Health Care,employer,https://eusprdtransparencymrfp32.blob.core.windows.net/hphc/2026-09-01_CITY-OF-MARLBOROUGH-HPIC_index.json,Harvard Pilgrim Health Care Inc.,THIRD PARTY ADMINISTRATOR,1,1,2,0.0,
Harvard Pilgrim Health Care,employer,https://eusprdtransparencymrfp32.blob.core.windows.net/hphc/2026-09-01_CITY-OF-REVERE-HPHC_index.json,Harvard Pilgrim Health Care Inc.,THIRD PARTY ADMINISTRATOR,1,1,1,0.0,
Harvard Pilgrim Health Care,employer,https://eusprdtransparencymrfp32.blob.core.windows.net/hphc/2026-09-01_CITY-OF-WALTHAM-HPHC_index.json,Harvard Pilgrim Health Care Inc.,THIRD PARTY ADMINISTRATOR,1,1,1,0.0,
Harvard Pilgrim Health Care,employer,https://eusprdtransparencymrfp32.blob.core.windows.net/hphc/2026-09-01_CITY-OF-WORCESTER-HPHC_index.json,Harvard Pilgrim Health Care Inc.,THIRD PARTY ADMINISTRATOR,3,3,3,0.0,
Harvard Pilgrim Health Care,employer,https://eusprdtransparencymrfp32.blob.core.windows.net/hphc/2026-09-01_CLARK-UNIVERSITY-HPHC_index.json,Harvard Pilgrim Health Care Inc.,THIRD PARTY ADMINISTRATOR,2,2,2,0.0,
Harvard Pilgrim Health Care,employer,https://eusprdtransparencymrfp32.blob.core.windows.net/hphc/2026-09-01_CLARK-UNIVERSITY-HPIC_index.json,Harvard Pilgrim Health Care Inc.,THIRD PARTY ADMINISTRATOR,2,2,4,0.0,
Harvard Pilgrim Health Care,employer,https://eusprdtransparencymrfp32.blob.core.windows.net/hphc/2026-09-01_CLERGY-MEDICAL-HOSPITALIZATION-PLAN-HPHC_index.json,Harvard Pilgrim Health Care Inc.,THIRD PARTY ADMINISTRATOR,1,1,2,0.0,
Harvard Pilgrim Health Care,employer,https://eusprdtransparencymrfp32.blob.core.windows.net/hphc/2026-09-01_Cramer-Production-Company-Inc-HPIC_index.json,Harvard Pilgrim Health Care Inc.,THIRD PARTY ADMINISTRATOR,1,1,2,0.0,
Harvard Pilgrim Health Care,employer,https://eusprdtransparencymrfp32.blob.core.windows.net/hphc/2026-09-01_DEAN-COLLEGE-HPHC_index.json,Harvard Pilgrim Health Care Inc.,THIRD PARTY ADMINISTRATOR,2,2,2,0.0,
Harvard Pilgrim Health Care,employer,https://eusprdtransparencymrfp32.blob.core.windows.net/hphc/2026-09-01_DEAN-COLLEGE-HPIC_index.json,Harvard Pilgrim Health Care Inc.,THIRD PARTY ADMINISTRATOR,1,1,2,0.0,
Harvard Pilgrim Health Care,employer,https://eusprdtransparencymrfp32.blob.core.windows.net/hphc/2026-09-01_Dudley-Charlton-Reg-Schl-Dist-HPIC_index.json,Harvard Pilgrim Health Care Inc.,THIRD PARTY ADMINISTRATOR,1,1,2,0.0,
Harvard Pilgrim Health Care,employer,https://eusprdtransparencymrfp32.blob.core.windows.net/hphc/2026-09-01_EMERSON-COLLEGE-HPHC_index.json,Harvard Pilgrim Health Care Inc.,THIRD PARTY ADMINISTRATOR,1,1,1,0.0,
Harvard Pilgrim Health Care,employer,https://eusprdtransparencymrfp32.blob.core.windows.net/hphc/2026-09-01_EMERSON-COLLEGE-HPIC_index.json,Harvard Pilgrim Health Care Inc.,THIRD PARTY ADMINISTRATOR,2,2,4,0.0,
Harvard Pilgrim Health Care,employer,https://eusprdtransparencymrfp32.blob.core.windows.net/hphc/2026-09-01_EXCEL-ACADEMY-CHARTER-SCHOOL-HPHC_index.json,Harvard Pilgrim Health Care Inc.,THIRD PARTY ADMINISTRATOR,2,2,2,0.0,
Harvard Pilgrim Health Care,employer,https://eusprdtransparencymrfp32.blob.core.windows.net/hphc/2026-09-01_EXCEL-ACADEMY-CHARTER-SCHOOL-HPIC_index.json,Harvard Pilgrim Health Care Inc.,THIRD PARTY ADMINISTRATOR,1,1,2,0.0,
Harvard Pilgrim Health Care,employer,https://eusprdtransparencymrfp32.blob.core.windows.net/hphc/2026-09-01_Exeter-Health-Resources-HPHC_index.json,Harvard Pilgrim Health Care Inc.,THIRD PARTY ADMINISTRATOR,2,2,2,0.0,
Harvard Pilgrim Health Care,employer,https://eusprdtransparencymrfp32.blob.core.windows.net/hphc/2026-09-01_Exeter-Health-Resources-HPIC_index.json,Harvard Pilgrim Health Care Inc.,THIRD PARTY ADMINISTRATOR,1,1,2,0.0,
Harvard Pilgrim Health Care,employer,https://eusprdtransparencymrfp32.blob.core.windows.net/hphc/2026-09-01_FRANKLIN-W-OLIN-COLLEGE-OF-ENGINEERING-HPHC_index.json,Harvard Pilgrim Health Care Inc.,THIRD PARTY ADMINISTRATOR,2,2,2,0.0,
Harvard Pilgrim Health Care,employer,https://eusprdtransparencymrfp32.blob.core.windows.net/hphc/2026-09-01_FRANKLIN-W-OLIN-COLLEGE-OF-ENGINEERING-HPIC_index.json,Harvard Pilgrim Health Care Inc.,THIRD PARTY ADMINISTRATOR,1,1,2,0.0,
Harvard Pilgrim Health Care,employer,https://eusprdtransparencymrfp32.blob.core.windows.net/hphc/2026-09-01_Fallon-Health-Plan-HPHC_index.json,Harvard Pilgrim Health Care Inc.,THIRD PARTY ADMINISTRATOR,2,2,2,0.0,
Harvard Pilgrim Health Care,employer,https://eusprdtransparencymrfp32.blob.core.windows.net/hphc/2026-09-01_Fallon-Health-Plan-HPIC_index.json,Harvard Pilgrim Health Care Inc.,THIRD PARTY ADMINISTRATOR,1,1,2,0.0,
Harvard Pilgrim Health Care,employer,https://eusprdtransparencymrfp32.blob.core.windows.net/hphc/2026-09-01_GROUP-INSURANCE-COMMISSION-HPHC_index.json,Harvard Pilgrim Health Care Inc.,THIRD PARTY ADMINISTRATOR,2,2,3,0.0,
Harvard Pilgrim Health Care,employer,https://eusprdtransparencymrfp32.blob.core.windows.net/hphc/2026-09-01_GROUP-INSURANCE-COMMISSION-HPIC_index.json,Harvard Pilgrim Health Care Inc.,THIRD PARTY ADMINISTRATOR,1,1,2,0.0,
Harvard Pilgrim Health Care,employer,https://eusprdtransparencymrfp32.blob.core.windows.net/hphc/2026-09-01_Grappone-Management-Company-Inc-HPIC_index.json,Harvard Pilgrim Health Care Inc.,THIRD PARTY ADMINISTRATOR,1,1,2,0.0,
Harvard Pilgrim Health Care,employer,https://eusprdtransparencymrfp32.blob.core.windows.net/hphc/2026-09-01_HMFP-HPHC_index.json,Harvard Pilgrim Health Care Inc.,THIRD PARTY ADMINISTRATOR,1,1,2,0.0,
Harvard Pilgrim Health Care,employer,https://eusprdtransparencymrfp32.blob.core.windows.net/hphc/2026-09-01_HMFP-HPIC_index.json,Harvard Pilgrim Health Care Inc.,THIRD PARTY ADMINISTRATOR,1,1,2,0.0,
Harvard Pilgrim Health Care,employer,https://eusprdtransparencymrfp32.blob.core.windows.net/hphc/2026-09-01_HPHC-Insurance-Company-HPIC_index.json,Harvard Pilgrim Health Care Inc.,HEALTH INSURANCE ISSUER,28,28,64,0.0,
Harvard Pilgrim Health Care,employer,https://eusprdtransparencymrfp32.blob.core.windows.net/hphc/2026-09-01_Harvard-Pilgrim-Health-Care-House-Acct-HPIC_index.json,Harvard Pilgrim Health Care Inc.,THIRD PARTY ADMINISTRATOR,2,2,4,0.0,
Harvard Pilgrim Health Care,employer,https://eusprdtransparencymrfp32.blob.core.windows.net/hphc/2026-09-01_Husson-University-HPHC_index.json,Harvard Pilgrim Health Care Inc.,THIRD PARTY ADMINISTRATOR,2,2,3,0.0,
Harvard Pilgrim Health Care,employer,https://eusprdtransparencymrfp32.blob.core.windows.net/hphc/2026-09-01_Husson-University-HPIC_index.json,Harvard Pilgrim Health Care Inc.,THIRD PARTY ADMINISTRATOR,2,2,4,0.0,
Harvard Pilgrim Health Care,employer,https://eusprdtransparencymrfp32.blob.core.windows.net/hphc/2026-09-01_JOSLIN-DIABETES-CENTER-HPHC_index.json,Harvard Pilgrim Health Care Inc.,THIRD PARTY ADMINISTRATOR,2,2,2,0.0,
Harvard Pilgrim Health Care,employer,https://eusprdtransparencymrfp32.blob.core.windows.net/hphc/2026-09-01_JOSLIN-DIABETES-CENTER-HPIC_index.json,Harvard Pilgrim Health Care Inc.,THIRD PARTY ADMINISTRATOR,1,1,2,0.0,
Harvard Pilgrim Health Care,employer,https://eusprdtransparencymrfp32.blob.core.windows.net/hphc/2026-09-01_KIPP-ACADEMY-LYNN-HPHC_index.json,Harvard Pilgrim Health Care Inc.,THIRD PARTY ADMINISTRATOR,2,2,2,0.0,
Harvard Pilgrim Health Care,employer,https://eusprdtransparencymrfp32.blob.core.windows.net/hphc/2026-09-01_KIPP-ACADEMY-LYNN-HPIC_index.json,Harvard Pilgrim Health Care Inc.,THIRD PARTY ADMINISTRATOR,1,1,2,0.0,
Harvard Pilgrim Health Care,employer,https://eusprdtransparencymrfp32.blob.core.windows.net/hphc/2026-09-01_LASELL-UNIVERSITY-HPHC_index.json,Harvard Pilgrim Health Care Inc.,THIRD PARTY ADMINISTRATOR,2,2,2,0.0,
Harvard Pilgrim Health Care,employer,https://eusprdtransparencymrfp32.blob.core.windows.net/hphc/2026-09-01_LASELL-UNIVERSITY-HPIC_index.json,Harvard Pilgrim Health Care Inc.,THIRD PARTY ADMINISTRATOR,1,1,2,0.0,
Harvard Pilgrim Health Care,employer,https://eusprdtransparencymrfp32.blob.core.windows.net/hphc/2026-09-01_LESLEY-UNIVERSITY-HPHC_index.json,Harvard Pilgrim Health Care Inc.,THIRD PARTY ADMINISTRATOR,2,2,2,0.0,
Harvard Pilgrim Health Care,employer,https://eusprdtransparencymrfp32.blob.core.windows.net/hphc/2026-09-01_LESLEY-UNIVERSITY-HPIC_index.json,Harvard Pilgrim Health Care Inc.,THIRD PARTY ADMINISTRATOR,1,1,2,0.0,
Harvard Pilgrim Health Care,employer,https://eusprdtransparencymrfp32.blob.core.windows.net/hphc/2026-09-01_MASS-GENERAL-BRIGHAM-HPHC_index.json,Harvard Pilgrim Health Care Inc.,THIRD PARTY ADMINISTRATOR,1,1,1,0.0,
Harvard Pilgrim Health Care,employer,https://eusprdtransparencymrfp32.blob.core.windows.net/hphc/2026-09-01_MATCH-CHARTER-PUBLIC-SCHOOL-HPHC_index.json,Harvard Pilgrim Health Care Inc.,THIRD PARTY ADMINISTRATOR,2,2,2,0.0,
Harvard Pilgrim Health Care,employer,https://eusprdtransparencymrfp32.blob.core.windows.net/hphc/2026-09-01_MATCH-CHARTER-PUBLIC-SCHOOL-HPIC_index.json,Harvard Pilgrim Health Care Inc.,THIRD PARTY ADMINISTRATOR,1,1,2,0.0,
Harvard Pilgrim Health Care,employer,https://eusprdtransparencymrfp32.blob.core.windows.net/hphc/2026-09-01_MAYFLOWER-MUNICIPAL-HEALTH-GROUP-HPHC_index.json,Harvard Pilgrim Health Care Inc.,THIRD PARTY ADMINISTRATOR,3,3,3,0.0,
Harvard Pilgrim Health Care,employer,https://eusprdtransparencymrfp32.blob.core.windows.net/hphc/2026-09-01_MENDON-UPTON-RSD-HPIC_index.json,Harvard Pilgrim Health Care Inc.,THIRD PARTY ADMINISTRATOR,1,1,2,0.0,
Harvard Pilgrim Health Care,employer,https://eusprdtransparencymrfp32.blob.core.windows.net/hphc/2026-09-01_NARRAGANSETT-REGIONAL-SCHOOL-DISTRICT-HPHC_index.json,Harvard Pilgrim Health Care Inc.,THIRD PARTY ADMINISTRATOR,1,1,1,0.0,
Harvard Pilgrim Health Care,employer,https://eusprdtransparencymrfp32.blob.core.windows.net/hphc/2026-09-01_NARRAGANSETT-REGIONAL-SCHOOL-DISTRICT-HPIC_index.json,Harvard Pilgrim Health Care Inc.,THIRD PARTY ADMINISTRATOR,1,1,2,0.0,
Harvard Pilgrim Health Care,employer,https://eusprdtransparencymrfp32.blob.core.windows.net/hphc/2026-09-01_PAINTERS-ALLIED-TRADES-DISTRICT-COUNCIL-NO-35-HPIC_index.json,Harvard Pilgrim Health Care Inc.,THIRD PARTY ADMINISTRATOR,1,1,2,0.0,
Harvard Pilgrim Health Care,employer,https://eusprdtransparencymrfp32.blob.core.windows.net/hphc/2026-09-01_PR-Restaurant-LLC-HPHC_index.json,Harvard Pilgrim Health Care Inc.,THIRD PARTY ADMINISTRATOR,2,2,2,0.0,
Harvard Pilgrim Health Care,employer,https://eusprdtransparencymrfp32.blob.core.windows.net/hphc/2026-09-01_PR-Restaurant-LLC-HPIC_index.json,Harvard Pilgrim Health Care Inc.,THIRD PARTY ADMINISTRATOR,1,1,2,0.0,
Harvard Pilgrim Health Care,employer,https://eusprdtransparencymrfp32.blob.core.windows.net/hphc/2026-09-01_REGIS-COLLEGE-HPHC_index.json,Harvard Pilgrim Health Care Inc.,THIRD PARTY ADMINISTRATOR,2,2,2,0.0,
Harvard Pilgrim Health Care,employer,https://eusprdtransparencymrfp32.blob.core.windows.net/hphc/2026-09-01_REGIS-COLLEGE-HPIC_index.json,Harvard Pilgrim Health Care Inc.,THIRD PARTY ADMINISTRATOR,1,1,2,0.0,
Harvard Pilgrim Health Care,employer,https://eusprdtransparencymrfp32.blob.core.windows.net/hphc/2026-09-01_SALVE-REGINA-UNIVERSITY-HPIC_index.json,Harvard Pilgrim Health Care Inc.,THIRD PARTY ADMINISTRATOR,1,1,1,0.0,
Harvard Pilgrim Health Care,employer,https://eusprdtransparencymrfp32.blob.core.windows.net/hphc/2026-09-01_SCANTIC-VALLEY-REGIONAL-TRUST-HPHC_index.json,Harvard Pilgrim Health Care Inc.,THIRD PARTY ADMINISTRATOR,1,1,1,0.0,
Harvard Pilgrim Health Care,employer,https://eusprdtransparencymrfp32.blob.core.windows.net/hphc/2026-09-01_SUFFOLK-UNIVERSITY-HPHC_index.json,Harvard Pilgrim Health Care Inc.,THIRD PARTY ADMINISTRATOR,1,1,1,0.0,
Harvard Pilgrim Health Care,employer,https://eusprdtransparencymrfp32.blob.core.windows.net/hphc/2026-09-01_SUFFOLK-UNIVERSITY-HPIC_index.json,Harvard Pilgrim Health Care Inc.,THIRD PARTY ADMINISTRATOR,1,1,2,0.0,
Harvard Pilgrim Health Care,employer,https://eusprdtransparencymrfp32.blob.core.windows.net/hphc/2026-09-01_Saint-Joseph-s-College-HPHC_index.json,Harvard Pilgrim Health Care Inc.,THIRD PARTY ADMINISTRATOR,1,1,1,0.0,
Harvard Pilgrim Health Care,employer,https://eusprdtransparencymrfp32.blob.core.windows.net/hphc/2026-09-01_Saint-Joseph-s-College-HPIC_index.json,Harvard Pilgrim Health Care Inc.,THIRD PARTY ADMINISTRATOR,2,2,4,0.0,
Harvard Pilgrim Health Care,employer,https://eusprdtransparencymrfp32.blob.core.windows.net/hphc/2026-09-01_Spencer-East-Brookfield-Regional-School-HPHC_index.json,Harvard Pilgrim Health Care Inc.,THIRD PARTY ADMINISTRATOR,1,1,1,0.0,
Harvard Pilgrim Health Care,employer,https://eusprdtransparencymrfp32.blob.core.windows.net/hphc/2026-09-01_Spencer-East-Brookfield-Regional-School-HPIC_index.json,Harvard Pilgrim Health Care Inc.,THIRD PARTY ADMINISTRATOR,1,1,2,0.0,
Harvard Pilgrim Health Care,employer,https://eusprdtransparencymrfp32.blob.core.windows.net/hphc/2026-09-01_THE-ARC-OF-BLACKSTONE-VALLEY-HPIC_index.json,Harvard Pilgrim Health Care Inc.,THIRD PARTY ADMINISTRATOR,1,1,2,0.0,
Harvard Pilgrim Health Care,employer,https://eusprdtransparencymrfp32.blob.core.windows.net/hphc/2026-09-01_TOWN-OF-ABINGTON-HPHC_index.json,Harvard Pilgrim Health Care Inc.,THIRD PARTY ADMINISTRATOR,1,1,1,0.0,
Harvard Pilgrim Health Care,employer,https://eusprdtransparencymrfp32.blob.core.windows.net/hphc/2026-09-01_TOWN-OF-ABINGTON-HPIC_index.json,Harvard Pilgrim Health Care Inc.,THIRD PARTY ADMINISTRATOR,2,2,4,0.0,
Harvard Pilgrim Health Care,employer,https://eusprdtransparencymrfp32.blob.core.windows.net/hphc/2026-09-01_TOWN-OF-AUBURN-HPHC_index.json,Harvard Pilgrim Health Care Inc.,THIRD PARTY ADMINISTRATOR,1,1,1,0.0,
Harvard Pilgrim Health Care,employer,https://eusprdtransparencymrfp32.blob.core.windows.net/hphc/2026-09-01_TOWN-OF-AUBURN-HPIC_index.json,Harvard Pilgrim Health Care Inc.,THIRD PARTY ADMINISTRATOR,1,1,2,0.0,
Harvard Pilgrim Health Care,employer,https://eusprdtransparencymrfp32.blob.core.windows.net/hphc/2026-09-01_TOWN-OF-BELMONT-HPHC_index.json,Harvard Pilgrim Health Care Inc.,THIRD PARTY ADMINISTRATOR,1,1,1,0.0,
Harvard Pilgrim Health Care,employer,https://eusprdtransparencymrfp32.blob.core.windows.net/hphc/2026-09-01_TOWN-OF-BELMONT-HPIC_index.json,Harvard Pilgrim Health Care Inc.,THIRD PARTY ADMINISTRATOR,1,1,2,0.0,
Harvard Pilgrim Health Care,employer,https://eusprdtransparencymrfp32.blob.core.windows.net/hphc/2026-09-01_TOWN-OF-BILLERICA-HPHC_index.json,Harvard Pilgrim Health Care Inc.,THIRD PARTY ADMINISTRATOR,1,1,1,0.0,
Harvard Pilgrim Health Care,employer,https://eusprdtransparencymrfp32.blob.core.windows.net/hphc/2026-09-01_TOWN-OF-BRAINTREE-HPHC_index.json,Harvard Pilgrim Health Care Inc.,THIRD PARTY ADMINISTRATOR,1,1,1,0.0,
Harvard Pilgrim Health Care,employer,https://eusprdtransparencymrfp32.blob.core.windows.net/hphc/2026-09-01_TOWN-OF-BURLINGTON-HPHC_index.json,Harvard Pilgrim Health Care Inc.,THIRD PARTY ADMINISTRATOR,2,2,2,0.0,
Harvard Pilgrim Health Care,employer,https://eusprdtransparencymrfp32.blob.core.windows.net/hphc/2026-09-01_TOWN-OF-CHARLTON-HPIC_index.json,Harvard Pilgrim Health Care Inc.,THIRD PARTY ADMINISTRATOR,1,1,2,0.0,
Harvard Pilgrim Health Care,employer,https://eusprdtransparencymrfp32.blob.core.windows.net/hphc/2026-09-01_TOWN-OF-DUDLEY-HPIC_index.json,Harvard Pilgrim Health Care Inc.,THIRD PARTY ADMINISTRATOR,1,1,2,0.0,
Harvard Pilgrim Health Care,employer,https://eusprdtransparencymrfp32.blob.core.windows.net/hphc/2026-09-01_TOWN-OF-MILTON-HPHC_index.json,Harvard Pilgrim Health Care Inc.,THIRD PARTY ADMINISTRATOR,1,1,1,0.0,
Harvard Pilgrim Health Care,employer,https://eusprdtransparencymrfp32.blob.core.windows.net/hphc/2026-09-01_TOWN-OF-NORTHBRIDGE-HPHC_index.json,Harvard Pilgrim Health Care Inc.,THIRD PARTY ADMINISTRATOR,1,1,1,0.0,
Harvard Pilgrim Health Care,employer,https://eusprdtransparencymrfp32.blob.core.windows.net/hphc/2026-09-01_TOWN-OF-NORTHBRIDGE-HPIC_index.json,Harvard Pilgrim Health Care Inc.,THIRD PARTY ADMINISTRATOR,1,1,2,0.0,
Harvard Pilgrim Health Care,employer,https://eusprdtransparencymrfp32.blob.core.windows.net/hphc/2026-09-01_TOWN-OF-SALISBURY-HPIC_index.json,Harvard Pilgrim Health Care Inc.,THIRD PARTY ADMINISTRATOR,1,1,2,0.0,
Harvard Pilgrim Health Care,employer,https://eusprdtransparencymrfp32.blob.core.windows.net/hphc/2026-09-01_TOWN-OF-WEBSTER-HPHC_index.json,Harvard Pilgrim Health Care Inc.,THIRD PARTY ADMINISTRATOR,1,1,1,0.0,
Harvard Pilgrim Health Care,employer,https://eusprdtransparencymrfp32.blob.core.windows.net/hphc/2026-09-01_TOWN-OF-WEBSTER-HPIC_index.json,Harvard Pilgrim Health Care Inc.,THIRD PARTY ADMINISTRATOR,2,2,4,0.0,
Harvard Pilgrim Health Care,employer,https://eusprdtransparencymrfp32.blob.core.windows.net/hphc/2026-09-01_TRUSTEES-OF-THE-COLLEGE-OF-THE-HOLY-CROSS-HPHC_index.json,Harvard Pilgrim Health Care Inc.,THIRD PARTY ADMINISTRATOR,2,2,2,0.0,
Harvard Pilgrim Health Care,employer,https://eusprdtransparencymrfp32.blob.core.windows.net/hphc/2026-09-01_TRUSTEES-OF-THE-COLLEGE-OF-THE-HOLY-CROSS-HPIC_index.json,Harvard Pilgrim Health Care Inc.,THIRD PARTY ADMINISTRATOR,1,1,2,0.0,
Harvard Pilgrim Health Care,employer,https://eusprdtransparencymrfp32.blob.core.windows.net/hphc/2026-09-01_Town-of-Bellingham-HPHC_index.json,Harvard Pilgrim Health Care Inc.,THIRD PARTY ADMINISTRATOR,1,1,1,0.0,
Harvard Pilgrim Health Care,employer,https://eusprdtransparencymrfp32.blob.core.windows.net/hphc/2026-09-01_Town-of-Merrimac-HPHC_index.json,Harvard Pilgrim Health Care Inc.,THIRD PARTY ADMINISTRATOR,1,1,1,0.0,
Harvard Pilgrim Health Care,employer,https://eusprdtransparencymrfp32.blob.core.windows.net/hphc/2026-09-01_Town-of-Merrimac-HPIC_index.json,Harvard Pilgrim Health Care Inc.,THIRD PARTY ADMINISTRATOR,2,2,4,0.0,
Harvard Pilgrim Health Care,employer,https://eusprdtransparencymrfp32.blob.core.windows.net/hphc/2026-09-01_Town-of-Plainville-HPIC_index.json,Harvard Pilgrim Health Care Inc.,THIRD PARTY ADMINISTRATOR,1,1,2,0.0,
Harvard Pilgrim Health Care,employer,https://eusprdtransparencymrfp32.blob.core.windows.net/hphc/2026-09-01_Town-of-Templeton-HPIC_index.json,Harvard Pilgrim Health Care Inc.,THIRD PARTY ADMINISTRATOR,2,2,4,0.0,
Harvard Pilgrim Health Care,employer,https://eusprdtransparencymrfp32.blob.core.windows.net/hphc/2026-09-01_UNITE-HERE-HEALTHLOCAL-26-HPHC_index.json,Harvard Pilgrim Health Care Inc.,THIRD PARTY ADMINISTRATOR,1,1,1,0.0,
Harvard Pilgrim Health Care,employer,https://eusprdtransparencymrfp32.blob.core.windows.net/hphc/2026-09-01_UNITE-HERE-HEALTHLOCAL-26-HPIC_index.json,Harvard Pilgrim Health Care Inc.,THIRD PARTY ADMINISTRATOR,1,1,2,0.0,
Harvard Pilgrim Health Care,employer,https://eusprdtransparencymrfp32.blob.core.windows.net/hphc/2026-09-01_WELLESLEY-COLLEGE-HPHC_index.json,Harvard Pilgrim Health Care Inc.,THIRD PARTY ADMINISTRATOR,1,1,1,0.0,
Harvard Pilgrim Health Care,employer,https://eusprdtransparencymrfp32.blob.core.windows.net/hphc/2026-09-01_WELLESLEY-COLLEGE-HPIC_index.json,Harvard Pilgrim Health Care Inc.,THIRD PARTY ADMINISTRATOR,2,2,4,0.0,
Harvard Pilgrim Health Care,employer,https://eusprdtransparencymrfp32.blob.core.windows.net/hphc/2026-09-01_WHEATON-COLLEGE-HPHC_index.json,Harvard Pilgrim Health Care Inc.,THIRD PARTY ADMINISTRATOR,1,1,1,0.0,
Harvard Pilgrim Health Care,employer,https://eusprdtransparencymrfp32.blob.core.windows.net/hphc/2026-09-01_WHEATON-COLLEGE-HPIC_index.json,Harvard Pilgrim Health Care Inc.,THIRD PARTY ADMINISTRATOR,1,1,2,0.0,
Harvard Pilgrim Health Care,employer,https://eusprdtransparencymrfp32.blob.core.windows.net/hphc/2026-09-01_WILBRAHAM-MONSON-ACADEMY-HPHC_index.json,Harvard Pilgrim Health Care Inc.,THIRD PARTY ADMINISTRATOR,1,1,1,0.0,
Harvard Pilgrim Health Care,employer,https://eusprdtransparencymrfp32.blob.core.windows.net/hphc/2026-09-01_WILBRAHAM-MONSON-ACADEMY-HPIC_index.json,Harvard Pilgrim Health Care Inc.,THIRD PARTY ADMINISTRATOR,2,2,4,0.0,
Harvard Pilgrim Health Care,employer,https://eusprdtransparencymrfp32.blob.core.windows.net/hphc/2026-09-01_WSHG-WEST-SUBURBAN-HEALTH-GROUP-HPHC_index.json,Harvard Pilgrim Health Care Inc.,THIRD PARTY ADMINISTRATOR,2,2,2,0.0,
Harvard Pilgrim Health Care,employer,https://eusprdtransparencymrfp32.blob.core.windows.net/hphc/2026-09-01_WSHG-WEST-SUBURBAN-HEALTH-GROUP-HPIC_index.json,Harvard Pilgrim Health Care Inc.,THIRD PARTY ADMINISTRATOR,1,1,2,0.0,
